==============================================================
  PROJECT ECHO  –  Session 2026-05-17 14:40:52
==============================================================
  File              : logs\echo_2026-05-17_14-40-52.log
--------------------------------------------------------------
  Initial population: 12
  Biomes            : 5  →  fertile(3.0x)  fertile(3.0x)  barren(0.2x)  neutral(1.0x)  neutral(1.0x)
  Initial food      : 20  (cap 60, spawn 3 / 3.0s)
--------------------------------------------------------------
  Hunger decay      : 4.0/s
  Energy wander/seek: 1.2/2.8 /s
  Energy rest rate  : 18.0/s
  Target FPS        : 60
==============================================================

[14:40:54.738] [STATE_CHANGE        ] ECHO-01  | WANDER (2.0s) -> SEEK_FOOD  [normal]  h=56 e=60 s=53
[14:40:54.740] [FOOD_CLAIM          ] ECHO-01  | food at (782,448)
[14:40:54.740] [STATE_CHANGE        ] ECHO-04  | WANDER (2.0s) -> SEEK_FOOD  [normal]  h=63 e=55 s=60
[14:40:54.741] [FOOD_CLAIM          ] ECHO-04  | food at (725,422)
[14:40:54.742] [STATE_CHANGE        ] ECHO-06  | WANDER (2.0s) -> SEEK_FOOD  [normal]  h=58 e=95 s=55
[14:40:54.742] [FOOD_CONTEST        ] ECHO-06  | food at (782,448)
[14:40:54.743] [STATE_CHANGE        ] ECHO-10  | WANDER (2.0s) -> SEEK_FOOD  [normal]  h=65 e=54 s=50
[14:40:54.744] [FOOD_CLAIM          ] ECHO-10  | food at (405,500)
[14:40:54.755] [FOOD_CONTEST        ] ECHO-01  | food at (782,448)
[14:40:54.760] [FOOD_CONTEST        ] ECHO-06  | food at (782,448)
[14:40:54.772] [FOOD_CONTEST        ] ECHO-01  | food at (782,448)
[14:40:54.775] [FOOD_CONTEST        ] ECHO-06  | food at (782,448)
[14:40:54.788] [FOOD_CONTEST        ] ECHO-01  | food at (782,448)
[14:40:54.792] [FOOD_CONTEST        ] ECHO-06  | food at (782,448)
[14:40:54.805] [FOOD_CONTEST        ] ECHO-01  | food at (782,448)
[14:40:54.807] [FOOD_CONTEST        ] ECHO-06  | food at (782,448)
[14:40:54.822] [FOOD_CONTEST        ] ECHO-01  | food at (782,448)
[14:40:54.823] [FOOD_CONTEST        ] ECHO-06  | food at (782,448)
[14:40:54.838] [FOOD_CONTEST        ] ECHO-01  | food at (782,448)
[14:40:54.839] [FOOD_CONTEST        ] ECHO-06  | food at (782,448)
[14:40:54.854] [FOOD_CONTEST        ] ECHO-01  | food at (782,448)
[14:40:54.855] [FOOD_CONTEST        ] ECHO-06  | food at (782,448)
[14:40:54.871] [FOOD_CONTEST        ] ECHO-01  | food at (782,448)
[14:40:54.873] [FOOD_CONTEST        ] ECHO-06  | food at (782,448)
[14:40:54.889] [FOOD_CONTEST        ] ECHO-01  | food at (782,448)
[14:40:54.892] [FOOD_CONTEST        ] ECHO-06  | food at (782,448)
[14:40:54.905] [FOOD_CONTEST        ] ECHO-01  | food at (782,448)
[14:40:54.909] [FOOD_CONTEST        ] ECHO-06  | food at (782,448)
[14:40:54.920] [FOOD_CONTEST        ] ECHO-01  | food at (782,448)
[14:40:54.926] [FOOD_CONTEST        ] ECHO-06  | food at (782,448)
[14:40:54.936] [FOOD_CONTEST        ] ECHO-01  | food at (782,448)
[14:40:54.941] [FOOD_CONTEST        ] ECHO-06  | food at (782,448)
[14:40:54.954] [FOOD_CONTEST        ] ECHO-01  | food at (782,448)
[14:40:54.958] [FOOD_CONTEST        ] ECHO-06  | food at (782,448)
[14:40:54.970] [FOOD_CONTEST        ] ECHO-01  | food at (782,448)
[14:40:54.974] [FOOD_CONTEST        ] ECHO-06  | food at (782,448)
[14:40:54.987] [FOOD_CONTEST        ] ECHO-01  | food at (782,448)
[14:40:54.990] [FOOD_CONTEST        ] ECHO-06  | food at (782,448)
[14:40:55.003] [FOOD_CONTEST        ] ECHO-01  | food at (782,448)
[14:40:55.008] [FOOD_CONTEST        ] ECHO-06  | food at (782,448)
[14:40:55.019] [FOOD_CONTEST        ] ECHO-01  | food at (782,448)
[14:40:55.022] [FOOD_CONTEST        ] ECHO-06  | food at (782,448)
[14:40:55.036] [FOOD_CONTEST        ] ECHO-01  | food at (782,448)
[14:40:55.040] [FOOD_CONTEST        ] ECHO-06  | food at (782,448)
[14:40:55.052] [FOOD_CONTEST        ] ECHO-01  | food at (782,448)
[14:40:55.053] [FOOD_CONTEST        ] ECHO-06  | food at (782,448)
[14:40:55.069] [FOOD_CONTEST        ] ECHO-01  | food at (782,448)
[14:40:55.070] [FOOD_CONTEST        ] ECHO-06  | food at (782,448)
[14:40:55.085] [FOOD_CONTEST        ] ECHO-01  | food at (782,448)
[14:40:55.086] [FOOD_CONTEST        ] ECHO-06  | food at (782,448)
[14:40:55.101] [FOOD_CONTEST        ] ECHO-01  | food at (782,448)
[14:40:55.102] [FOOD_CONTEST        ] ECHO-06  | food at (782,448)
[14:40:55.116] [FOOD_CONTEST        ] ECHO-01  | food at (782,448)
[14:40:55.117] [FOOD_CONTEST        ] ECHO-06  | food at (782,448)
[14:40:55.133] [FOOD_CONTEST        ] ECHO-01  | food at (782,448)
[14:40:55.134] [FOOD_CONTEST        ] ECHO-06  | food at (782,448)
[14:40:55.149] [FOOD_CONTEST        ] ECHO-01  | food at (782,448)
[14:40:55.152] [FOOD_CONTEST        ] ECHO-06  | food at (782,448)
[14:40:55.165] [FOOD_CONTEST        ] ECHO-01  | food at (782,448)
[14:40:55.167] [FOOD_CONTEST        ] ECHO-06  | food at (782,448)
[14:40:55.182] [FOOD_CONTEST        ] ECHO-01  | food at (782,448)
[14:40:55.183] [FOOD_CONTEST        ] ECHO-06  | food at (782,448)
[14:40:55.199] [FOOD_CONTEST        ] ECHO-01  | food at (782,448)
[14:40:55.201] [FOOD_CONTEST        ] ECHO-06  | food at (782,448)
[14:40:55.216] [FOOD_CONTEST        ] ECHO-01  | food at (782,448)
[14:40:55.216] [FOOD_CONTEST        ] ECHO-06  | food at (782,448)
[14:40:55.232] [FOOD_CONTEST        ] ECHO-01  | food at (782,448)
[14:40:55.233] [FOOD_CONTEST        ] ECHO-06  | food at (782,448)
[14:40:55.249] [FOOD_CONTEST        ] ECHO-01  | food at (782,448)
[14:40:55.250] [FOOD_CONTEST        ] ECHO-06  | food at (782,448)
[14:40:55.265] [FOOD_CONTEST        ] ECHO-01  | food at (782,448)
[14:40:55.266] [FOOD_CONTEST        ] ECHO-06  | food at (782,448)
[14:40:55.282] [FOOD_CONTEST        ] ECHO-01  | food at (782,448)
[14:40:55.283] [FOOD_CONTEST        ] ECHO-06  | food at (782,448)
[14:40:55.298] [FOOD_CONTEST        ] ECHO-01  | food at (782,448)
[14:40:55.299] [FOOD_CONTEST        ] ECHO-06  | food at (782,448)
[14:40:55.313] [FOOD_CONTEST        ] ECHO-01  | food at (782,448)
[14:40:55.314] [FOOD_CONTEST        ] ECHO-06  | food at (782,448)
[14:40:55.330] [FOOD_CONTEST        ] ECHO-01  | food at (782,448)
[14:40:55.330] [FOOD_CONTEST        ] ECHO-06  | food at (782,448)
[14:40:55.346] [FOOD_CONTEST        ] ECHO-01  | food at (782,448)
[14:40:55.347] [FOOD_CONTEST        ] ECHO-06  | food at (782,448)
[14:40:55.364] [FOOD_CONTEST        ] ECHO-01  | food at (782,448)
[14:40:55.365] [FOOD_CONTEST        ] ECHO-06  | food at (782,448)
[14:40:55.380] [FOOD_CONTEST        ] ECHO-01  | food at (782,448)
[14:40:55.381] [FOOD_CONTEST        ] ECHO-06  | food at (782,448)
[14:40:55.396] [FOOD_CONTEST        ] ECHO-01  | food at (782,448)
[14:40:55.397] [FOOD_CONTEST        ] ECHO-06  | food at (782,448)
[14:40:55.412] [FOOD_CONTEST        ] ECHO-01  | food at (782,448)
[14:40:55.413] [FOOD_CONTEST        ] ECHO-06  | food at (782,448)
[14:40:55.428] [FOOD_CONTEST        ] ECHO-01  | food at (782,448)
[14:40:55.429] [FOOD_CONTEST        ] ECHO-06  | food at (782,448)
[14:40:55.445] [FOOD_CONTEST        ] ECHO-01  | food at (782,448)
[14:40:55.446] [FOOD_CONTEST        ] ECHO-06  | food at (782,448)
[14:40:55.461] [FOOD_CONTEST        ] ECHO-01  | food at (782,448)
[14:40:55.462] [FOOD_CONTEST        ] ECHO-06  | food at (782,448)
[14:40:55.477] [FOOD_CONTEST        ] ECHO-01  | food at (782,448)
[14:40:55.478] [FOOD_CONTEST        ] ECHO-06  | food at (782,448)
[14:40:55.494] [FOOD_CONTEST        ] ECHO-01  | food at (782,448)
[14:40:55.494] [STATE_CHANGE        ] ECHO-05  | WANDER (2.8s) -> SEEK_FOOD  [normal]  h=55 e=60 s=35
[14:40:55.496] [FOOD_CONTEST        ] ECHO-06  | food at (782,448)
[14:40:55.510] [FOOD_CONTEST        ] ECHO-01  | food at (782,448)
[14:40:55.511] [FOOD_CONTEST        ] ECHO-06  | food at (782,448)
[14:40:55.526] [FOOD_CONTEST        ] ECHO-01  | food at (782,448)
[14:40:55.527] [FOOD_CONTEST        ] ECHO-06  | food at (782,448)
[14:40:55.544] [FOOD_CONTEST        ] ECHO-01  | food at (782,448)
[14:40:55.545] [FOOD_CONTEST        ] ECHO-06  | food at (782,448)
[14:40:55.560] [FOOD_CONTEST        ] ECHO-01  | food at (782,448)
[14:40:55.561] [FOOD_CONTEST        ] ECHO-06  | food at (782,448)
[14:40:55.576] [FOOD_CONTEST        ] ECHO-01  | food at (782,448)
[14:40:55.578] [FOOD_CONTEST        ] ECHO-06  | food at (782,448)
[14:40:55.593] [FOOD_CONTEST        ] ECHO-01  | food at (782,448)
[14:40:55.594] [FOOD_CONTEST        ] ECHO-06  | food at (782,448)
[14:40:55.610] [FOOD_CONTEST        ] ECHO-01  | food at (782,448)
[14:40:55.611] [FOOD_CONTEST        ] ECHO-06  | food at (782,448)
[14:40:55.627] [FOOD_CONTEST        ] ECHO-01  | food at (782,448)
[14:40:55.628] [FOOD_CONTEST        ] ECHO-06  | food at (782,448)
[14:40:55.644] [FOOD_CONTEST        ] ECHO-01  | food at (782,448)
[14:40:55.646] [FOOD_CONTEST        ] ECHO-06  | food at (782,448)
[14:40:55.661] [FOOD_CONTEST        ] ECHO-01  | food at (782,448)
[14:40:55.662] [FOOD_CONTEST        ] ECHO-06  | food at (782,448)
[14:40:55.677] [FOOD_CONTEST        ] ECHO-01  | food at (782,448)
[14:40:55.679] [FOOD_CONTEST        ] ECHO-06  | food at (782,448)
[14:40:55.693] [FOOD_CONTEST        ] ECHO-01  | food at (782,448)
[14:40:55.694] [FOOD_CONTEST        ] ECHO-06  | food at (782,448)
[14:40:55.709] [FOOD_CONTEST        ] ECHO-01  | food at (782,448)
[14:40:55.710] [FOOD_CONTEST        ] ECHO-06  | food at (782,448)
[14:40:55.725] [FOOD_CONTEST        ] ECHO-01  | food at (782,448)
[14:40:55.726] [FOOD_CONTEST        ] ECHO-06  | food at (782,448)
[14:40:55.741] [FOOD_CONTEST        ] ECHO-01  | food at (782,448)
[14:40:55.742] [FOOD_CONTEST        ] ECHO-06  | food at (782,448)
[14:40:55.759] [FOOD_CONTEST        ] ECHO-01  | food at (782,448)
[14:40:55.764] [FOOD_CONTEST        ] ECHO-06  | food at (782,448)
[14:40:55.776] [FOOD_CONTEST        ] ECHO-01  | food at (782,448)
[14:40:55.777] [FOOD_CONTEST        ] ECHO-06  | food at (782,448)
[14:40:55.794] [FOOD_CONTEST        ] ECHO-01  | food at (782,448)
[14:40:55.795] [FOOD_CONTEST        ] ECHO-06  | food at (782,448)
[14:40:55.796] [STATE_CHANGE        ] ECHO-09  | WANDER (3.1s) -> SEEK_FOOD  [normal]  h=55 e=91 s=45
[14:40:55.796] [FOOD_CONTEST        ] ECHO-09  | food at (405,500)
[14:40:55.797] [FOOD_CONTEST        ] ECHO-10  | food at (405,500)
[14:40:55.810] [FOOD_CONTEST        ] ECHO-01  | food at (782,448)
[14:40:55.811] [FOOD_CONTEST        ] ECHO-06  | food at (782,448)
[14:40:55.811] [FOOD_CONTEST        ] ECHO-09  | food at (405,500)
[14:40:55.811] [FOOD_CONTEST        ] ECHO-10  | food at (405,500)
[14:40:55.826] [FOOD_CONTEST        ] ECHO-01  | food at (782,448)
[14:40:55.827] [FOOD_CONTEST        ] ECHO-06  | food at (782,448)
[14:40:55.828] [FOOD_CONTEST        ] ECHO-09  | food at (405,500)
[14:40:55.828] [FOOD_CONTEST        ] ECHO-10  | food at (405,500)
[14:40:55.843] [FOOD_CONTEST        ] ECHO-01  | food at (782,448)
[14:40:55.843] [FOOD_CONTEST        ] ECHO-06  | food at (782,448)
[14:40:55.844] [FOOD_CONTEST        ] ECHO-09  | food at (405,500)
[14:40:55.844] [FOOD_CONTEST        ] ECHO-10  | food at (405,500)
[14:40:55.859] [FOOD_CONTEST        ] ECHO-01  | food at (782,448)
[14:40:55.860] [FOOD_CONTEST        ] ECHO-06  | food at (782,448)
[14:40:55.861] [FOOD_CONTEST        ] ECHO-09  | food at (405,500)
[14:40:55.861] [FOOD_CONTEST        ] ECHO-10  | food at (405,500)
[14:40:55.875] [FOOD_CONTEST        ] ECHO-01  | food at (782,448)
[14:40:55.877] [FOOD_CONTEST        ] ECHO-06  | food at (782,448)
[14:40:55.877] [FOOD_CONTEST        ] ECHO-09  | food at (405,500)
[14:40:55.878] [FOOD_CONTEST        ] ECHO-10  | food at (405,500)
[14:40:55.892] [FOOD_CONTEST        ] ECHO-01  | food at (782,448)
[14:40:55.893] [FOOD_CONTEST        ] ECHO-06  | food at (782,448)
[14:40:55.893] [FOOD_CONTEST        ] ECHO-09  | food at (405,500)
[14:40:55.894] [FOOD_CONTEST        ] ECHO-10  | food at (405,500)
[14:40:55.908] [FOOD_CONTEST        ] ECHO-01  | food at (782,448)
[14:40:55.909] [FOOD_CONTEST        ] ECHO-06  | food at (782,448)
[14:40:55.909] [FOOD_CONTEST        ] ECHO-09  | food at (405,500)
[14:40:55.909] [FOOD_CONTEST        ] ECHO-10  | food at (405,500)
[14:40:55.924] [FOOD_CONTEST        ] ECHO-01  | food at (782,448)
[14:40:55.924] [FOOD_CONTEST        ] ECHO-06  | food at (782,448)
[14:40:55.925] [FOOD_CONTEST        ] ECHO-09  | food at (405,500)
[14:40:55.926] [FOOD_CONTEST        ] ECHO-10  | food at (405,500)
[14:40:55.940] [FOOD_CONTEST        ] ECHO-01  | food at (782,448)
[14:40:55.942] [FOOD_CONTEST        ] ECHO-06  | food at (782,448)
[14:40:55.943] [FOOD_CONTEST        ] ECHO-09  | food at (405,500)
[14:40:55.944] [FOOD_CONTEST        ] ECHO-10  | food at (405,500)
[14:40:55.957] [FOOD_CONTEST        ] ECHO-01  | food at (782,448)
[14:40:55.959] [FOOD_CONTEST        ] ECHO-06  | food at (782,448)
[14:40:55.960] [FOOD_CONTEST        ] ECHO-09  | food at (405,500)
[14:40:55.961] [FOOD_CONTEST        ] ECHO-10  | food at (405,500)
[14:40:55.973] [FOOD_CONTEST        ] ECHO-01  | food at (782,448)
[14:40:55.974] [FOOD_CONTEST        ] ECHO-06  | food at (782,448)
[14:40:55.974] [FOOD_CONTEST        ] ECHO-09  | food at (405,500)
[14:40:55.974] [FOOD_CONTEST        ] ECHO-10  | food at (405,500)
[14:40:55.990] [FOOD_CONTEST        ] ECHO-01  | food at (782,448)
[14:40:55.991] [FOOD_CONTEST        ] ECHO-06  | food at (782,448)
[14:40:55.992] [FOOD_CONTEST        ] ECHO-09  | food at (405,500)
[14:40:55.992] [FOOD_CONTEST        ] ECHO-10  | food at (405,500)
[14:40:56.007] [FOOD_CONTEST        ] ECHO-01  | food at (782,448)
[14:40:56.008] [FOOD_CONTEST        ] ECHO-06  | food at (782,448)
[14:40:56.010] [FOOD_CONTEST        ] ECHO-09  | food at (405,500)
[14:40:56.011] [FOOD_CONTEST        ] ECHO-10  | food at (405,500)
[14:40:56.024] [FOOD_CONTEST        ] ECHO-01  | food at (782,448)
[14:40:56.025] [FOOD_CONTEST        ] ECHO-06  | food at (782,448)
[14:40:56.026] [FOOD_CONTEST        ] ECHO-09  | food at (405,500)
[14:40:56.027] [FOOD_CONTEST        ] ECHO-10  | food at (405,500)
[14:40:56.041] [FOOD_CONTEST        ] ECHO-01  | food at (782,448)
[14:40:56.043] [FOOD_CONTEST        ] ECHO-06  | food at (782,448)
[14:40:56.044] [FOOD_CONTEST        ] ECHO-09  | food at (405,500)
[14:40:56.046] [FOOD_CONTEST        ] ECHO-10  | food at (405,500)
[14:40:56.058] [FOOD_CONTEST        ] ECHO-01  | food at (782,448)
[14:40:56.059] [FOOD_CONTEST        ] ECHO-06  | food at (782,448)
[14:40:56.061] [FOOD_CONTEST        ] ECHO-09  | food at (405,500)
[14:40:56.061] [FOOD_CONTEST        ] ECHO-10  | food at (405,500)
[14:40:56.075] [FOOD_CONTEST        ] ECHO-01  | food at (782,448)
[14:40:56.077] [FOOD_CONTEST        ] ECHO-06  | food at (782,448)
[14:40:56.077] [FOOD_CONTEST        ] ECHO-09  | food at (405,500)
[14:40:56.077] [FOOD_CONTEST        ] ECHO-10  | food at (405,500)
[14:40:56.091] [FOOD_CONTEST        ] ECHO-01  | food at (782,448)
[14:40:56.092] [FOOD_CONTEST        ] ECHO-06  | food at (782,448)
[14:40:56.092] [FOOD_CONTEST        ] ECHO-09  | food at (405,500)
[14:40:56.093] [FOOD_CONTEST        ] ECHO-10  | food at (405,500)
[14:40:56.108] [FOOD_CONTEST        ] ECHO-01  | food at (782,448)
[14:40:56.109] [FOOD_CONTEST        ] ECHO-06  | food at (782,448)
[14:40:56.110] [FOOD_CONTEST        ] ECHO-09  | food at (405,500)
[14:40:56.110] [FOOD_CONTEST        ] ECHO-10  | food at (405,500)
[14:40:56.124] [FOOD_CONTEST        ] ECHO-01  | food at (782,448)
[14:40:56.125] [FOOD_CONTEST        ] ECHO-06  | food at (782,448)
[14:40:56.127] [FOOD_CONTEST        ] ECHO-09  | food at (405,500)
[14:40:56.127] [FOOD_CONTEST        ] ECHO-10  | food at (405,500)
[14:40:56.128] [STATE_CHANGE        ] ECHO-11  | WANDER (3.4s) -> SOCIALIZE  [normal]  h=43 e=62 s=26
[14:40:56.128] [SOCIAL              ] ECHO-11  | interacting with ECHO-02  total=1
[14:40:56.140] [FOOD_CONTEST        ] ECHO-01  | food at (782,448)
[14:40:56.142] [FOOD_CONTEST        ] ECHO-06  | food at (782,448)
[14:40:56.143] [FOOD_CONTEST        ] ECHO-09  | food at (405,500)
[14:40:56.143] [FOOD_CONTEST        ] ECHO-10  | food at (405,500)
[14:40:56.157] [FOOD_CONTEST        ] ECHO-01  | food at (782,448)
[14:40:56.157] [FOOD_CONTEST        ] ECHO-06  | food at (782,448)
[14:40:56.159] [FOOD_CONTEST        ] ECHO-09  | food at (405,500)
[14:40:56.160] [FOOD_CONTEST        ] ECHO-10  | food at (405,500)
[14:40:56.173] [FOOD_CONTEST        ] ECHO-01  | food at (782,448)
[14:40:56.174] [FOOD_CONTEST        ] ECHO-06  | food at (782,448)
[14:40:56.175] [FOOD_CONTEST        ] ECHO-09  | food at (405,500)
[14:40:56.177] [FOOD_CONTEST        ] ECHO-10  | food at (405,500)
[14:40:56.189] [FOOD_CONTEST        ] ECHO-01  | food at (782,448)
[14:40:56.190] [FOOD_CONTEST        ] ECHO-06  | food at (782,448)
[14:40:56.190] [FOOD_CONTEST        ] ECHO-09  | food at (405,500)
[14:40:56.190] [FOOD_CONTEST        ] ECHO-10  | food at (405,500)
[14:40:56.206] [FOOD_CONTEST        ] ECHO-01  | food at (782,448)
[14:40:56.207] [FOOD_CONTEST        ] ECHO-06  | food at (782,448)
[14:40:56.208] [FOOD_CONTEST        ] ECHO-09  | food at (405,500)
[14:40:56.208] [FOOD_CONTEST        ] ECHO-10  | food at (405,500)
[14:40:56.223] [FOOD_CONTEST        ] ECHO-01  | food at (782,448)
[14:40:56.224] [FOOD_CONTEST        ] ECHO-06  | food at (782,448)
[14:40:56.226] [FOOD_CONTEST        ] ECHO-09  | food at (405,500)
[14:40:56.226] [FOOD_CONTEST        ] ECHO-10  | food at (405,500)
[14:40:56.239] [FOOD_CONTEST        ] ECHO-01  | food at (782,448)
[14:40:56.243] [FOOD_CONTEST        ] ECHO-06  | food at (782,448)
[14:40:56.244] [FOOD_CONTEST        ] ECHO-09  | food at (405,500)
[14:40:56.244] [FOOD_CONTEST        ] ECHO-10  | food at (405,500)
[14:40:56.256] [FOOD_CONTEST        ] ECHO-01  | food at (782,448)
[14:40:56.259] [FOOD_CONTEST        ] ECHO-06  | food at (782,448)
[14:40:56.259] [FOOD_CONTEST        ] ECHO-09  | food at (405,500)
[14:40:56.260] [FOOD_CONTEST        ] ECHO-10  | food at (405,500)
[14:40:56.272] [FOOD_CONTEST        ] ECHO-01  | food at (782,448)
[14:40:56.275] [FOOD_CONTEST        ] ECHO-06  | food at (782,448)
[14:40:56.277] [FOOD_CONTEST        ] ECHO-09  | food at (405,500)
[14:40:56.278] [FOOD_CONTEST        ] ECHO-10  | food at (405,500)
[14:40:56.289] [FOOD_CONTEST        ] ECHO-01  | food at (782,448)
[14:40:56.291] [FOOD_CONTEST        ] ECHO-06  | food at (782,448)
[14:40:56.291] [FOOD_CONTEST        ] ECHO-09  | food at (405,500)
[14:40:56.292] [FOOD_CONTEST        ] ECHO-10  | food at (405,500)
[14:40:56.306] [FOOD_CONTEST        ] ECHO-01  | food at (782,448)
[14:40:56.307] [FOOD_CONTEST        ] ECHO-06  | food at (782,448)
[14:40:56.309] [FOOD_CONTEST        ] ECHO-09  | food at (405,500)
[14:40:56.309] [FOOD_CONTEST        ] ECHO-10  | food at (405,500)
[14:40:56.322] [FOOD_CONTEST        ] ECHO-01  | food at (782,448)
[14:40:56.324] [FOOD_CONTEST        ] ECHO-06  | food at (782,448)
[14:40:56.324] [FOOD_CONTEST        ] ECHO-09  | food at (405,500)
[14:40:56.325] [FOOD_CONTEST        ] ECHO-10  | food at (405,500)
[14:40:56.339] [FOOD_CONTEST        ] ECHO-01  | food at (782,448)
[14:40:56.340] [FOOD_CONTEST        ] ECHO-06  | food at (782,448)
[14:40:56.341] [FOOD_CONTEST        ] ECHO-09  | food at (405,500)
[14:40:56.342] [FOOD_CONTEST        ] ECHO-10  | food at (405,500)
[14:40:56.355] [FOOD_CONTEST        ] ECHO-01  | food at (782,448)
[14:40:56.361] [FOOD_CONTEST        ] ECHO-06  | food at (782,448)
[14:40:56.362] [FOOD_CONTEST        ] ECHO-09  | food at (405,500)
[14:40:56.362] [FOOD_CONTEST        ] ECHO-10  | food at (405,500)
[14:40:56.372] [FOOD_CONTEST        ] ECHO-01  | food at (782,448)
[14:40:56.375] [FOOD_CONTEST        ] ECHO-06  | food at (782,448)
[14:40:56.377] [FOOD_CONTEST        ] ECHO-09  | food at (405,500)
[14:40:56.377] [FOOD_CONTEST        ] ECHO-10  | food at (405,500)
[14:40:56.389] [FOOD_CONTEST        ] ECHO-01  | food at (782,448)
[14:40:56.391] [FOOD_CONTEST        ] ECHO-06  | food at (782,448)
[14:40:56.392] [FOOD_CONTEST        ] ECHO-09  | food at (405,500)
[14:40:56.393] [FOOD_CONTEST        ] ECHO-10  | food at (405,500)
[14:40:56.406] [FOOD_CONTEST        ] ECHO-01  | food at (782,448)
[14:40:56.410] [FOOD_CONTEST        ] ECHO-06  | food at (782,448)
[14:40:56.411] [FOOD_CONTEST        ] ECHO-09  | food at (405,500)
[14:40:56.411] [FOOD_CONTEST        ] ECHO-10  | food at (405,500)
[14:40:56.423] [FOOD_CONTEST        ] ECHO-01  | food at (782,448)
[14:40:56.423] [FOOD_CONTEST        ] ECHO-06  | food at (782,448)
[14:40:56.424] [FOOD_CONTEST        ] ECHO-09  | food at (405,500)
[14:40:56.425] [FOOD_CONTEST        ] ECHO-10  | food at (405,500)
[14:40:56.439] [FOOD_CONTEST        ] ECHO-01  | food at (782,448)
[14:40:56.440] [FOOD_CONTEST        ] ECHO-06  | food at (782,448)
[14:40:56.441] [FOOD_CONTEST        ] ECHO-09  | food at (405,500)
[14:40:56.442] [FOOD_CONTEST        ] ECHO-10  | food at (405,500)
[14:40:56.456] [FOOD_CONTEST        ] ECHO-01  | food at (782,448)
[14:40:56.457] [FOOD_CONTEST        ] ECHO-06  | food at (782,448)
[14:40:56.459] [FOOD_CONTEST        ] ECHO-09  | food at (405,500)
[14:40:56.459] [FOOD_CONTEST        ] ECHO-10  | food at (405,500)
[14:40:56.473] [FOOD_CONTEST        ] ECHO-01  | food at (782,448)
[14:40:56.473] [STATE_CHANGE        ] ECHO-02  | WANDER (3.7s) -> SEEK_FOOD  [normal]  h=55 e=63 s=36
[14:40:56.474] [FOOD_CLAIM          ] ECHO-02  | food at (268,421)
[14:40:56.477] [FOOD_CONTEST        ] ECHO-06  | food at (782,448)
[14:40:56.477] [FOOD_CONTEST        ] ECHO-09  | food at (405,500)
[14:40:56.478] [FOOD_CONTEST        ] ECHO-10  | food at (405,500)
[14:40:56.489] [FOOD_CONTEST        ] ECHO-01  | food at (782,448)
[14:40:56.491] [FOOD_CONTEST        ] ECHO-06  | food at (782,448)
[14:40:56.492] [FOOD_CONTEST        ] ECHO-09  | food at (405,500)
[14:40:56.493] [FOOD_CONTEST        ] ECHO-10  | food at (405,500)
[14:40:56.506] [FOOD_CONTEST        ] ECHO-01  | food at (782,448)
[14:40:56.509] [FOOD_CONTEST        ] ECHO-06  | food at (782,448)
[14:40:56.510] [FOOD_CONTEST        ] ECHO-09  | food at (405,500)
[14:40:56.511] [FOOD_CONTEST        ] ECHO-10  | food at (405,500)
[14:40:56.523] [FOOD_CONTEST        ] ECHO-01  | food at (782,448)
[14:40:56.524] [FOOD_CONTEST        ] ECHO-06  | food at (782,448)
[14:40:56.525] [FOOD_CONTEST        ] ECHO-09  | food at (405,500)
[14:40:56.525] [FOOD_CONTEST        ] ECHO-10  | food at (405,500)
[14:40:56.540] [FOOD_CONTEST        ] ECHO-01  | food at (782,448)
[14:40:56.541] [FOOD_CONTEST        ] ECHO-06  | food at (782,448)
[14:40:56.542] [FOOD_CONTEST        ] ECHO-09  | food at (405,500)
[14:40:56.542] [FOOD_CONTEST        ] ECHO-10  | food at (405,500)
[14:40:56.556] [FOOD_CONTEST        ] ECHO-01  | food at (782,448)
[14:40:56.557] [FOOD_CONTEST        ] ECHO-06  | food at (782,448)
[14:40:56.558] [FOOD_CONTEST        ] ECHO-09  | food at (405,500)
[14:40:56.559] [FOOD_CONTEST        ] ECHO-10  | food at (405,500)
[14:40:56.573] [FOOD_CONTEST        ] ECHO-01  | food at (782,448)
[14:40:56.573] [FOOD_CONTEST        ] ECHO-06  | food at (782,448)
[14:40:56.575] [FOOD_CONTEST        ] ECHO-09  | food at (405,500)
[14:40:56.577] [FOOD_CONTEST        ] ECHO-10  | food at (405,500)
[14:40:56.590] [FOOD_CONTEST        ] ECHO-01  | food at (782,448)
[14:40:56.591] [FOOD_CONTEST        ] ECHO-06  | food at (782,448)
[14:40:56.592] [FOOD_CONTEST        ] ECHO-09  | food at (405,500)
[14:40:56.593] [FOOD_CONTEST        ] ECHO-10  | food at (405,500)
[14:40:56.606] [FOOD_CONTEST        ] ECHO-01  | food at (782,448)
[14:40:56.608] [FOOD_CONTEST        ] ECHO-06  | food at (782,448)
[14:40:56.608] [FOOD_CONTEST        ] ECHO-09  | food at (405,500)
[14:40:56.610] [FOOD_CONTEST        ] ECHO-10  | food at (405,500)
[14:40:56.623] [FOOD_CONTEST        ] ECHO-01  | food at (782,448)
[14:40:56.624] [FOOD_CONTEST        ] ECHO-06  | food at (782,448)
[14:40:56.625] [FOOD_CONTEST        ] ECHO-09  | food at (405,500)
[14:40:56.625] [FOOD_CONTEST        ] ECHO-10  | food at (405,500)
[14:40:56.639] [FOOD_CONTEST        ] ECHO-01  | food at (782,448)
[14:40:56.640] [FOOD_CONTEST        ] ECHO-06  | food at (782,448)
[14:40:56.642] [FOOD_CONTEST        ] ECHO-09  | food at (405,500)
[14:40:56.643] [FOOD_CONTEST        ] ECHO-10  | food at (405,500)
[14:40:56.655] [FOOD_CONTEST        ] ECHO-01  | food at (782,448)
[14:40:56.658] [FOOD_CONTEST        ] ECHO-06  | food at (782,448)
[14:40:56.660] [FOOD_CONTEST        ] ECHO-09  | food at (405,500)
[14:40:56.660] [FOOD_CONTEST        ] ECHO-10  | food at (405,500)
[14:40:56.672] [FOOD_CONTEST        ] ECHO-01  | food at (782,448)
[14:40:56.675] [FOOD_CONTEST        ] ECHO-06  | food at (782,448)
[14:40:56.676] [FOOD_CONTEST        ] ECHO-09  | food at (405,500)
[14:40:56.676] [FOOD_CONTEST        ] ECHO-10  | food at (405,500)
[14:40:56.689] [FOOD_CONTEST        ] ECHO-01  | food at (782,448)
[14:40:56.691] [FOOD_CONTEST        ] ECHO-06  | food at (782,448)
[14:40:56.692] [FOOD_CONTEST        ] ECHO-09  | food at (405,500)
[14:40:56.692] [FOOD_CONTEST        ] ECHO-10  | food at (405,500)
[14:40:56.705] [FOOD_CONTEST        ] ECHO-01  | food at (782,448)
[14:40:56.709] [FOOD_CONTEST        ] ECHO-06  | food at (782,448)
[14:40:56.710] [FOOD_CONTEST        ] ECHO-09  | food at (405,500)
[14:40:56.711] [FOOD_CONTEST        ] ECHO-10  | food at (405,500)
[14:40:56.722] [FOOD_CONTEST        ] ECHO-01  | food at (782,448)
[14:40:56.725] [FOOD_CONTEST        ] ECHO-06  | food at (782,448)
[14:40:56.726] [FOOD_CONTEST        ] ECHO-09  | food at (405,500)
[14:40:56.727] [FOOD_CONTEST        ] ECHO-10  | food at (405,500)
[14:40:56.739] [FOOD_CONTEST        ] ECHO-01  | food at (782,448)
[14:40:56.740] [FOOD_CONTEST        ] ECHO-06  | food at (782,448)
[14:40:56.741] [FOOD_CONTEST        ] ECHO-09  | food at (405,500)
[14:40:56.742] [FOOD_CONTEST        ] ECHO-10  | food at (405,500)
[14:40:56.755] [FOOD_CONTEST        ] ECHO-01  | food at (782,448)
[14:40:56.758] [FOOD_CONTEST        ] ECHO-06  | food at (782,448)
[14:40:56.759] [FOOD_CONTEST        ] ECHO-09  | food at (405,500)
[14:40:56.761] [FOOD_CONTEST        ] ECHO-10  | food at (405,500)
[14:40:56.774] [FOOD_CONTEST        ] ECHO-01  | food at (782,448)
[14:40:56.776] [FOOD_CONTEST        ] ECHO-06  | food at (782,448)
[14:40:56.777] [FOOD_CONTEST        ] ECHO-09  | food at (405,500)
[14:40:56.778] [FOOD_CONTEST        ] ECHO-10  | food at (405,500)
[14:40:56.791] [FOOD_CONTEST        ] ECHO-01  | food at (782,448)
[14:40:56.794] [FOOD_CONTEST        ] ECHO-06  | food at (782,448)
[14:40:56.795] [FOOD_CONTEST        ] ECHO-09  | food at (405,500)
[14:40:56.795] [FOOD_CONTEST        ] ECHO-10  | food at (405,500)
[14:40:56.809] [FOOD_CONTEST        ] ECHO-01  | food at (782,448)
[14:40:56.809] [FOOD_CONTEST        ] ECHO-06  | food at (782,448)
[14:40:56.810] [FOOD_CONTEST        ] ECHO-09  | food at (405,500)
[14:40:56.811] [FOOD_CONTEST        ] ECHO-10  | food at (405,500)
[14:40:56.825] [FOOD_CONTEST        ] ECHO-01  | food at (782,448)
[14:40:56.827] [FOOD_CONTEST        ] ECHO-06  | food at (782,448)
[14:40:56.827] [FOOD_CONTEST        ] ECHO-09  | food at (405,500)
[14:40:56.827] [FOOD_CONTEST        ] ECHO-10  | food at (405,500)
[14:40:56.843] [FOOD_CONTEST        ] ECHO-01  | food at (782,448)
[14:40:56.843] [FOOD_CONTEST        ] ECHO-06  | food at (782,448)
[14:40:56.844] [FOOD_CONTEST        ] ECHO-09  | food at (405,500)
[14:40:56.844] [FOOD_CONTEST        ] ECHO-10  | food at (405,500)
[14:40:56.858] [FOOD_CONTEST        ] ECHO-01  | food at (782,448)
[14:40:56.859] [FOOD_CONTEST        ] ECHO-06  | food at (782,448)
[14:40:56.859] [FOOD_CONTEST        ] ECHO-09  | food at (405,500)
[14:40:56.860] [FOOD_CONTEST        ] ECHO-10  | food at (405,500)
[14:40:56.876] [FOOD_CONTEST        ] ECHO-01  | food at (782,448)
[14:40:56.877] [FOOD_CONTEST        ] ECHO-06  | food at (782,448)
[14:40:56.877] [FOOD_CONTEST        ] ECHO-09  | food at (405,500)
[14:40:56.878] [FOOD_CONTEST        ] ECHO-10  | food at (405,500)
[14:40:56.893] [FOOD_CONTEST        ] ECHO-01  | food at (782,448)
[14:40:56.894] [FOOD_CONTEST        ] ECHO-06  | food at (782,448)
[14:40:56.895] [FOOD_CONTEST        ] ECHO-09  | food at (405,500)
[14:40:56.895] [FOOD_CONTEST        ] ECHO-10  | food at (405,500)
[14:40:56.910] [FOOD_CONTEST        ] ECHO-01  | food at (782,448)
[14:40:56.911] [FOOD_CONTEST        ] ECHO-06  | food at (782,448)
[14:40:56.912] [FOOD_CONTEST        ] ECHO-09  | food at (405,500)
[14:40:56.913] [FOOD_CONTEST        ] ECHO-10  | food at (405,500)
[14:40:56.927] [FOOD_CONTEST        ] ECHO-01  | food at (782,448)
[14:40:56.928] [FOOD_CONTEST        ] ECHO-06  | food at (782,448)
[14:40:56.929] [FOOD_CONTEST        ] ECHO-09  | food at (405,500)
[14:40:56.930] [FOOD_CONTEST        ] ECHO-10  | food at (405,500)
[14:40:56.944] [FOOD_CONTEST        ] ECHO-01  | food at (782,448)
[14:40:56.950] [FOOD_CONTEST        ] ECHO-06  | food at (782,448)
[14:40:56.951] [FOOD_CONTEST        ] ECHO-09  | food at (405,500)
[14:40:56.952] [FOOD_CONTEST        ] ECHO-10  | food at (405,500)
[14:40:56.965] [FOOD_CONTEST        ] ECHO-01  | food at (782,448)
[14:40:56.965] [FOOD_CONTEST        ] ECHO-06  | food at (782,448)
[14:40:56.966] [FOOD_CONTEST        ] ECHO-09  | food at (405,500)
[14:40:56.967] [FOOD_CONTEST        ] ECHO-10  | food at (405,500)
[14:40:56.982] [FOOD_CONTEST        ] ECHO-01  | food at (782,448)
[14:40:56.983] [FOOD_CONTEST        ] ECHO-06  | food at (782,448)
[14:40:56.984] [FOOD_CONTEST        ] ECHO-09  | food at (405,500)
[14:40:56.984] [FOOD_CONTEST        ] ECHO-10  | food at (405,500)
[14:40:57.000] [FOOD_CONTEST        ] ECHO-01  | food at (782,448)
[14:40:57.000] [FOOD_CONTEST        ] ECHO-06  | food at (782,448)
[14:40:57.001] [FOOD_CONTEST        ] ECHO-09  | food at (405,500)
[14:40:57.002] [FOOD_CONTEST        ] ECHO-10  | food at (405,500)
[14:40:57.016] [FOOD_CONTEST        ] ECHO-01  | food at (782,448)
[14:40:57.017] [FOOD_CONTEST        ] ECHO-06  | food at (782,448)
[14:40:57.017] [FOOD_CONTEST        ] ECHO-09  | food at (405,500)
[14:40:57.018] [FOOD_CONTEST        ] ECHO-10  | food at (405,500)
[14:40:57.032] [FOOD_CONTEST        ] ECHO-01  | food at (782,448)
[14:40:57.033] [FOOD_CONTEST        ] ECHO-06  | food at (782,448)
[14:40:57.033] [FOOD_CONTEST        ] ECHO-09  | food at (405,500)
[14:40:57.034] [FOOD_CONTEST        ] ECHO-10  | food at (405,500)
[14:40:57.048] [FOOD_CONTEST        ] ECHO-01  | food at (782,448)
[14:40:57.049] [FOOD_CONTEST        ] ECHO-06  | food at (782,448)
[14:40:57.049] [FOOD_CONTEST        ] ECHO-09  | food at (405,500)
[14:40:57.049] [FOOD_CONTEST        ] ECHO-10  | food at (405,500)
[14:40:57.065] [FOOD_CONTEST        ] ECHO-01  | food at (782,448)
[14:40:57.067] [FOOD_CONTEST        ] ECHO-06  | food at (782,448)
[14:40:57.067] [FOOD_CONTEST        ] ECHO-09  | food at (405,500)
[14:40:57.068] [FOOD_CONTEST        ] ECHO-10  | food at (405,500)
[14:40:57.082] [FOOD_CONTEST        ] ECHO-01  | food at (782,448)
[14:40:57.083] [FOOD_CONTEST        ] ECHO-06  | food at (782,448)
[14:40:57.083] [FOOD_CONTEST        ] ECHO-09  | food at (405,500)
[14:40:57.084] [FOOD_CONTEST        ] ECHO-10  | food at (405,500)
[14:40:57.097] [FOOD_CONTEST        ] ECHO-01  | food at (782,448)
[14:40:57.098] [FOOD_CONTEST        ] ECHO-06  | food at (782,448)
[14:40:57.099] [FOOD_CONTEST        ] ECHO-09  | food at (405,500)
[14:40:57.100] [FOOD_CONTEST        ] ECHO-10  | food at (405,500)
[14:40:57.114] [FOOD_CONTEST        ] ECHO-01  | food at (782,448)
[14:40:57.115] [FOOD_CONTEST        ] ECHO-06  | food at (782,448)
[14:40:57.116] [FOOD_CONTEST        ] ECHO-09  | food at (405,500)
[14:40:57.117] [FOOD_CONTEST        ] ECHO-10  | food at (405,500)
[14:40:57.130] [FOOD_CONTEST        ] ECHO-01  | food at (782,448)
[14:40:57.131] [FOOD_CONTEST        ] ECHO-06  | food at (782,448)
[14:40:57.133] [FOOD_CONTEST        ] ECHO-09  | food at (405,500)
[14:40:57.134] [FOOD_CONTEST        ] ECHO-10  | food at (405,500)
[14:40:57.146] [FOOD_CONTEST        ] ECHO-01  | food at (782,448)
[14:40:57.147] [FOOD_CONTEST        ] ECHO-06  | food at (782,448)
[14:40:57.149] [FOOD_CONTEST        ] ECHO-09  | food at (405,500)
[14:40:57.149] [FOOD_CONTEST        ] ECHO-10  | food at (405,500)
[14:40:57.163] [FOOD_CONTEST        ] ECHO-01  | food at (782,448)
[14:40:57.164] [FOOD_CONTEST        ] ECHO-06  | food at (782,448)
[14:40:57.164] [FOOD_CONTEST        ] ECHO-09  | food at (405,500)
[14:40:57.164] [FOOD_CONTEST        ] ECHO-10  | food at (405,500)
[14:40:57.180] [FOOD_CONTEST        ] ECHO-01  | food at (782,448)
[14:40:57.181] [FOOD_CONTEST        ] ECHO-06  | food at (782,448)
[14:40:57.181] [FOOD_CONTEST        ] ECHO-09  | food at (405,500)
[14:40:57.182] [FOOD_CONTEST        ] ECHO-10  | food at (405,500)
[14:40:57.196] [FOOD_CONTEST        ] ECHO-01  | food at (782,448)
[14:40:57.197] [FOOD_CONTEST        ] ECHO-06  | food at (782,448)
[14:40:57.198] [FOOD_CONTEST        ] ECHO-09  | food at (405,500)
[14:40:57.199] [FOOD_CONTEST        ] ECHO-10  | food at (405,500)
[14:40:57.213] [FOOD_CONTEST        ] ECHO-01  | food at (782,448)
[14:40:57.213] [FOOD_CONTEST        ] ECHO-06  | food at (782,448)
[14:40:57.215] [FOOD_CONTEST        ] ECHO-09  | food at (405,500)
[14:40:57.215] [FOOD_CONTEST        ] ECHO-10  | food at (405,500)
[14:40:57.229] [FOOD_CONTEST        ] ECHO-01  | food at (782,448)
[14:40:57.231] [FOOD_CONTEST        ] ECHO-06  | food at (782,448)
[14:40:57.232] [FOOD_CONTEST        ] ECHO-09  | food at (405,500)
[14:40:57.232] [FOOD_CONTEST        ] ECHO-10  | food at (405,500)
[14:40:57.246] [FOOD_CONTEST        ] ECHO-01  | food at (782,448)
[14:40:57.246] [IDLE_ENTER          ] ECHO-03  | pausing for 2.3s
[14:40:57.247] [FOOD_CONTEST        ] ECHO-06  | food at (782,448)
[14:40:57.247] [IDLE_ENTER          ] ECHO-08  | pausing for 3.5s
[14:40:57.247] [FOOD_CONTEST        ] ECHO-09  | food at (405,500)
[14:40:57.248] [FOOD_CONTEST        ] ECHO-10  | food at (405,500)
[14:40:57.262] [FOOD_CONTEST        ] ECHO-01  | food at (782,448)
[14:40:57.262] [FOOD_CONTEST        ] ECHO-06  | food at (782,448)
[14:40:57.263] [FOOD_CONTEST        ] ECHO-09  | food at (405,500)
[14:40:57.264] [FOOD_CONTEST        ] ECHO-10  | food at (405,500)
[14:40:57.279] [FOOD_CONTEST        ] ECHO-01  | food at (782,448)
[14:40:57.279] [FOOD_CONTEST        ] ECHO-06  | food at (782,448)
[14:40:57.280] [FOOD_CONTEST        ] ECHO-09  | food at (405,500)
[14:40:57.281] [FOOD_CONTEST        ] ECHO-10  | food at (405,500)
[14:40:57.295] [FOOD_CONTEST        ] ECHO-01  | food at (782,448)
[14:40:57.296] [FOOD_CONTEST        ] ECHO-06  | food at (782,448)
[14:40:57.297] [FOOD_CONTEST        ] ECHO-09  | food at (405,500)
[14:40:57.297] [FOOD_CONTEST        ] ECHO-10  | food at (405,500)
[14:40:57.310] [FOOD_CONTEST        ] ECHO-01  | food at (782,448)
[14:40:57.312] [FOOD_CONTEST        ] ECHO-06  | food at (782,448)
[14:40:57.312] [FOOD_CONTEST        ] ECHO-09  | food at (405,500)
[14:40:57.313] [FOOD_CONTEST        ] ECHO-10  | food at (405,500)
[14:40:57.328] [FOOD_CONTEST        ] ECHO-01  | food at (782,448)
[14:40:57.329] [FOOD_CONTEST        ] ECHO-06  | food at (782,448)
[14:40:57.330] [FOOD_CONTEST        ] ECHO-09  | food at (405,500)
[14:40:57.330] [FOOD_CONTEST        ] ECHO-10  | food at (405,500)
[14:40:57.344] [FOOD_CONTEST        ] ECHO-01  | food at (782,448)
[14:40:57.344] [FOOD_CONTEST        ] ECHO-06  | food at (782,448)
[14:40:57.345] [FOOD_CONTEST        ] ECHO-09  | food at (405,500)
[14:40:57.346] [FOOD_CONTEST        ] ECHO-10  | food at (405,500)
[14:40:57.360] [FOOD_CONTEST        ] ECHO-01  | food at (782,448)
[14:40:57.361] [FOOD_CONTEST        ] ECHO-06  | food at (782,448)
[14:40:57.361] [FOOD_CONTEST        ] ECHO-09  | food at (405,500)
[14:40:57.362] [FOOD_CONTEST        ] ECHO-10  | food at (405,500)
[14:40:57.377] [FOOD_CONTEST        ] ECHO-01  | food at (782,448)
[14:40:57.377] [FOOD_CONTEST        ] ECHO-06  | food at (782,448)
[14:40:57.377] [FOOD_CONTEST        ] ECHO-09  | food at (405,500)
[14:40:57.378] [FOOD_CONTEST        ] ECHO-10  | food at (405,500)
[14:40:57.392] [FOOD_CONTEST        ] ECHO-01  | food at (782,448)
[14:40:57.394] [FOOD_CONTEST        ] ECHO-06  | food at (782,448)
[14:40:57.394] [FOOD_CONTEST        ] ECHO-09  | food at (405,500)
[14:40:57.395] [FOOD_CONTEST        ] ECHO-10  | food at (405,500)
[14:40:57.410] [FOOD_CONTEST        ] ECHO-01  | food at (782,448)
[14:40:57.447] [FOOD_CONTEST        ] ECHO-06  | food at (782,448)
[14:40:57.448] [FOOD_CONTEST        ] ECHO-09  | food at (405,500)
[14:40:57.459] [FOOD_CONTEST        ] ECHO-10  | food at (405,500)
[14:40:57.492] [FOOD_CONTEST        ] ECHO-01  | food at (782,448)
[14:40:57.498] [FOOD_CONTEST        ] ECHO-06  | food at (782,448)
[14:40:57.511] [FOOD_CONTEST        ] ECHO-09  | food at (405,500)
[14:40:57.530] [FOOD_CONTEST        ] ECHO-10  | food at (405,500)
[14:40:57.548] [FOOD_CONTEST        ] ECHO-01  | food at (782,448)
[14:40:57.570] [FOOD_CONTEST        ] ECHO-06  | food at (782,448)
[14:40:57.574] [FOOD_CONTEST        ] ECHO-09  | food at (405,500)
[14:40:57.584] [FOOD_CONTEST        ] ECHO-10  | food at (405,500)
[14:40:57.617] [FOOD_CONTEST        ] ECHO-01  | food at (782,448)
[14:40:57.630] [FOOD_CONTEST        ] ECHO-06  | food at (782,448)
[14:40:57.632] [FOOD_CONTEST        ] ECHO-09  | food at (405,500)
[14:40:57.632] [FOOD_CONTEST        ] ECHO-10  | food at (405,500)
[14:40:57.665] [FOOD_CONTEST        ] ECHO-01  | food at (782,448)
[14:40:57.674] [FOOD_CONTEST        ] ECHO-06  | food at (782,448)
[14:40:57.675] [FOOD_CONTEST        ] ECHO-09  | food at (405,500)
[14:40:57.678] [FOOD_CONTEST        ] ECHO-10  | food at (405,500)
[14:40:57.683] [FOOD_CONTEST        ] ECHO-01  | food at (782,448)
[14:40:57.692] [FOOD_CONTEST        ] ECHO-06  | food at (782,448)
[14:40:57.693] [FOOD_FOUND          ] ECHO-06  | ate at (789, 455)  total=1
[14:40:57.693] [RIVALRY             ] ECHO-06  | with ECHO-01  | affinity=  -3.0 (Δ-3.0)
[14:40:57.693] [FOOD_CONTEST        ] ECHO-09  | food at (405,500)
[14:40:57.694] [FOOD_CONTEST        ] ECHO-10  | food at (405,500)
[14:40:57.699] [TARGET_SWITCH       ] ECHO-01  | (782,448) -> (979,543)
[14:40:57.700] [FOOD_CLAIM          ] ECHO-01  | food at (979,543)
[14:40:57.701] [STATE_CHANGE        ] ECHO-06  | SEEK_FOOD (2.9s) -> WANDER  [normal]  h=35 e=87 s=51
[14:40:57.701] [FOOD_CONTEST        ] ECHO-09  | food at (405,500)
[14:40:57.701] [FOOD_CONTEST        ] ECHO-10  | food at (405,500)
[14:40:57.715] [FOOD_CONTEST        ] ECHO-09  | food at (405,500)
[14:40:57.717] [FOOD_CONTEST        ] ECHO-10  | food at (405,500)
[14:40:57.732] [FOOD_CONTEST        ] ECHO-09  | food at (405,500)
[14:40:57.743] [FOOD_CONTEST        ] ECHO-10  | food at (405,500)
[14:40:57.749] [FOOD_CONTEST        ] ECHO-09  | food at (405,500)
[14:40:57.751] [FOOD_CONTEST        ] ECHO-10  | food at (405,500)
[14:40:57.766] [FOOD_CONTEST        ] ECHO-09  | food at (405,500)
[14:40:57.783] [FOOD_CONTEST        ] ECHO-10  | food at (405,500)
[14:40:57.788] [FOOD_CONTEST        ] ECHO-09  | food at (405,500)
[14:40:57.789] [FOOD_CONTEST        ] ECHO-10  | food at (405,500)
[14:40:57.805] [FOOD_CONTEST        ] ECHO-09  | food at (405,500)
[14:40:57.806] [FOOD_CONTEST        ] ECHO-10  | food at (405,500)
[14:40:57.807] [STATS               ]          | pop=12  avg_hunger= 56.4  avg_energy= 63.2  hungry=6  social_events=1
[14:40:57.822] [FOOD_CONTEST        ] ECHO-09  | food at (405,500)
[14:40:57.823] [FOOD_CONTEST        ] ECHO-10  | food at (405,500)
[14:40:57.840] [FOOD_CONTEST        ] ECHO-09  | food at (405,500)
[14:40:57.842] [FOOD_CONTEST        ] ECHO-10  | food at (405,500)
[14:40:57.857] [FOOD_CONTEST        ] ECHO-09  | food at (405,500)
[14:40:57.858] [FOOD_CONTEST        ] ECHO-10  | food at (405,500)
[14:40:57.872] [FOOD_CONTEST        ] ECHO-09  | food at (405,500)
[14:40:57.877] [FOOD_CONTEST        ] ECHO-10  | food at (405,500)
[14:40:57.889] [FOOD_CONTEST        ] ECHO-09  | food at (405,500)
[14:40:57.892] [FOOD_CONTEST        ] ECHO-10  | food at (405,500)
[14:40:57.906] [FOOD_CONTEST        ] ECHO-09  | food at (405,500)
[14:40:57.907] [FOOD_CONTEST        ] ECHO-10  | food at (405,500)
[14:40:57.922] [FOOD_CONTEST        ] ECHO-09  | food at (405,500)
[14:40:57.924] [FOOD_CONTEST        ] ECHO-10  | food at (405,500)
[14:40:57.940] [FOOD_CONTEST        ] ECHO-09  | food at (405,500)
[14:40:57.941] [FOOD_CONTEST        ] ECHO-10  | food at (405,500)
[14:40:57.956] [FOOD_CONTEST        ] ECHO-09  | food at (405,500)
[14:40:57.958] [FOOD_CONTEST        ] ECHO-10  | food at (405,500)
[14:40:57.974] [FOOD_CONTEST        ] ECHO-09  | food at (405,500)
[14:40:57.974] [FOOD_CONTEST        ] ECHO-10  | food at (405,500)
[14:40:57.991] [FOOD_CONTEST        ] ECHO-09  | food at (405,500)
[14:40:57.992] [FOOD_CONTEST        ] ECHO-10  | food at (405,500)
[14:40:58.007] [FOOD_CONTEST        ] ECHO-09  | food at (405,500)
[14:40:58.008] [FOOD_CONTEST        ] ECHO-10  | food at (405,500)
[14:40:58.023] [FOOD_CONTEST        ] ECHO-09  | food at (405,500)
[14:40:58.025] [FOOD_CONTEST        ] ECHO-10  | food at (405,500)
[14:40:58.040] [FOOD_CONTEST        ] ECHO-09  | food at (405,500)
[14:40:58.042] [FOOD_CONTEST        ] ECHO-10  | food at (405,500)
[14:40:58.057] [FOOD_CONTEST        ] ECHO-09  | food at (405,500)
[14:40:58.058] [FOOD_CONTEST        ] ECHO-10  | food at (405,500)
[14:40:58.073] [FOOD_CONTEST        ] ECHO-09  | food at (405,500)
[14:40:58.074] [FOOD_CONTEST        ] ECHO-10  | food at (405,500)
[14:40:58.090] [FOOD_CONTEST        ] ECHO-09  | food at (405,500)
[14:40:58.091] [FOOD_CONTEST        ] ECHO-10  | food at (405,500)
[14:40:58.107] [FOOD_CONTEST        ] ECHO-09  | food at (405,500)
[14:40:58.108] [FOOD_CONTEST        ] ECHO-10  | food at (405,500)
[14:40:58.124] [FOOD_CONTEST        ] ECHO-09  | food at (405,500)
[14:40:58.126] [FOOD_CONTEST        ] ECHO-10  | food at (405,500)
[14:40:58.140] [FOOD_CLAIM          ] ECHO-05  | food at (1007,591)
[14:40:58.141] [FOOD_CONTEST        ] ECHO-09  | food at (405,500)
[14:40:58.142] [FOOD_CONTEST        ] ECHO-10  | food at (405,500)
[14:40:58.157] [FOOD_CONTEST        ] ECHO-09  | food at (405,500)
[14:40:58.159] [FOOD_CONTEST        ] ECHO-10  | food at (405,500)
[14:40:58.173] [FOOD_CONTEST        ] ECHO-09  | food at (405,500)
[14:40:58.174] [FOOD_CONTEST        ] ECHO-10  | food at (405,500)
[14:40:58.192] [FOOD_CONTEST        ] ECHO-09  | food at (405,500)
[14:40:58.194] [FOOD_CONTEST        ] ECHO-10  | food at (405,500)
[14:40:58.208] [FOOD_CONTEST        ] ECHO-09  | food at (405,500)
[14:40:58.209] [FOOD_CONTEST        ] ECHO-10  | food at (405,500)
[14:40:58.224] [FOOD_CONTEST        ] ECHO-09  | food at (405,500)
[14:40:58.225] [FOOD_CONTEST        ] ECHO-10  | food at (405,500)
[14:40:58.241] [FOOD_CONTEST        ] ECHO-09  | food at (405,500)
[14:40:58.242] [FOOD_CONTEST        ] ECHO-10  | food at (405,500)
[14:40:58.258] [FOOD_CONTEST        ] ECHO-09  | food at (405,500)
[14:40:58.259] [FOOD_CONTEST        ] ECHO-10  | food at (405,500)
[14:40:58.275] [FOOD_CONTEST        ] ECHO-09  | food at (405,500)
[14:40:58.277] [FOOD_CONTEST        ] ECHO-10  | food at (405,500)
[14:40:58.291] [FOOD_CONTEST        ] ECHO-09  | food at (405,500)
[14:40:58.292] [FOOD_CONTEST        ] ECHO-10  | food at (405,500)
[14:40:58.308] [FOOD_CONTEST        ] ECHO-09  | food at (405,500)
[14:40:58.308] [FOOD_CONTEST        ] ECHO-10  | food at (405,500)
[14:40:58.325] [STATE_CHANGE        ] ECHO-03  | WANDER (5.5s) -> SEEK_FOOD  [normal]  h=55 e=60 s=61
[14:40:58.326] [FOOD_CLAIM          ] ECHO-03  | food at (387,512)
[14:40:58.327] [FOOD_CONTEST        ] ECHO-09  | food at (405,500)
[14:40:58.327] [FOOD_CONTEST        ] ECHO-10  | food at (405,500)
[14:40:58.342] [FOOD_CONTEST        ] ECHO-09  | food at (405,500)
[14:40:58.344] [FOOD_CONTEST        ] ECHO-10  | food at (405,500)
[14:40:58.359] [FOOD_CONTEST        ] ECHO-09  | food at (405,500)
[14:40:58.360] [FOOD_CONTEST        ] ECHO-10  | food at (405,500)
[14:40:58.376] [FOOD_CONTEST        ] ECHO-09  | food at (405,500)
[14:40:58.376] [FOOD_CONTEST        ] ECHO-10  | food at (405,500)
[14:40:58.393] [FOOD_CONTEST        ] ECHO-09  | food at (405,500)
[14:40:58.394] [FOOD_CONTEST        ] ECHO-10  | food at (405,500)
[14:40:58.408] [FOOD_CONTEST        ] ECHO-09  | food at (405,500)
[14:40:58.409] [FOOD_CONTEST        ] ECHO-10  | food at (405,500)
[14:40:58.425] [FOOD_CONTEST        ] ECHO-09  | food at (405,500)
[14:40:58.426] [FOOD_CONTEST        ] ECHO-10  | food at (405,500)
[14:40:58.442] [FOOD_CONTEST        ] ECHO-09  | food at (405,500)
[14:40:58.442] [FOOD_CONTEST        ] ECHO-10  | food at (405,500)
[14:40:58.458] [FOOD_CONTEST        ] ECHO-09  | food at (405,500)
[14:40:58.458] [FOOD_CONTEST        ] ECHO-10  | food at (405,500)
[14:40:58.474] [FOOD_CONTEST        ] ECHO-09  | food at (405,500)
[14:40:58.476] [FOOD_CONTEST        ] ECHO-10  | food at (405,500)
[14:40:58.490] [FOOD_CONTEST        ] ECHO-09  | food at (405,500)
[14:40:58.492] [FOOD_CONTEST        ] ECHO-10  | food at (405,500)
[14:40:58.506] [FOOD_CONTEST        ] ECHO-09  | food at (405,500)
[14:40:58.509] [FOOD_CONTEST        ] ECHO-10  | food at (405,500)
[14:40:58.523] [FOOD_CONTEST        ] ECHO-09  | food at (405,500)
[14:40:58.526] [FOOD_CONTEST        ] ECHO-10  | food at (405,500)
[14:40:58.541] [FOOD_CONTEST        ] ECHO-09  | food at (405,500)
[14:40:58.542] [FOOD_CONTEST        ] ECHO-10  | food at (405,500)
[14:40:58.557] [FOOD_CONTEST        ] ECHO-09  | food at (405,500)
[14:40:58.559] [FOOD_CONTEST        ] ECHO-10  | food at (405,500)
[14:40:58.573] [FOOD_CONTEST        ] ECHO-09  | food at (405,500)
[14:40:58.575] [FOOD_CONTEST        ] ECHO-10  | food at (405,500)
[14:40:58.590] [FOOD_CONTEST        ] ECHO-09  | food at (405,500)
[14:40:58.593] [FOOD_CONTEST        ] ECHO-10  | food at (405,500)
[14:40:58.606] [FOOD_CONTEST        ] ECHO-09  | food at (405,500)
[14:40:58.610] [FOOD_CONTEST        ] ECHO-10  | food at (405,500)
[14:40:58.622] [FOOD_CONTEST        ] ECHO-09  | food at (405,500)
[14:40:58.623] [FOOD_CONTEST        ] ECHO-10  | food at (405,500)
[14:40:58.640] [FOOD_CONTEST        ] ECHO-09  | food at (405,500)
[14:40:58.642] [FOOD_CONTEST        ] ECHO-10  | food at (405,500)
[14:40:58.657] [FOOD_CONTEST        ] ECHO-09  | food at (405,500)
[14:40:58.658] [FOOD_CONTEST        ] ECHO-10  | food at (405,500)
[14:40:58.673] [FOOD_CONTEST        ] ECHO-09  | food at (405,500)
[14:40:58.675] [FOOD_CONTEST        ] ECHO-10  | food at (405,500)
[14:40:58.691] [FOOD_CONTEST        ] ECHO-09  | food at (405,500)
[14:40:58.692] [FOOD_CONTEST        ] ECHO-10  | food at (405,500)
[14:40:58.706] [FOOD_CONTEST        ] ECHO-09  | food at (405,500)
[14:40:58.707] [FOOD_CONTEST        ] ECHO-10  | food at (405,500)
[14:40:58.723] [FOOD_CONTEST        ] ECHO-09  | food at (405,500)
[14:40:58.725] [FOOD_CONTEST        ] ECHO-10  | food at (405,500)
[14:40:58.741] [FOOD_CONTEST        ] ECHO-09  | food at (405,500)
[14:40:58.743] [FOOD_CONTEST        ] ECHO-10  | food at (405,500)
[14:40:58.758] [FOOD_CONTEST        ] ECHO-09  | food at (405,500)
[14:40:58.760] [FOOD_CONTEST        ] ECHO-10  | food at (405,500)
[14:40:58.776] [FOOD_CONTEST        ] ECHO-09  | food at (405,500)
[14:40:58.777] [FOOD_CONTEST        ] ECHO-10  | food at (405,500)
[14:40:58.794] [FOOD_CONTEST        ] ECHO-09  | food at (405,500)
[14:40:58.795] [FOOD_CONTEST        ] ECHO-10  | food at (405,500)
[14:40:58.810] [FOOD_CONTEST        ] ECHO-09  | food at (405,500)
[14:40:58.810] [FOOD_CONTEST        ] ECHO-10  | food at (405,500)
[14:40:58.826] [FOOD_CONTEST        ] ECHO-09  | food at (405,500)
[14:40:58.827] [FOOD_CONTEST        ] ECHO-10  | food at (405,500)
[14:40:58.842] [FOOD_CONTEST        ] ECHO-09  | food at (405,500)
[14:40:58.842] [FOOD_CONTEST        ] ECHO-10  | food at (405,500)
[14:40:58.859] [FOOD_CONTEST        ] ECHO-09  | food at (405,500)
[14:40:58.859] [FOOD_CONTEST        ] ECHO-10  | food at (405,500)
[14:40:58.876] [FOOD_CONTEST        ] ECHO-09  | food at (405,500)
[14:40:58.877] [FOOD_CONTEST        ] ECHO-10  | food at (405,500)
[14:40:58.893] [FOOD_CONTEST        ] ECHO-09  | food at (405,500)
[14:40:58.895] [FOOD_CONTEST        ] ECHO-10  | food at (405,500)
[14:40:58.909] [FOOD_CONTEST        ] ECHO-09  | food at (405,500)
[14:40:58.910] [FOOD_CONTEST        ] ECHO-10  | food at (405,500)
[14:40:58.926] [FOOD_CONTEST        ] ECHO-09  | food at (405,500)
[14:40:58.927] [FOOD_CONTEST        ] ECHO-10  | food at (405,500)
[14:40:58.942] [FOOD_CONTEST        ] ECHO-09  | food at (405,500)
[14:40:58.944] [FOOD_CONTEST        ] ECHO-10  | food at (405,500)
[14:40:58.958] [FOOD_CONTEST        ] ECHO-09  | food at (405,500)
[14:40:58.959] [FOOD_CONTEST        ] ECHO-10  | food at (405,500)
[14:40:58.975] [FOOD_CONTEST        ] ECHO-09  | food at (405,500)
[14:40:58.975] [FOOD_CONTEST        ] ECHO-10  | food at (405,500)
[14:40:58.991] [FOOD_CONTEST        ] ECHO-09  | food at (405,500)
[14:40:58.992] [FOOD_CONTEST        ] ECHO-10  | food at (405,500)
[14:40:59.008] [FOOD_CONTEST        ] ECHO-09  | food at (405,500)
[14:40:59.009] [FOOD_CONTEST        ] ECHO-10  | food at (405,500)
[14:40:59.025] [FOOD_CONTEST        ] ECHO-09  | food at (405,500)
[14:40:59.027] [FOOD_CONTEST        ] ECHO-10  | food at (405,500)
[14:40:59.041] [FOOD_CONTEST        ] ECHO-09  | food at (405,500)
[14:40:59.042] [FOOD_CONTEST        ] ECHO-10  | food at (405,500)
[14:40:59.059] [FOOD_CONTEST        ] ECHO-09  | food at (405,500)
[14:40:59.059] [FOOD_CONTEST        ] ECHO-10  | food at (405,500)
[14:40:59.075] [FOOD_CONTEST        ] ECHO-09  | food at (405,500)
[14:40:59.076] [FOOD_CONTEST        ] ECHO-10  | food at (405,500)
[14:40:59.093] [FOOD_CONTEST        ] ECHO-09  | food at (405,500)
[14:40:59.093] [FOOD_CONTEST        ] ECHO-10  | food at (405,500)
[14:40:59.109] [FOOD_CONTEST        ] ECHO-09  | food at (405,500)
[14:40:59.109] [FOOD_CONTEST        ] ECHO-10  | food at (405,500)
[14:40:59.126] [FOOD_CONTEST        ] ECHO-09  | food at (405,500)
[14:40:59.126] [FOOD_CONTEST        ] ECHO-10  | food at (405,500)
[14:40:59.143] [FOOD_CONTEST        ] ECHO-09  | food at (405,500)
[14:40:59.143] [FOOD_CONTEST        ] ECHO-10  | food at (405,500)
[14:40:59.160] [FOOD_CONTEST        ] ECHO-09  | food at (405,500)
[14:40:59.161] [FOOD_CONTEST        ] ECHO-10  | food at (405,500)
[14:40:59.177] [FOOD_CONTEST        ] ECHO-09  | food at (405,500)
[14:40:59.177] [FOOD_CONTEST        ] ECHO-10  | food at (405,500)
[14:40:59.193] [FOOD_CONTEST        ] ECHO-09  | food at (405,500)
[14:40:59.193] [FOOD_CONTEST        ] ECHO-10  | food at (405,500)
[14:40:59.209] [STATE_CHANGE        ] ECHO-07  | WANDER (6.4s) -> SEEK_FOOD  [normal]  h=55 e=56 s=33
[14:40:59.209] [FOOD_CONTEST        ] ECHO-07  | food at (1007,591)
[14:40:59.209] [FOOD_CONTEST        ] ECHO-09  | food at (405,500)
[14:40:59.210] [FOOD_CONTEST        ] ECHO-10  | food at (405,500)
[14:40:59.225] [FOOD_CONTEST        ] ECHO-05  | food at (1007,591)
[14:40:59.226] [FOOD_CONTEST        ] ECHO-07  | food at (1007,591)
[14:40:59.226] [FOOD_CONTEST        ] ECHO-09  | food at (405,500)
[14:40:59.226] [FOOD_CONTEST        ] ECHO-10  | food at (405,500)
[14:40:59.227] [STATE_CHANGE        ] ECHO-11  | SOCIALIZE (3.0s) -> SEEK_FOOD  [normal]  h=55 e=58 s=50  tgt=27px
[14:40:59.227] [TARGET_SWITCH       ] ECHO-11  | (257,474) -> (226,418)
[14:40:59.228] [FOOD_CLAIM          ] ECHO-11  | food at (226,418)
[14:40:59.241] [FOOD_CONTEST        ] ECHO-05  | food at (1007,591)
[14:40:59.241] [FOOD_CONTEST        ] ECHO-07  | food at (1007,591)
[14:40:59.242] [FOOD_CONTEST        ] ECHO-09  | food at (405,500)
[14:40:59.242] [FOOD_CONTEST        ] ECHO-10  | food at (405,500)
[14:40:59.258] [FOOD_CONTEST        ] ECHO-05  | food at (1007,591)
[14:40:59.258] [FOOD_CONTEST        ] ECHO-07  | food at (1007,591)
[14:40:59.258] [FOOD_CONTEST        ] ECHO-09  | food at (405,500)
[14:40:59.259] [FOOD_CONTEST        ] ECHO-10  | food at (405,500)
[14:40:59.274] [FOOD_CONTEST        ] ECHO-05  | food at (1007,591)
[14:40:59.276] [FOOD_CONTEST        ] ECHO-07  | food at (1007,591)
[14:40:59.276] [FOOD_CONTEST        ] ECHO-09  | food at (405,500)
[14:40:59.276] [FOOD_CONTEST        ] ECHO-10  | food at (405,500)
[14:40:59.290] [FOOD_CONTEST        ] ECHO-05  | food at (1007,591)
[14:40:59.291] [FOOD_CONTEST        ] ECHO-07  | food at (1007,591)
[14:40:59.291] [FOOD_CONTEST        ] ECHO-09  | food at (405,500)
[14:40:59.291] [FOOD_CONTEST        ] ECHO-10  | food at (405,500)
[14:40:59.307] [FOOD_CONTEST        ] ECHO-05  | food at (1007,591)
[14:40:59.308] [FOOD_CONTEST        ] ECHO-07  | food at (1007,591)
[14:40:59.308] [FOOD_CONTEST        ] ECHO-09  | food at (405,500)
[14:40:59.309] [FOOD_CONTEST        ] ECHO-10  | food at (405,500)
[14:40:59.324] [FOOD_CONTEST        ] ECHO-05  | food at (1007,591)
[14:40:59.325] [FOOD_CONTEST        ] ECHO-07  | food at (1007,591)
[14:40:59.326] [FOOD_CONTEST        ] ECHO-09  | food at (405,500)
[14:40:59.326] [FOOD_CONTEST        ] ECHO-10  | food at (405,500)
[14:40:59.340] [FOOD_CONTEST        ] ECHO-05  | food at (1007,591)
[14:40:59.341] [FOOD_CONTEST        ] ECHO-07  | food at (1007,591)
[14:40:59.341] [FOOD_CONTEST        ] ECHO-09  | food at (405,500)
[14:40:59.341] [FOOD_CONTEST        ] ECHO-10  | food at (405,500)
[14:40:59.356] [FOOD_CONTEST        ] ECHO-05  | food at (1007,591)
[14:40:59.358] [FOOD_CONTEST        ] ECHO-07  | food at (1007,591)
[14:40:59.358] [FOOD_CONTEST        ] ECHO-09  | food at (405,500)
[14:40:59.358] [FOOD_CONTEST        ] ECHO-10  | food at (405,500)
[14:40:59.374] [FOOD_CONTEST        ] ECHO-05  | food at (1007,591)
[14:40:59.375] [FOOD_CONTEST        ] ECHO-07  | food at (1007,591)
[14:40:59.375] [FOOD_CONTEST        ] ECHO-09  | food at (405,500)
[14:40:59.376] [FOOD_CONTEST        ] ECHO-10  | food at (405,500)
[14:40:59.389] [FOOD_CONTEST        ] ECHO-05  | food at (1007,591)
[14:40:59.390] [FOOD_CONTEST        ] ECHO-07  | food at (1007,591)
[14:40:59.391] [FOOD_CONTEST        ] ECHO-09  | food at (405,500)
[14:40:59.392] [FOOD_CONTEST        ] ECHO-10  | food at (405,500)
[14:40:59.406] [FOOD_CONTEST        ] ECHO-05  | food at (1007,591)
[14:40:59.406] [FOOD_CONTEST        ] ECHO-07  | food at (1007,591)
[14:40:59.406] [FOOD_CONTEST        ] ECHO-09  | food at (405,500)
[14:40:59.406] [FOOD_CONTEST        ] ECHO-10  | food at (405,500)
[14:40:59.423] [FOOD_CONTEST        ] ECHO-05  | food at (1007,591)
[14:40:59.425] [FOOD_CONTEST        ] ECHO-07  | food at (1007,591)
[14:40:59.425] [FOOD_CONTEST        ] ECHO-09  | food at (405,500)
[14:40:59.425] [FOOD_CONTEST        ] ECHO-10  | food at (405,500)
[14:40:59.440] [FOOD_CONTEST        ] ECHO-05  | food at (1007,591)
[14:40:59.441] [FOOD_CONTEST        ] ECHO-07  | food at (1007,591)
[14:40:59.442] [FOOD_CONTEST        ] ECHO-09  | food at (405,500)
[14:40:59.442] [FOOD_CONTEST        ] ECHO-10  | food at (405,500)
[14:40:59.457] [FOOD_CONTEST        ] ECHO-05  | food at (1007,591)
[14:40:59.458] [FOOD_CONTEST        ] ECHO-07  | food at (1007,591)
[14:40:59.458] [FOOD_CONTEST        ] ECHO-09  | food at (405,500)
[14:40:59.458] [FOOD_CONTEST        ] ECHO-10  | food at (405,500)
[14:40:59.474] [FOOD_CONTEST        ] ECHO-05  | food at (1007,591)
[14:40:59.475] [FOOD_CONTEST        ] ECHO-07  | food at (1007,591)
[14:40:59.475] [FOOD_CONTEST        ] ECHO-09  | food at (405,500)
[14:40:59.475] [FOOD_CONTEST        ] ECHO-10  | food at (405,500)
[14:40:59.490] [FOOD_CONTEST        ] ECHO-05  | food at (1007,591)
[14:40:59.490] [FOOD_CONTEST        ] ECHO-07  | food at (1007,591)
[14:40:59.491] [FOOD_CONTEST        ] ECHO-09  | food at (405,500)
[14:40:59.492] [FOOD_CONTEST        ] ECHO-10  | food at (405,500)
[14:40:59.507] [FOOD_CONTEST        ] ECHO-05  | food at (1007,591)
[14:40:59.507] [FOOD_CONTEST        ] ECHO-07  | food at (1007,591)
[14:40:59.509] [FOOD_CONTEST        ] ECHO-09  | food at (405,500)
[14:40:59.509] [FOOD_FOUND          ] ECHO-09  | ate at (412, 508)  total=1
[14:40:59.509] [RIVALRY             ] ECHO-09  | with ECHO-10  | affinity=  -2.9 (Δ-3.0)
[14:40:59.510] [EMERGENCY_OVERRIDE  ] ECHO-10  | contesting food at (405,500)  hunger=84
[14:40:59.510] [FOOD_CONTEST        ] ECHO-10  | food at (405,500)
[14:40:59.524] [FOOD_CONTEST        ] ECHO-05  | food at (1007,591)
[14:40:59.525] [FOOD_CONTEST        ] ECHO-07  | food at (1007,591)
[14:40:59.525] [STATE_CHANGE        ] ECHO-09  | SEEK_FOOD (3.7s) -> WANDER  [normal]  h=35 e=81 s=40
[14:40:59.525] [TARGET_SWITCH       ] ECHO-10  | (405,500) -> (392,510)
[14:40:59.526] [FOOD_CLAIM          ] ECHO-10  | food at (392,510)
[14:40:59.540] [FOOD_CONTEST        ] ECHO-05  | food at (1007,591)
[14:40:59.541] [FOOD_CONTEST        ] ECHO-07  | food at (1007,591)
[14:40:59.557] [FOOD_CONTEST        ] ECHO-05  | food at (1007,591)
[14:40:59.557] [FOOD_CONTEST        ] ECHO-07  | food at (1007,591)
[14:40:59.574] [FOOD_CONTEST        ] ECHO-05  | food at (1007,591)
[14:40:59.575] [FOOD_CONTEST        ] ECHO-07  | food at (1007,591)
[14:40:59.590] [FOOD_CONTEST        ] ECHO-05  | food at (1007,591)
[14:40:59.591] [FOOD_CONTEST        ] ECHO-07  | food at (1007,591)
[14:40:59.607] [FOOD_CONTEST        ] ECHO-05  | food at (1007,591)
[14:40:59.613] [FOOD_CONTEST        ] ECHO-07  | food at (1007,591)
[14:40:59.623] [FOOD_CONTEST        ] ECHO-05  | food at (1007,591)
[14:40:59.626] [FOOD_CONTEST        ] ECHO-07  | food at (1007,591)
[14:40:59.640] [FOOD_CONTEST        ] ECHO-05  | food at (1007,591)
[14:40:59.642] [FOOD_CONTEST        ] ECHO-07  | food at (1007,591)
[14:40:59.656] [FOOD_CONTEST        ] ECHO-05  | food at (1007,591)
[14:40:59.660] [FOOD_CONTEST        ] ECHO-07  | food at (1007,591)
[14:40:59.672] [FOOD_CONTEST        ] ECHO-05  | food at (1007,591)
[14:40:59.674] [FOOD_CONTEST        ] ECHO-07  | food at (1007,591)
[14:40:59.688] [FOOD_CONTEST        ] ECHO-05  | food at (1007,591)
[14:40:59.691] [FOOD_CONTEST        ] ECHO-07  | food at (1007,591)
[14:40:59.705] [FOOD_CONTEST        ] ECHO-05  | food at (1007,591)
[14:40:59.708] [FOOD_CONTEST        ] ECHO-07  | food at (1007,591)
[14:40:59.722] [FOOD_CONTEST        ] ECHO-05  | food at (1007,591)
[14:40:59.723] [FOOD_CONTEST        ] ECHO-07  | food at (1007,591)
[14:40:59.739] [FOOD_CONTEST        ] ECHO-05  | food at (1007,591)
[14:40:59.740] [FOOD_CONTEST        ] ECHO-07  | food at (1007,591)
[14:40:59.756] [FOOD_CONTEST        ] ECHO-05  | food at (1007,591)
[14:40:59.757] [FOOD_CONTEST        ] ECHO-07  | food at (1007,591)
[14:40:59.772] [FOOD_CONTEST        ] ECHO-05  | food at (1007,591)
[14:40:59.776] [FOOD_CONTEST        ] ECHO-07  | food at (1007,591)
[14:40:59.789] [FOOD_CONTEST        ] ECHO-05  | food at (1007,591)
[14:40:59.790] [FOOD_CONTEST        ] ECHO-07  | food at (1007,591)
[14:40:59.806] [FOOD_CONTEST        ] ECHO-05  | food at (1007,591)
[14:40:59.808] [FOOD_CONTEST        ] ECHO-07  | food at (1007,591)
[14:40:59.823] [FOOD_CONTEST        ] ECHO-05  | food at (1007,591)
[14:40:59.824] [FOOD_CONTEST        ] ECHO-07  | food at (1007,591)
[14:40:59.839] [FOOD_CONTEST        ] ECHO-05  | food at (1007,591)
[14:40:59.841] [FOOD_CONTEST        ] ECHO-07  | food at (1007,591)
[14:40:59.856] [FOOD_CONTEST        ] ECHO-05  | food at (1007,591)
[14:40:59.858] [FOOD_CONTEST        ] ECHO-07  | food at (1007,591)
[14:40:59.874] [FOOD_CONTEST        ] ECHO-05  | food at (1007,591)
[14:40:59.876] [FOOD_CONTEST        ] ECHO-07  | food at (1007,591)
[14:40:59.890] [FOOD_CONTEST        ] ECHO-05  | food at (1007,591)
[14:40:59.893] [FOOD_CONTEST        ] ECHO-07  | food at (1007,591)
[14:40:59.906] [FOOD_CONTEST        ] ECHO-05  | food at (1007,591)
[14:40:59.908] [FOOD_CONTEST        ] ECHO-07  | food at (1007,591)
[14:40:59.922] [FOOD_CONTEST        ] ECHO-05  | food at (1007,591)
[14:40:59.925] [FOOD_CONTEST        ] ECHO-07  | food at (1007,591)
[14:40:59.940] [FOOD_CONTEST        ] ECHO-05  | food at (1007,591)
[14:40:59.942] [FOOD_CONTEST        ] ECHO-07  | food at (1007,591)
[14:40:59.956] [FOOD_CONTEST        ] ECHO-05  | food at (1007,591)
[14:40:59.957] [FOOD_CONTEST        ] ECHO-07  | food at (1007,591)
[14:40:59.972] [FOOD_CONTEST        ] ECHO-05  | food at (1007,591)
[14:40:59.974] [FOOD_CONTEST        ] ECHO-07  | food at (1007,591)
[14:40:59.989] [FOOD_CONTEST        ] ECHO-05  | food at (1007,591)
[14:40:59.991] [FOOD_CONTEST        ] ECHO-07  | food at (1007,591)
[14:41:00.007] [FOOD_CONTEST        ] ECHO-05  | food at (1007,591)
[14:41:00.008] [FOOD_CONTEST        ] ECHO-07  | food at (1007,591)
[14:41:00.023] [FOOD_CONTEST        ] ECHO-05  | food at (1007,591)
[14:41:00.026] [FOOD_CONTEST        ] ECHO-07  | food at (1007,591)
[14:41:00.041] [FOOD_CONTEST        ] ECHO-05  | food at (1007,591)
[14:41:00.043] [FOOD_CONTEST        ] ECHO-07  | food at (1007,591)
[14:41:00.057] [FOOD_CONTEST        ] ECHO-05  | food at (1007,591)
[14:41:00.058] [FOOD_CONTEST        ] ECHO-07  | food at (1007,591)
[14:41:00.074] [FOOD_CONTEST        ] ECHO-05  | food at (1007,591)
[14:41:00.077] [FOOD_CONTEST        ] ECHO-07  | food at (1007,591)
[14:41:00.090] [FOOD_CONTEST        ] ECHO-05  | food at (1007,591)
[14:41:00.091] [FOOD_CONTEST        ] ECHO-07  | food at (1007,591)
[14:41:00.107] [FOOD_CONTEST        ] ECHO-05  | food at (1007,591)
[14:41:00.108] [FOOD_CONTEST        ] ECHO-07  | food at (1007,591)
[14:41:00.124] [FOOD_CONTEST        ] ECHO-05  | food at (1007,591)
[14:41:00.125] [FOOD_CONTEST        ] ECHO-07  | food at (1007,591)
[14:41:00.141] [FOOD_CONTEST        ] ECHO-05  | food at (1007,591)
[14:41:00.142] [FOOD_CONTEST        ] ECHO-07  | food at (1007,591)
[14:41:00.157] [FOOD_CONTEST        ] ECHO-05  | food at (1007,591)
[14:41:00.158] [FOOD_CONTEST        ] ECHO-07  | food at (1007,591)
[14:41:00.175] [FOOD_CONTEST        ] ECHO-05  | food at (1007,591)
[14:41:00.177] [FOOD_CONTEST        ] ECHO-07  | food at (1007,591)
[14:41:00.192] [FOOD_CONTEST        ] ECHO-05  | food at (1007,591)
[14:41:00.193] [FOOD_CONTEST        ] ECHO-07  | food at (1007,591)
[14:41:00.209] [FOOD_CONTEST        ] ECHO-05  | food at (1007,591)
[14:41:00.210] [FOOD_CONTEST        ] ECHO-07  | food at (1007,591)
[14:41:00.226] [FOOD_CONTEST        ] ECHO-05  | food at (1007,591)
[14:41:00.226] [FOOD_CONTEST        ] ECHO-07  | food at (1007,591)
[14:41:00.242] [FOOD_CONTEST        ] ECHO-05  | food at (1007,591)
[14:41:00.242] [FOOD_CONTEST        ] ECHO-07  | food at (1007,591)
[14:41:00.259] [FOOD_CONTEST        ] ECHO-05  | food at (1007,591)
[14:41:00.259] [FOOD_CONTEST        ] ECHO-07  | food at (1007,591)
[14:41:00.275] [FOOD_CONTEST        ] ECHO-05  | food at (1007,591)
[14:41:00.277] [FOOD_CONTEST        ] ECHO-07  | food at (1007,591)
[14:41:00.291] [FOOD_CONTEST        ] ECHO-05  | food at (1007,591)
[14:41:00.292] [FOOD_CONTEST        ] ECHO-07  | food at (1007,591)
[14:41:00.308] [FOOD_CONTEST        ] ECHO-05  | food at (1007,591)
[14:41:00.309] [FOOD_CONTEST        ] ECHO-07  | food at (1007,591)
[14:41:00.324] [FOOD_CONTEST        ] ECHO-05  | food at (1007,591)
[14:41:00.325] [FOOD_CONTEST        ] ECHO-07  | food at (1007,591)
[14:41:00.341] [FOOD_CONTEST        ] ECHO-05  | food at (1007,591)
[14:41:00.341] [FOOD_CONTEST        ] ECHO-07  | food at (1007,591)
[14:41:00.357] [FOOD_CONTEST        ] ECHO-05  | food at (1007,591)
[14:41:00.358] [FOOD_CONTEST        ] ECHO-07  | food at (1007,591)
[14:41:00.374] [FOOD_CONTEST        ] ECHO-05  | food at (1007,591)
[14:41:00.375] [FOOD_CONTEST        ] ECHO-07  | food at (1007,591)
[14:41:00.390] [FOOD_CONTEST        ] ECHO-05  | food at (1007,591)
[14:41:00.391] [FOOD_CONTEST        ] ECHO-07  | food at (1007,591)
[14:41:00.407] [FOOD_CONTEST        ] ECHO-05  | food at (1007,591)
[14:41:00.408] [FOOD_CONTEST        ] ECHO-07  | food at (1007,591)
[14:41:00.423] [FOOD_CONTEST        ] ECHO-05  | food at (1007,591)
[14:41:00.426] [FOOD_CONTEST        ] ECHO-07  | food at (1007,591)
[14:41:00.440] [FOOD_CONTEST        ] ECHO-05  | food at (1007,591)
[14:41:00.441] [FOOD_CONTEST        ] ECHO-07  | food at (1007,591)
[14:41:00.455] [FOOD_CONTEST        ] ECHO-05  | food at (1007,591)
[14:41:00.457] [FOOD_CONTEST        ] ECHO-07  | food at (1007,591)
[14:41:00.473] [FOOD_CONTEST        ] ECHO-05  | food at (1007,591)
[14:41:00.473] [FOOD_CONTEST        ] ECHO-07  | food at (1007,591)
[14:41:00.489] [FOOD_CONTEST        ] ECHO-05  | food at (1007,591)
[14:41:00.492] [FOOD_CONTEST        ] ECHO-07  | food at (1007,591)
[14:41:00.506] [FOOD_CONTEST        ] ECHO-05  | food at (1007,591)
[14:41:00.508] [FOOD_CONTEST        ] ECHO-07  | food at (1007,591)
[14:41:00.522] [FOOD_CONTEST        ] ECHO-05  | food at (1007,591)
[14:41:00.524] [FOOD_CONTEST        ] ECHO-07  | food at (1007,591)
[14:41:00.538] [FOOD_CONTEST        ] ECHO-05  | food at (1007,591)
[14:41:00.542] [FOOD_CONTEST        ] ECHO-07  | food at (1007,591)
[14:41:00.554] [FOOD_CONTEST        ] ECHO-05  | food at (1007,591)
[14:41:00.555] [FOOD_CONTEST        ] ECHO-07  | food at (1007,591)
[14:41:00.571] [FOOD_CONTEST        ] ECHO-05  | food at (1007,591)
[14:41:00.573] [FOOD_CONTEST        ] ECHO-07  | food at (1007,591)
[14:41:00.588] [FOOD_CONTEST        ] ECHO-05  | food at (1007,591)
[14:41:00.589] [FOOD_CONTEST        ] ECHO-07  | food at (1007,591)
[14:41:00.605] [FOOD_CONTEST        ] ECHO-05  | food at (1007,591)
[14:41:00.606] [FOOD_CONTEST        ] ECHO-07  | food at (1007,591)
[14:41:00.622] [FOOD_CONTEST        ] ECHO-05  | food at (1007,591)
[14:41:00.624] [FOOD_CONTEST        ] ECHO-07  | food at (1007,591)
[14:41:00.639] [FOOD_CONTEST        ] ECHO-05  | food at (1007,591)
[14:41:00.640] [FOOD_CONTEST        ] ECHO-07  | food at (1007,591)
[14:41:00.656] [FOOD_CONTEST        ] ECHO-05  | food at (1007,591)
[14:41:00.657] [FOOD_CONTEST        ] ECHO-07  | food at (1007,591)
[14:41:00.673] [FOOD_CONTEST        ] ECHO-05  | food at (1007,591)
[14:41:00.674] [FOOD_CONTEST        ] ECHO-07  | food at (1007,591)
[14:41:00.689] [FOOD_CONTEST        ] ECHO-05  | food at (1007,591)
[14:41:00.692] [FOOD_CONTEST        ] ECHO-07  | food at (1007,591)
[14:41:00.705] [FOOD_CONTEST        ] ECHO-05  | food at (1007,591)
[14:41:00.709] [FOOD_CONTEST        ] ECHO-07  | food at (1007,591)
[14:41:00.722] [FOOD_CONTEST        ] ECHO-05  | food at (1007,591)
[14:41:00.725] [FOOD_CONTEST        ] ECHO-07  | food at (1007,591)
[14:41:00.739] [FOOD_CONTEST        ] ECHO-05  | food at (1007,591)
[14:41:00.741] [FOOD_CONTEST        ] ECHO-07  | food at (1007,591)
[14:41:00.756] [FOOD_CONTEST        ] ECHO-05  | food at (1007,591)
[14:41:00.757] [FOOD_CONTEST        ] ECHO-07  | food at (1007,591)
[14:41:00.774] [FOOD_CONTEST        ] ECHO-05  | food at (1007,591)
[14:41:00.775] [FOOD_CONTEST        ] ECHO-07  | food at (1007,591)
[14:41:00.791] [FOOD_CONTEST        ] ECHO-05  | food at (1007,591)
[14:41:00.793] [FOOD_CONTEST        ] ECHO-07  | food at (1007,591)
[14:41:00.807] [FOOD_CONTEST        ] ECHO-05  | food at (1007,591)
[14:41:00.842] [FOOD_CONTEST        ] ECHO-07  | food at (1007,591)
[14:41:00.858] [FOOD_CONTEST        ] ECHO-05  | food at (1007,591)
[14:41:00.882] [FOOD_CONTEST        ] ECHO-07  | food at (1007,591)
[14:41:00.890] [FOOD_CONTEST        ] ECHO-05  | food at (1007,591)
[14:41:00.901] [FOOD_CONTEST        ] ECHO-07  | food at (1007,591)
[14:41:00.909] [FOOD_CONTEST        ] ECHO-05  | food at (1007,591)
[14:41:00.926] [FOOD_CONTEST        ] ECHO-07  | food at (1007,591)
[14:41:00.940] [FOOD_CONTEST        ] ECHO-05  | food at (1007,591)
[14:41:00.949] [FOOD_CONTEST        ] ECHO-07  | food at (1007,591)
[14:41:00.974] [FOOD_CONTEST        ] ECHO-05  | food at (1007,591)
[14:41:00.980] [FOOD_CONTEST        ] ECHO-07  | food at (1007,591)
[14:41:00.992] [FOOD_CONTEST        ] ECHO-05  | food at (1007,591)
[14:41:01.020] [FOOD_CONTEST        ] ECHO-07  | food at (1007,591)
[14:41:01.026] [FOOD_CONTEST        ] ECHO-05  | food at (1007,591)
[14:41:01.029] [FOOD_CONTEST        ] ECHO-07  | food at (1007,591)
[14:41:01.042] [FOOD_CONTEST        ] ECHO-05  | food at (1007,591)
[14:41:01.065] [FOOD_CONTEST        ] ECHO-07  | food at (1007,591)
[14:41:01.070] [FOOD_CONTEST        ] ECHO-05  | food at (1007,591)
[14:41:01.076] [FOOD_CONTEST        ] ECHO-07  | food at (1007,591)
[14:41:01.086] [FOOD_CONTEST        ] ECHO-05  | food at (1007,591)
[14:41:01.091] [FOOD_CONTEST        ] ECHO-07  | food at (1007,591)
[14:41:01.102] [FOOD_CONTEST        ] ECHO-05  | food at (1007,591)
[14:41:01.102] [FOOD_CONTEST        ] ECHO-07  | food at (1007,591)
[14:41:01.118] [FOOD_CONTEST        ] ECHO-05  | food at (1007,591)
[14:41:01.119] [FOOD_CONTEST        ] ECHO-07  | food at (1007,591)
[14:41:01.135] [FOOD_CONTEST        ] ECHO-05  | food at (1007,591)
[14:41:01.137] [FOOD_CONTEST        ] ECHO-07  | food at (1007,591)
[14:41:01.138] [STATE_CHANGE        ] ECHO-08  | WANDER (8.3s) -> SEEK_FOOD  [normal]  h=55 e=86 s=29
[14:41:01.151] [FOOD_CONTEST        ] ECHO-05  | food at (1007,591)
[14:41:01.152] [FOOD_CONTEST        ] ECHO-07  | food at (1007,591)
[14:41:01.167] [FOOD_CONTEST        ] ECHO-05  | food at (1007,591)
[14:41:01.167] [FOOD_CONTEST        ] ECHO-07  | food at (1007,591)
[14:41:01.184] [FOOD_CONTEST        ] ECHO-05  | food at (1007,591)
[14:41:01.184] [FOOD_CONTEST        ] ECHO-07  | food at (1007,591)
[14:41:01.200] [FOOD_CONTEST        ] ECHO-05  | food at (1007,591)
[14:41:01.201] [FOOD_CONTEST        ] ECHO-07  | food at (1007,591)
[14:41:01.216] [FOOD_CONTEST        ] ECHO-05  | food at (1007,591)
[14:41:01.216] [FOOD_CONTEST        ] ECHO-07  | food at (1007,591)
[14:41:01.232] [FOOD_CONTEST        ] ECHO-05  | food at (1007,591)
[14:41:01.233] [FOOD_CONTEST        ] ECHO-07  | food at (1007,591)
[14:41:01.248] [FOOD_CONTEST        ] ECHO-05  | food at (1007,591)
[14:41:01.248] [FOOD_CONTEST        ] ECHO-07  | food at (1007,591)
[14:41:01.265] [FOOD_CONTEST        ] ECHO-05  | food at (1007,591)
[14:41:01.265] [FOOD_CONTEST        ] ECHO-07  | food at (1007,591)
[14:41:01.282] [FOOD_CONTEST        ] ECHO-05  | food at (1007,591)
[14:41:01.282] [FOOD_CONTEST        ] ECHO-07  | food at (1007,591)
[14:41:01.298] [FOOD_CONTEST        ] ECHO-05  | food at (1007,591)
[14:41:01.298] [FOOD_CONTEST        ] ECHO-07  | food at (1007,591)
[14:41:01.314] [FOOD_CONTEST        ] ECHO-05  | food at (1007,591)
[14:41:01.315] [FOOD_CONTEST        ] ECHO-07  | food at (1007,591)
[14:41:01.330] [FOOD_CONTEST        ] ECHO-05  | food at (1007,591)
[14:41:01.331] [FOOD_CONTEST        ] ECHO-07  | food at (1007,591)
[14:41:01.347] [FOOD_CONTEST        ] ECHO-05  | food at (1007,591)
[14:41:01.347] [FOOD_CONTEST        ] ECHO-07  | food at (1007,591)
[14:41:01.363] [FOOD_CONTEST        ] ECHO-05  | food at (1007,591)
[14:41:01.364] [FOOD_CONTEST        ] ECHO-07  | food at (1007,591)
[14:41:01.379] [FOOD_CONTEST        ] ECHO-05  | food at (1007,591)
[14:41:01.380] [FOOD_CONTEST        ] ECHO-07  | food at (1007,591)
[14:41:01.395] [FOOD_CONTEST        ] ECHO-05  | food at (1007,591)
[14:41:01.396] [FOOD_CONTEST        ] ECHO-07  | food at (1007,591)
[14:41:01.412] [FOOD_CONTEST        ] ECHO-05  | food at (1007,591)
[14:41:01.412] [FOOD_CONTEST        ] ECHO-07  | food at (1007,591)
[14:41:01.428] [FOOD_CONTEST        ] ECHO-05  | food at (1007,591)
[14:41:01.428] [FOOD_CONTEST        ] ECHO-07  | food at (1007,591)
[14:41:01.444] [FOOD_CONTEST        ] ECHO-05  | food at (1007,591)
[14:41:01.445] [FOOD_CONTEST        ] ECHO-07  | food at (1007,591)
[14:41:01.461] [FOOD_CONTEST        ] ECHO-05  | food at (1007,591)
[14:41:01.461] [FOOD_CONTEST        ] ECHO-07  | food at (1007,591)
[14:41:01.478] [FOOD_CONTEST        ] ECHO-05  | food at (1007,591)
[14:41:01.479] [FOOD_CONTEST        ] ECHO-07  | food at (1007,591)
[14:41:01.494] [FOOD_CONTEST        ] ECHO-05  | food at (1007,591)
[14:41:01.495] [FOOD_CONTEST        ] ECHO-07  | food at (1007,591)
[14:41:01.510] [FOOD_CONTEST        ] ECHO-05  | food at (1007,591)
[14:41:01.511] [FOOD_CONTEST        ] ECHO-07  | food at (1007,591)
[14:41:01.511] [STATE_CHANGE        ] ECHO-12  | WANDER (8.7s) -> SEEK_FOOD  [normal]  h=55 e=56 s=70
[14:41:01.526] [FOOD_CONTEST        ] ECHO-05  | food at (1007,591)
[14:41:01.527] [FOOD_CONTEST        ] ECHO-07  | food at (1007,591)
[14:41:01.543] [FOOD_CONTEST        ] ECHO-05  | food at (1007,591)
[14:41:01.543] [FOOD_CONTEST        ] ECHO-07  | food at (1007,591)
[14:41:01.560] [FOOD_CONTEST        ] ECHO-05  | food at (1007,591)
[14:41:01.560] [FOOD_CONTEST        ] ECHO-07  | food at (1007,591)
[14:41:01.576] [FOOD_CONTEST        ] ECHO-05  | food at (1007,591)
[14:41:01.577] [FOOD_CONTEST        ] ECHO-07  | food at (1007,591)
[14:41:01.592] [FOOD_CONTEST        ] ECHO-05  | food at (1007,591)
[14:41:01.593] [FOOD_CONTEST        ] ECHO-07  | food at (1007,591)
[14:41:01.608] [FOOD_CONTEST        ] ECHO-05  | food at (1007,591)
[14:41:01.608] [FOOD_CONTEST        ] ECHO-07  | food at (1007,591)
[14:41:01.625] [FOOD_CONTEST        ] ECHO-05  | food at (1007,591)
[14:41:01.625] [FOOD_CONTEST        ] ECHO-07  | food at (1007,591)
[14:41:01.641] [FOOD_CONTEST        ] ECHO-05  | food at (1007,591)
[14:41:01.642] [FOOD_CONTEST        ] ECHO-07  | food at (1007,591)
[14:41:01.658] [FOOD_CONTEST        ] ECHO-05  | food at (1007,591)
[14:41:01.658] [FOOD_CONTEST        ] ECHO-07  | food at (1007,591)
[14:41:01.675] [FOOD_CONTEST        ] ECHO-05  | food at (1007,591)
[14:41:01.675] [FOOD_CONTEST        ] ECHO-07  | food at (1007,591)
[14:41:01.691] [FOOD_CONTEST        ] ECHO-05  | food at (1007,591)
[14:41:01.691] [FOOD_CONTEST        ] ECHO-07  | food at (1007,591)
[14:41:01.707] [FOOD_CONTEST        ] ECHO-05  | food at (1007,591)
[14:41:01.709] [FOOD_CONTEST        ] ECHO-07  | food at (1007,591)
[14:41:01.724] [FOOD_CONTEST        ] ECHO-05  | food at (1007,591)
[14:41:01.724] [FOOD_CONTEST        ] ECHO-07  | food at (1007,591)
[14:41:01.740] [FOOD_CONTEST        ] ECHO-05  | food at (1007,591)
[14:41:01.741] [FOOD_CONTEST        ] ECHO-07  | food at (1007,591)
[14:41:01.757] [FOOD_CONTEST        ] ECHO-05  | food at (1007,591)
[14:41:01.759] [FOOD_CONTEST        ] ECHO-07  | food at (1007,591)
[14:41:01.775] [FOOD_CONTEST        ] ECHO-05  | food at (1007,591)
[14:41:01.775] [FOOD_CONTEST        ] ECHO-07  | food at (1007,591)
[14:41:01.792] [FOOD_CONTEST        ] ECHO-05  | food at (1007,591)
[14:41:01.793] [FOOD_CONTEST        ] ECHO-07  | food at (1007,591)
[14:41:01.809] [FOOD_CONTEST        ] ECHO-05  | food at (1007,591)
[14:41:01.810] [FOOD_CONTEST        ] ECHO-07  | food at (1007,591)
[14:41:01.826] [FOOD_CONTEST        ] ECHO-05  | food at (1007,591)
[14:41:01.826] [FOOD_CONTEST        ] ECHO-07  | food at (1007,591)
[14:41:01.842] [FOOD_CONTEST        ] ECHO-05  | food at (1007,591)
[14:41:01.842] [FOOD_CONTEST        ] ECHO-07  | food at (1007,591)
[14:41:01.858] [FOOD_CONTEST        ] ECHO-05  | food at (1007,591)
[14:41:01.858] [FOOD_CONTEST        ] ECHO-07  | food at (1007,591)
[14:41:01.875] [FOOD_CONTEST        ] ECHO-05  | food at (1007,591)
[14:41:01.876] [FOOD_CONTEST        ] ECHO-07  | food at (1007,591)
[14:41:01.892] [FOOD_CONTEST        ] ECHO-05  | food at (1007,591)
[14:41:01.892] [FOOD_CONTEST        ] ECHO-07  | food at (1007,591)
[14:41:01.908] [FOOD_CONTEST        ] ECHO-05  | food at (1007,591)
[14:41:01.908] [FOOD_CONTEST        ] ECHO-07  | food at (1007,591)
[14:41:01.925] [FOOD_CONTEST        ] ECHO-05  | food at (1007,591)
[14:41:01.926] [FOOD_CONTEST        ] ECHO-07  | food at (1007,591)
[14:41:01.941] [FOOD_CONTEST        ] ECHO-05  | food at (1007,591)
[14:41:01.942] [FOOD_CONTEST        ] ECHO-07  | food at (1007,591)
[14:41:01.959] [FOOD_CONTEST        ] ECHO-05  | food at (1007,591)
[14:41:01.959] [FOOD_CONTEST        ] ECHO-07  | food at (1007,591)
[14:41:01.976] [FOOD_CONTEST        ] ECHO-05  | food at (1007,591)
[14:41:01.977] [FOOD_CONTEST        ] ECHO-07  | food at (1007,591)
[14:41:01.993] [FOOD_CONTEST        ] ECHO-05  | food at (1007,591)
[14:41:01.993] [FOOD_CONTEST        ] ECHO-07  | food at (1007,591)
[14:41:02.009] [FOOD_CONTEST        ] ECHO-05  | food at (1007,591)
[14:41:02.009] [FOOD_CONTEST        ] ECHO-07  | food at (1007,591)
[14:41:02.025] [FOOD_CONTEST        ] ECHO-05  | food at (1007,591)
[14:41:02.025] [FOOD_CONTEST        ] ECHO-07  | food at (1007,591)
[14:41:02.042] [FOOD_CONTEST        ] ECHO-05  | food at (1007,591)
[14:41:02.044] [FOOD_CONTEST        ] ECHO-07  | food at (1007,591)
[14:41:02.059] [FOOD_CONTEST        ] ECHO-05  | food at (1007,591)
[14:41:02.059] [FOOD_CONTEST        ] ECHO-07  | food at (1007,591)
[14:41:02.076] [FOOD_CONTEST        ] ECHO-05  | food at (1007,591)
[14:41:02.077] [FOOD_CONTEST        ] ECHO-07  | food at (1007,591)
[14:41:02.094] [FOOD_CONTEST        ] ECHO-05  | food at (1007,591)
[14:41:02.094] [FOOD_CONTEST        ] ECHO-07  | food at (1007,591)
[14:41:02.111] [FOOD_CONTEST        ] ECHO-05  | food at (1007,591)
[14:41:02.112] [FOOD_CONTEST        ] ECHO-07  | food at (1007,591)
[14:41:02.127] [FOOD_CONTEST        ] ECHO-05  | food at (1007,591)
[14:41:02.127] [FOOD_CONTEST        ] ECHO-07  | food at (1007,591)
[14:41:02.143] [FOOD_CONTEST        ] ECHO-05  | food at (1007,591)
[14:41:02.143] [FOOD_CONTEST        ] ECHO-07  | food at (1007,591)
[14:41:02.159] [FOOD_CONTEST        ] ECHO-05  | food at (1007,591)
[14:41:02.160] [FOOD_CONTEST        ] ECHO-07  | food at (1007,591)
[14:41:02.176] [FOOD_CONTEST        ] ECHO-05  | food at (1007,591)
[14:41:02.176] [FOOD_CONTEST        ] ECHO-07  | food at (1007,591)
[14:41:02.193] [FOOD_CONTEST        ] ECHO-05  | food at (1007,591)
[14:41:02.193] [FOOD_CONTEST        ] ECHO-07  | food at (1007,591)
[14:41:02.210] [FOOD_CONTEST        ] ECHO-05  | food at (1007,591)
[14:41:02.211] [FOOD_CONTEST        ] ECHO-07  | food at (1007,591)
[14:41:02.227] [FOOD_CONTEST        ] ECHO-05  | food at (1007,591)
[14:41:02.227] [FOOD_CONTEST        ] ECHO-07  | food at (1007,591)
[14:41:02.243] [FOOD_CONTEST        ] ECHO-05  | food at (1007,591)
[14:41:02.244] [FOOD_CONTEST        ] ECHO-07  | food at (1007,591)
[14:41:02.261] [FOOD_CONTEST        ] ECHO-05  | food at (1007,591)
[14:41:02.261] [FOOD_CONTEST        ] ECHO-07  | food at (1007,591)
[14:41:02.277] [FOOD_CONTEST        ] ECHO-05  | food at (1007,591)
[14:41:02.277] [FOOD_CONTEST        ] ECHO-07  | food at (1007,591)
[14:41:02.292] [FOOD_CONTEST        ] ECHO-05  | food at (1007,591)
[14:41:02.293] [FOOD_CONTEST        ] ECHO-07  | food at (1007,591)
[14:41:02.309] [FOOD_CONTEST        ] ECHO-05  | food at (1007,591)
[14:41:02.310] [FOOD_CONTEST        ] ECHO-07  | food at (1007,591)
[14:41:02.325] [FOOD_CONTEST        ] ECHO-05  | food at (1007,591)
[14:41:02.326] [FOOD_CONTEST        ] ECHO-07  | food at (1007,591)
[14:41:02.342] [FOOD_CONTEST        ] ECHO-05  | food at (1007,591)
[14:41:02.342] [FOOD_CONTEST        ] ECHO-07  | food at (1007,591)
[14:41:02.342] [FOOD_FOUND          ] ECHO-07  | ate at (998, 594)  total=1
[14:41:02.342] [RIVALRY             ] ECHO-07  | with ECHO-05  | affinity=  -2.9 (Δ-3.0)
[14:41:02.359] [TARGET_SWITCH       ] ECHO-05  | (1007,591) -> (1057,551)
[14:41:02.359] [FOOD_CLAIM          ] ECHO-05  | food at (1057,551)
[14:41:02.359] [STATE_CHANGE        ] ECHO-07  | SEEK_FOOD (3.1s) -> WANDER  [normal]  h=33 e=48 s=28
[14:41:02.787] [STATE_CHANGE        ] ECHO-06  | WANDER (5.1s) -> SEEK_FOOD  [normal]  h=55 e=81 s=43
[14:41:02.820] [STATS               ]          | pop=12  avg_hunger= 70.6  avg_energy= 51.7  hungry=10  social_events=0
[14:41:04.119] [FOOD_FOUND          ] ECHO-02  | ate at (266, 431)  total=1
[14:41:04.136] [FOOD_CLAIM          ] ECHO-02  | food at (186,366)
[14:41:04.221] [FOOD_FOUND          ] ECHO-10  | ate at (401, 515)  total=1
[14:41:04.235] [FOOD_CONTEST        ] ECHO-10  | food at (387,512)
[14:41:04.252] [FOOD_CONTEST        ] ECHO-03  | food at (387,512)
[14:41:04.252] [FOOD_CONTEST        ] ECHO-10  | food at (387,512)
[14:41:04.270] [FOOD_CONTEST        ] ECHO-03  | food at (387,512)
[14:41:04.271] [FOOD_CONTEST        ] ECHO-10  | food at (387,512)
[14:41:04.285] [FOOD_CONTEST        ] ECHO-03  | food at (387,512)
[14:41:04.286] [FOOD_CONTEST        ] ECHO-10  | food at (387,512)
[14:41:04.301] [FOOD_CONTEST        ] ECHO-03  | food at (387,512)
[14:41:04.302] [FOOD_CONTEST        ] ECHO-10  | food at (387,512)
[14:41:04.318] [FOOD_CONTEST        ] ECHO-03  | food at (387,512)
[14:41:04.320] [FOOD_CONTEST        ] ECHO-10  | food at (387,512)
[14:41:04.334] [FOOD_CONTEST        ] ECHO-03  | food at (387,512)
[14:41:04.335] [FOOD_CONTEST        ] ECHO-10  | food at (387,512)
[14:41:04.351] [FOOD_CONTEST        ] ECHO-03  | food at (387,512)
[14:41:04.352] [FOOD_CONTEST        ] ECHO-10  | food at (387,512)
[14:41:04.367] [FOOD_CONTEST        ] ECHO-03  | food at (387,512)
[14:41:04.368] [FOOD_CONTEST        ] ECHO-10  | food at (387,512)
[14:41:04.384] [FOOD_CONTEST        ] ECHO-03  | food at (387,512)
[14:41:04.384] [FOOD_CONTEST        ] ECHO-10  | food at (387,512)
[14:41:04.400] [FOOD_CONTEST        ] ECHO-03  | food at (387,512)
[14:41:04.401] [FOOD_CONTEST        ] ECHO-10  | food at (387,512)
[14:41:04.417] [FOOD_CONTEST        ] ECHO-03  | food at (387,512)
[14:41:04.417] [FOOD_CONTEST        ] ECHO-10  | food at (387,512)
[14:41:04.433] [FOOD_CONTEST        ] ECHO-03  | food at (387,512)
[14:41:04.434] [FOOD_CONTEST        ] ECHO-10  | food at (387,512)
[14:41:04.449] [FOOD_CONTEST        ] ECHO-03  | food at (387,512)
[14:41:04.450] [FOOD_CONTEST        ] ECHO-10  | food at (387,512)
[14:41:04.465] [FOOD_CONTEST        ] ECHO-03  | food at (387,512)
[14:41:04.466] [FOOD_CONTEST        ] ECHO-10  | food at (387,512)
[14:41:04.481] [FOOD_CONTEST        ] ECHO-03  | food at (387,512)
[14:41:04.482] [FOOD_CONTEST        ] ECHO-10  | food at (387,512)
[14:41:04.498] [FOOD_CONTEST        ] ECHO-03  | food at (387,512)
[14:41:04.499] [FOOD_CONTEST        ] ECHO-10  | food at (387,512)
[14:41:04.514] [FOOD_CONTEST        ] ECHO-03  | food at (387,512)
[14:41:04.515] [FOOD_CONTEST        ] ECHO-10  | food at (387,512)
[14:41:04.530] [FOOD_CONTEST        ] ECHO-03  | food at (387,512)
[14:41:04.531] [FOOD_CONTEST        ] ECHO-10  | food at (387,512)
[14:41:04.547] [FOOD_CONTEST        ] ECHO-03  | food at (387,512)
[14:41:04.548] [FOOD_CONTEST        ] ECHO-10  | food at (387,512)
[14:41:04.563] [FOOD_CONTEST        ] ECHO-03  | food at (387,512)
[14:41:04.565] [FOOD_CONTEST        ] ECHO-10  | food at (387,512)
[14:41:04.580] [FOOD_CONTEST        ] ECHO-03  | food at (387,512)
[14:41:04.583] [FOOD_CONTEST        ] ECHO-10  | food at (387,512)
[14:41:04.596] [FOOD_CONTEST        ] ECHO-03  | food at (387,512)
[14:41:04.597] [STATE_CHANGE        ] ECHO-09  | WANDER (5.1s) -> SEEK_FOOD  [normal]  h=55 e=75 s=32
[14:41:04.598] [FOOD_CLAIM          ] ECHO-09  | food at (520,395)
[14:41:04.598] [FOOD_CONTEST        ] ECHO-10  | food at (387,512)
[14:41:04.613] [FOOD_CONTEST        ] ECHO-03  | food at (387,512)
[14:41:04.614] [FOOD_CONTEST        ] ECHO-10  | food at (387,512)
[14:41:04.630] [FOOD_CONTEST        ] ECHO-03  | food at (387,512)
[14:41:04.631] [FOOD_CONTEST        ] ECHO-10  | food at (387,512)
[14:41:04.646] [FOOD_CONTEST        ] ECHO-03  | food at (387,512)
[14:41:04.646] [FOOD_CONTEST        ] ECHO-10  | food at (387,512)
[14:41:04.662] [FOOD_CONTEST        ] ECHO-03  | food at (387,512)
[14:41:04.662] [FOOD_CONTEST        ] ECHO-10  | food at (387,512)
[14:41:04.678] [FOOD_CONTEST        ] ECHO-03  | food at (387,512)
[14:41:04.678] [FOOD_CONTEST        ] ECHO-10  | food at (387,512)
[14:41:04.694] [FOOD_CONTEST        ] ECHO-03  | food at (387,512)
[14:41:04.694] [FOOD_CONTEST        ] ECHO-10  | food at (387,512)
[14:41:04.710] [FOOD_CONTEST        ] ECHO-03  | food at (387,512)
[14:41:04.711] [FOOD_CONTEST        ] ECHO-10  | food at (387,512)
[14:41:04.726] [FOOD_CONTEST        ] ECHO-03  | food at (387,512)
[14:41:04.727] [FOOD_CONTEST        ] ECHO-10  | food at (387,512)
[14:41:04.742] [FOOD_CONTEST        ] ECHO-03  | food at (387,512)
[14:41:04.742] [FOOD_CONTEST        ] ECHO-10  | food at (387,512)
[14:41:04.759] [FOOD_CONTEST        ] ECHO-03  | food at (387,512)
[14:41:04.759] [FOOD_CONTEST        ] ECHO-10  | food at (387,512)
[14:41:04.776] [FOOD_CONTEST        ] ECHO-03  | food at (387,512)
[14:41:04.776] [FOOD_CONTEST        ] ECHO-10  | food at (387,512)
[14:41:04.792] [FOOD_CONTEST        ] ECHO-03  | food at (387,512)
[14:41:04.792] [FOOD_CONTEST        ] ECHO-10  | food at (387,512)
[14:41:04.808] [FOOD_CONTEST        ] ECHO-03  | food at (387,512)
[14:41:04.809] [FOOD_CONTEST        ] ECHO-10  | food at (387,512)
[14:41:04.825] [FOOD_CONTEST        ] ECHO-03  | food at (387,512)
[14:41:04.826] [FOOD_CONTEST        ] ECHO-10  | food at (387,512)
[14:41:04.842] [FOOD_CONTEST        ] ECHO-03  | food at (387,512)
[14:41:04.842] [FOOD_CONTEST        ] ECHO-10  | food at (387,512)
[14:41:04.858] [FOOD_CONTEST        ] ECHO-03  | food at (387,512)
[14:41:04.858] [FOOD_CONTEST        ] ECHO-10  | food at (387,512)
[14:41:04.875] [FOOD_CONTEST        ] ECHO-03  | food at (387,512)
[14:41:04.876] [FOOD_CONTEST        ] ECHO-10  | food at (387,512)
[14:41:04.892] [FOOD_CONTEST        ] ECHO-03  | food at (387,512)
[14:41:04.893] [FOOD_CONTEST        ] ECHO-10  | food at (387,512)
[14:41:04.908] [FOOD_CONTEST        ] ECHO-03  | food at (387,512)
[14:41:04.909] [FOOD_CONTEST        ] ECHO-10  | food at (387,512)
[14:41:04.925] [FOOD_CONTEST        ] ECHO-03  | food at (387,512)
[14:41:04.925] [FOOD_CONTEST        ] ECHO-10  | food at (387,512)
[14:41:04.942] [FOOD_CONTEST        ] ECHO-03  | food at (387,512)
[14:41:04.942] [FOOD_CONTEST        ] ECHO-10  | food at (387,512)
[14:41:04.958] [FOOD_CONTEST        ] ECHO-03  | food at (387,512)
[14:41:04.959] [FOOD_CONTEST        ] ECHO-10  | food at (387,512)
[14:41:04.976] [FOOD_CONTEST        ] ECHO-03  | food at (387,512)
[14:41:04.977] [FOOD_CONTEST        ] ECHO-10  | food at (387,512)
[14:41:04.992] [FOOD_CONTEST        ] ECHO-03  | food at (387,512)
[14:41:04.993] [FOOD_CONTEST        ] ECHO-10  | food at (387,512)
[14:41:05.010] [FOOD_CONTEST        ] ECHO-03  | food at (387,512)
[14:41:05.010] [FOOD_CONTEST        ] ECHO-10  | food at (387,512)
[14:41:05.025] [FOOD_CONTEST        ] ECHO-03  | food at (387,512)
[14:41:05.026] [FOOD_CONTEST        ] ECHO-10  | food at (387,512)
[14:41:05.027] [FOOD_FOUND          ] ECHO-10  | ate at (397, 514)  total=2
[14:41:05.027] [RIVALRY             ] ECHO-10  | with ECHO-03  | affinity=  -2.9 (Δ-3.0)
[14:41:05.042] [TARGET_SWITCH       ] ECHO-03  | (387,512) -> (387,512)
[14:41:05.042] [FOOD_CLAIM          ] ECHO-03  | food at (387,512)
[14:41:05.043] [STATE_CHANGE        ] ECHO-10  | SEEK_FOOD (10.2s) -> REST  [normal]  h=33 e=26 s=35
[14:41:05.043] [REST_REASON         ] ECHO-10  | low_energy | energy=25.7 laziness=0.27
[14:41:05.075] [FOOD_FOUND          ] ECHO-11  | ate at (231, 426)  total=1
[14:41:05.091] [FOOD_CLAIM          ] ECHO-11  | food at (154,404)
[14:41:05.273] [FOOD_CLAIM          ] ECHO-12  | food at (597,283)
[14:41:06.013] [STATE_CHANGE        ] ECHO-07  | WANDER (3.7s) -> SOCIALIZE  [normal]  h=47 e=43 s=23
[14:41:06.013] [SOCIAL              ] ECHO-07  | interacting with ECHO-05  total=1
[14:41:06.360] [FOOD_FOUND          ] ECHO-04  | ate at (722, 431)  total=1
[14:41:06.376] [FOOD_CLAIM          ] ECHO-04  | food at (563,331)
[14:41:06.524] [FOOD_CLAIM          ] ECHO-06  | food at (979,525)
[14:41:06.739] [FOOD_FOUND          ] ECHO-03  | ate at (378, 516)  total=1
[14:41:07.055] [STATE_CHANGE        ] ECHO-10  | REST (2.0s) -> WANDER  [normal]  h=41 e=62 s=32
[14:41:07.593] [FOOD_FOUND          ] ECHO-05  | ate at (1051, 559)  total=1
[14:41:07.610] [FOOD_CLAIM          ] ECHO-05  | food at (980,542)
[14:41:07.827] [STATS               ]          | pop=12  avg_hunger= 68.2  avg_energy= 42.2  hungry=9  social_events=1
[14:41:08.241] [EMERGENCY_OVERRIDE  ] ECHO-08  | contesting food at (597,283)  hunger=83
[14:41:08.242] [FOOD_CONTEST        ] ECHO-08  | food at (597,283)
[14:41:08.243] [FOOD_CONTEST        ] ECHO-12  | food at (597,283)
[14:41:08.257] [FOOD_CONTEST        ] ECHO-08  | food at (597,283)
[14:41:08.258] [FOOD_CONTEST        ] ECHO-12  | food at (597,283)
[14:41:08.274] [FOOD_CONTEST        ] ECHO-08  | food at (597,283)
[14:41:08.274] [FOOD_CONTEST        ] ECHO-12  | food at (597,283)
[14:41:08.290] [FOOD_CONTEST        ] ECHO-08  | food at (597,283)
[14:41:08.291] [FOOD_CONTEST        ] ECHO-12  | food at (597,283)
[14:41:08.307] [FOOD_CONTEST        ] ECHO-08  | food at (597,283)
[14:41:08.307] [FOOD_CONTEST        ] ECHO-12  | food at (597,283)
[14:41:08.324] [FOOD_CONTEST        ] ECHO-08  | food at (597,283)
[14:41:08.326] [FOOD_CONTEST        ] ECHO-12  | food at (597,283)
[14:41:08.340] [FOOD_CONTEST        ] ECHO-08  | food at (597,283)
[14:41:08.341] [FOOD_CONTEST        ] ECHO-12  | food at (597,283)
[14:41:08.357] [FOOD_CONTEST        ] ECHO-08  | food at (597,283)
[14:41:08.358] [FOOD_CONTEST        ] ECHO-12  | food at (597,283)
[14:41:08.373] [FOOD_CONTEST        ] ECHO-08  | food at (597,283)
[14:41:08.375] [FOOD_CONTEST        ] ECHO-12  | food at (597,283)
[14:41:08.391] [FOOD_CONTEST        ] ECHO-08  | food at (597,283)
[14:41:08.394] [FOOD_CONTEST        ] ECHO-12  | food at (597,283)
[14:41:08.408] [FOOD_CONTEST        ] ECHO-08  | food at (597,283)
[14:41:08.409] [FOOD_CONTEST        ] ECHO-12  | food at (597,283)
[14:41:08.424] [FOOD_CONTEST        ] ECHO-08  | food at (597,283)
[14:41:08.425] [FOOD_CONTEST        ] ECHO-12  | food at (597,283)
[14:41:08.442] [FOOD_CONTEST        ] ECHO-08  | food at (597,283)
[14:41:08.442] [FOOD_CONTEST        ] ECHO-12  | food at (597,283)
[14:41:08.459] [FOOD_CONTEST        ] ECHO-08  | food at (597,283)
[14:41:08.460] [FOOD_CONTEST        ] ECHO-12  | food at (597,283)
[14:41:08.475] [FOOD_CONTEST        ] ECHO-08  | food at (597,283)
[14:41:08.476] [FOOD_CONTEST        ] ECHO-12  | food at (597,283)
[14:41:08.491] [FOOD_CONTEST        ] ECHO-08  | food at (597,283)
[14:41:08.492] [FOOD_CONTEST        ] ECHO-12  | food at (597,283)
[14:41:08.508] [FOOD_CONTEST        ] ECHO-08  | food at (597,283)
[14:41:08.509] [FOOD_CONTEST        ] ECHO-12  | food at (597,283)
[14:41:08.525] [FOOD_CONTEST        ] ECHO-08  | food at (597,283)
[14:41:08.525] [FOOD_CONTEST        ] ECHO-12  | food at (597,283)
[14:41:08.542] [FOOD_CONTEST        ] ECHO-08  | food at (597,283)
[14:41:08.543] [FOOD_CONTEST        ] ECHO-12  | food at (597,283)
[14:41:08.558] [FOOD_CONTEST        ] ECHO-08  | food at (597,283)
[14:41:08.559] [FOOD_CONTEST        ] ECHO-12  | food at (597,283)
[14:41:08.576] [FOOD_CONTEST        ] ECHO-08  | food at (597,283)
[14:41:08.576] [FOOD_CONTEST        ] ECHO-12  | food at (597,283)
[14:41:08.592] [FOOD_CONTEST        ] ECHO-08  | food at (597,283)
[14:41:08.593] [FOOD_CONTEST        ] ECHO-12  | food at (597,283)
[14:41:08.608] [FOOD_CONTEST        ] ECHO-08  | food at (597,283)
[14:41:08.610] [FOOD_CONTEST        ] ECHO-12  | food at (597,283)
[14:41:08.625] [FOOD_CONTEST        ] ECHO-08  | food at (597,283)
[14:41:08.626] [FOOD_CONTEST        ] ECHO-12  | food at (597,283)
[14:41:08.642] [FOOD_CONTEST        ] ECHO-08  | food at (597,283)
[14:41:08.643] [FOOD_CONTEST        ] ECHO-12  | food at (597,283)
[14:41:08.660] [FOOD_CONTEST        ] ECHO-08  | food at (597,283)
[14:41:08.660] [FOOD_CONTEST        ] ECHO-12  | food at (597,283)
[14:41:08.675] [FOOD_CONTEST        ] ECHO-08  | food at (597,283)
[14:41:08.676] [FOOD_CONTEST        ] ECHO-12  | food at (597,283)
[14:41:08.693] [FOOD_CONTEST        ] ECHO-08  | food at (597,283)
[14:41:08.693] [FOOD_CONTEST        ] ECHO-12  | food at (597,283)
[14:41:08.709] [FOOD_CONTEST        ] ECHO-08  | food at (597,283)
[14:41:08.710] [FOOD_CONTEST        ] ECHO-12  | food at (597,283)
[14:41:08.725] [FOOD_CONTEST        ] ECHO-08  | food at (597,283)
[14:41:08.726] [FOOD_CONTEST        ] ECHO-12  | food at (597,283)
[14:41:08.742] [FOOD_CONTEST        ] ECHO-08  | food at (597,283)
[14:41:08.742] [FOOD_CONTEST        ] ECHO-12  | food at (597,283)
[14:41:08.759] [FOOD_CONTEST        ] ECHO-08  | food at (597,283)
[14:41:08.761] [FOOD_CONTEST        ] ECHO-12  | food at (597,283)
[14:41:08.775] [FOOD_CONTEST        ] ECHO-08  | food at (597,283)
[14:41:08.776] [FOOD_CONTEST        ] ECHO-12  | food at (597,283)
[14:41:08.792] [FOOD_CONTEST        ] ECHO-08  | food at (597,283)
[14:41:08.792] [FOOD_CONTEST        ] ECHO-12  | food at (597,283)
[14:41:08.809] [FOOD_CONTEST        ] ECHO-08  | food at (597,283)
[14:41:08.809] [FOOD_CONTEST        ] ECHO-12  | food at (597,283)
[14:41:08.825] [FOOD_CONTEST        ] ECHO-08  | food at (597,283)
[14:41:08.826] [FOOD_CONTEST        ] ECHO-12  | food at (597,283)
[14:41:08.841] [FOOD_CONTEST        ] ECHO-08  | food at (597,283)
[14:41:08.842] [FOOD_CONTEST        ] ECHO-12  | food at (597,283)
[14:41:08.860] [FOOD_CONTEST        ] ECHO-08  | food at (597,283)
[14:41:08.860] [FOOD_CONTEST        ] ECHO-12  | food at (597,283)
[14:41:08.876] [FOOD_CONTEST        ] ECHO-08  | food at (597,283)
[14:41:08.876] [FOOD_CONTEST        ] ECHO-12  | food at (597,283)
[14:41:08.893] [FOOD_CONTEST        ] ECHO-08  | food at (597,283)
[14:41:08.893] [FOOD_CONTEST        ] ECHO-12  | food at (597,283)
[14:41:08.909] [FOOD_CONTEST        ] ECHO-08  | food at (597,283)
[14:41:08.909] [FOOD_CONTEST        ] ECHO-12  | food at (597,283)
[14:41:08.926] [FOOD_CONTEST        ] ECHO-08  | food at (597,283)
[14:41:08.927] [FOOD_CONTEST        ] ECHO-12  | food at (597,283)
[14:41:08.942] [FOOD_CONTEST        ] ECHO-08  | food at (597,283)
[14:41:08.943] [FOOD_CONTEST        ] ECHO-12  | food at (597,283)
[14:41:08.958] [FOOD_CONTEST        ] ECHO-08  | food at (597,283)
[14:41:08.958] [FOOD_CONTEST        ] ECHO-12  | food at (597,283)
[14:41:08.975] [FOOD_CONTEST        ] ECHO-08  | food at (597,283)
[14:41:08.976] [FOOD_CONTEST        ] ECHO-12  | food at (597,283)
[14:41:08.992] [FOOD_CONTEST        ] ECHO-08  | food at (597,283)
[14:41:08.992] [FOOD_CONTEST        ] ECHO-12  | food at (597,283)
[14:41:09.009] [FOOD_CONTEST        ] ECHO-08  | food at (597,283)
[14:41:09.009] [FOOD_CONTEST        ] ECHO-12  | food at (597,283)
[14:41:09.026] [FOOD_CONTEST        ] ECHO-08  | food at (597,283)
[14:41:09.026] [FOOD_CONTEST        ] ECHO-12  | food at (597,283)
[14:41:09.043] [FOOD_CONTEST        ] ECHO-08  | food at (597,283)
[14:41:09.045] [FOOD_CONTEST        ] ECHO-12  | food at (597,283)
[14:41:09.061] [FOOD_CONTEST        ] ECHO-08  | food at (597,283)
[14:41:09.062] [FOOD_CONTEST        ] ECHO-12  | food at (597,283)
[14:41:09.077] [FOOD_CONTEST        ] ECHO-08  | food at (597,283)
[14:41:09.077] [FOOD_CONTEST        ] ECHO-12  | food at (597,283)
[14:41:09.093] [FOOD_CONTEST        ] ECHO-08  | food at (597,283)
[14:41:09.094] [FOOD_CONTEST        ] ECHO-12  | food at (597,283)
[14:41:09.110] [FOOD_CONTEST        ] ECHO-08  | food at (597,283)
[14:41:09.111] [FOOD_CONTEST        ] ECHO-12  | food at (597,283)
[14:41:09.127] [FOOD_CONTEST        ] ECHO-08  | food at (597,283)
[14:41:09.127] [FOOD_CONTEST        ] ECHO-12  | food at (597,283)
[14:41:09.143] [FOOD_CONTEST        ] ECHO-08  | food at (597,283)
[14:41:09.143] [FOOD_CONTEST        ] ECHO-12  | food at (597,283)
[14:41:09.160] [FOOD_CONTEST        ] ECHO-08  | food at (597,283)
[14:41:09.161] [FOOD_CONTEST        ] ECHO-12  | food at (597,283)
[14:41:09.177] [FOOD_CONTEST        ] ECHO-08  | food at (597,283)
[14:41:09.177] [FOOD_CONTEST        ] ECHO-12  | food at (597,283)
[14:41:09.193] [FOOD_CONTEST        ] ECHO-08  | food at (597,283)
[14:41:09.194] [FOOD_CONTEST        ] ECHO-12  | food at (597,283)
[14:41:09.210] [FOOD_CONTEST        ] ECHO-08  | food at (597,283)
[14:41:09.210] [FOOD_CONTEST        ] ECHO-12  | food at (597,283)
[14:41:09.226] [FOOD_CONTEST        ] ECHO-08  | food at (597,283)
[14:41:09.227] [FOOD_CONTEST        ] ECHO-12  | food at (597,283)
[14:41:09.243] [FOOD_CONTEST        ] ECHO-08  | food at (597,283)
[14:41:09.244] [FOOD_CONTEST        ] ECHO-12  | food at (597,283)
[14:41:09.260] [FOOD_CONTEST        ] ECHO-08  | food at (597,283)
[14:41:09.262] [FOOD_CONTEST        ] ECHO-12  | food at (597,283)
[14:41:09.276] [FOOD_CONTEST        ] ECHO-08  | food at (597,283)
[14:41:09.277] [FOOD_CONTEST        ] ECHO-12  | food at (597,283)
[14:41:09.293] [FOOD_CONTEST        ] ECHO-08  | food at (597,283)
[14:41:09.293] [FOOD_CONTEST        ] ECHO-12  | food at (597,283)
[14:41:09.310] [FOOD_CONTEST        ] ECHO-08  | food at (597,283)
[14:41:09.310] [FOOD_CONTEST        ] ECHO-12  | food at (597,283)
[14:41:09.326] [FOOD_CONTEST        ] ECHO-08  | food at (597,283)
[14:41:09.326] [FOOD_CONTEST        ] ECHO-12  | food at (597,283)
[14:41:09.342] [FOOD_CONTEST        ] ECHO-08  | food at (597,283)
[14:41:09.342] [FOOD_CONTEST        ] ECHO-12  | food at (597,283)
[14:41:09.359] [FOOD_CONTEST        ] ECHO-08  | food at (597,283)
[14:41:09.359] [FOOD_CONTEST        ] ECHO-12  | food at (597,283)
[14:41:09.375] [FOOD_CONTEST        ] ECHO-08  | food at (597,283)
[14:41:09.376] [FOOD_CONTEST        ] ECHO-12  | food at (597,283)
[14:41:09.393] [STATE_CHANGE        ] ECHO-07  | SOCIALIZE (3.4s) -> SEEK_FOOD  [normal]  h=61 e=39 s=50  tgt=37px
[14:41:09.394] [TARGET_SWITCH       ] ECHO-07  | (1020,551) -> (978,535)
[14:41:09.394] [FOOD_CLAIM          ] ECHO-07  | food at (978,535)
[14:41:09.394] [FOOD_CONTEST        ] ECHO-08  | food at (597,283)
[14:41:09.394] [FOOD_CONTEST        ] ECHO-12  | food at (597,283)
[14:41:09.409] [FOOD_CONTEST        ] ECHO-08  | food at (597,283)
[14:41:09.409] [FOOD_CONTEST        ] ECHO-12  | food at (597,283)
[14:41:09.426] [FOOD_CONTEST        ] ECHO-08  | food at (597,283)
[14:41:09.426] [FOOD_CONTEST        ] ECHO-12  | food at (597,283)
[14:41:09.442] [FOOD_CONTEST        ] ECHO-08  | food at (597,283)
[14:41:09.443] [FOOD_CONTEST        ] ECHO-12  | food at (597,283)
[14:41:09.459] [FOOD_CONTEST        ] ECHO-08  | food at (597,283)
[14:41:09.460] [FOOD_CONTEST        ] ECHO-12  | food at (597,283)
[14:41:09.477] [FOOD_CONTEST        ] ECHO-08  | food at (597,283)
[14:41:09.478] [FOOD_CONTEST        ] ECHO-12  | food at (597,283)
[14:41:09.494] [FOOD_CONTEST        ] ECHO-08  | food at (597,283)
[14:41:09.495] [FOOD_CONTEST        ] ECHO-12  | food at (597,283)
[14:41:09.510] [FOOD_CONTEST        ] ECHO-08  | food at (597,283)
[14:41:09.510] [FOOD_CONTEST        ] ECHO-12  | food at (597,283)
[14:41:09.526] [FOOD_CONTEST        ] ECHO-08  | food at (597,283)
[14:41:09.527] [FOOD_CONTEST        ] ECHO-12  | food at (597,283)
[14:41:09.542] [FOOD_CONTEST        ] ECHO-08  | food at (597,283)
[14:41:09.542] [FOOD_CONTEST        ] ECHO-12  | food at (597,283)
[14:41:09.558] [FOOD_CONTEST        ] ECHO-08  | food at (597,283)
[14:41:09.558] [FOOD_CONTEST        ] ECHO-12  | food at (597,283)
[14:41:09.575] [FOOD_CONTEST        ] ECHO-08  | food at (597,283)
[14:41:09.577] [FOOD_CONTEST        ] ECHO-12  | food at (597,283)
[14:41:09.591] [FOOD_CONTEST        ] ECHO-08  | food at (597,283)
[14:41:09.592] [FOOD_CONTEST        ] ECHO-12  | food at (597,283)
[14:41:09.608] [FOOD_CONTEST        ] ECHO-08  | food at (597,283)
[14:41:09.609] [FOOD_CONTEST        ] ECHO-12  | food at (597,283)
[14:41:09.626] [FOOD_CONTEST        ] ECHO-08  | food at (597,283)
[14:41:09.626] [FOOD_CONTEST        ] ECHO-12  | food at (597,283)
[14:41:09.640] [FOOD_CONTEST        ] ECHO-08  | food at (597,283)
[14:41:09.641] [FOOD_CONTEST        ] ECHO-12  | food at (597,283)
[14:41:09.656] [FOOD_CONTEST        ] ECHO-08  | food at (597,283)
[14:41:09.658] [FOOD_CONTEST        ] ECHO-12  | food at (597,283)
[14:41:09.673] [FOOD_CONTEST        ] ECHO-08  | food at (597,283)
[14:41:09.673] [FOOD_CONTEST        ] ECHO-12  | food at (597,283)
[14:41:09.690] [FOOD_CONTEST        ] ECHO-08  | food at (597,283)
[14:41:09.692] [FOOD_CONTEST        ] ECHO-12  | food at (597,283)
[14:41:09.707] [FOOD_CONTEST        ] ECHO-08  | food at (597,283)
[14:41:09.709] [FOOD_CONTEST        ] ECHO-12  | food at (597,283)
[14:41:09.724] [FOOD_CONTEST        ] ECHO-08  | food at (597,283)
[14:41:09.724] [FOOD_CONTEST        ] ECHO-12  | food at (597,283)
[14:41:09.740] [FOOD_CONTEST        ] ECHO-08  | food at (597,283)
[14:41:09.741] [FOOD_CONTEST        ] ECHO-12  | food at (597,283)
[14:41:09.758] [FOOD_CONTEST        ] ECHO-08  | food at (597,283)
[14:41:09.760] [FOOD_CONTEST        ] ECHO-12  | food at (597,283)
[14:41:09.775] [FOOD_CONTEST        ] ECHO-08  | food at (597,283)
[14:41:09.776] [FOOD_CONTEST        ] ECHO-12  | food at (597,283)
[14:41:09.792] [FOOD_CONTEST        ] ECHO-08  | food at (597,283)
[14:41:09.792] [FOOD_CONTEST        ] ECHO-12  | food at (597,283)
[14:41:09.809] [FOOD_CONTEST        ] ECHO-08  | food at (597,283)
[14:41:09.810] [FOOD_CONTEST        ] ECHO-12  | food at (597,283)
[14:41:09.826] [FOOD_CONTEST        ] ECHO-08  | food at (597,283)
[14:41:09.826] [FOOD_CONTEST        ] ECHO-12  | food at (597,283)
[14:41:09.843] [FOOD_CONTEST        ] ECHO-08  | food at (597,283)
[14:41:09.844] [FOOD_CONTEST        ] ECHO-12  | food at (597,283)
[14:41:09.860] [FOOD_CONTEST        ] ECHO-08  | food at (597,283)
[14:41:09.861] [FOOD_CONTEST        ] ECHO-12  | food at (597,283)
[14:41:09.877] [FOOD_CONTEST        ] ECHO-08  | food at (597,283)
[14:41:09.877] [FOOD_CONTEST        ] ECHO-12  | food at (597,283)
[14:41:09.893] [FOOD_CONTEST        ] ECHO-08  | food at (597,283)
[14:41:09.893] [FOOD_CONTEST        ] ECHO-12  | food at (597,283)
[14:41:09.909] [FOOD_CONTEST        ] ECHO-08  | food at (597,283)
[14:41:09.909] [FOOD_CONTEST        ] ECHO-12  | food at (597,283)
[14:41:09.926] [FOOD_CONTEST        ] ECHO-08  | food at (597,283)
[14:41:09.927] [FOOD_CONTEST        ] ECHO-12  | food at (597,283)
[14:41:09.942] [FOOD_CONTEST        ] ECHO-08  | food at (597,283)
[14:41:09.943] [FOOD_CONTEST        ] ECHO-12  | food at (597,283)
[14:41:09.959] [FOOD_CONTEST        ] ECHO-08  | food at (597,283)
[14:41:09.959] [FOOD_CONTEST        ] ECHO-12  | food at (597,283)
[14:41:09.975] [FOOD_CONTEST        ] ECHO-08  | food at (597,283)
[14:41:09.975] [FOOD_CONTEST        ] ECHO-12  | food at (597,283)
[14:41:09.992] [FOOD_CONTEST        ] ECHO-08  | food at (597,283)
[14:41:09.992] [FOOD_CONTEST        ] ECHO-12  | food at (597,283)
[14:41:10.009] [FOOD_CONTEST        ] ECHO-08  | food at (597,283)
[14:41:10.009] [FOOD_CONTEST        ] ECHO-12  | food at (597,283)
[14:41:10.026] [FOOD_CONTEST        ] ECHO-08  | food at (597,283)
[14:41:10.026] [FOOD_CONTEST        ] ECHO-12  | food at (597,283)
[14:41:10.043] [FOOD_CONTEST        ] ECHO-08  | food at (597,283)
[14:41:10.044] [FOOD_CONTEST        ] ECHO-12  | food at (597,283)
[14:41:10.060] [FOOD_CONTEST        ] ECHO-08  | food at (597,283)
[14:41:10.061] [FOOD_CONTEST        ] ECHO-12  | food at (597,283)
[14:41:10.077] [FOOD_CONTEST        ] ECHO-08  | food at (597,283)
[14:41:10.077] [FOOD_CONTEST        ] ECHO-12  | food at (597,283)
[14:41:10.093] [FOOD_CONTEST        ] ECHO-08  | food at (597,283)
[14:41:10.094] [FOOD_CONTEST        ] ECHO-12  | food at (597,283)
[14:41:10.110] [FOOD_CONTEST        ] ECHO-08  | food at (597,283)
[14:41:10.111] [FOOD_CONTEST        ] ECHO-12  | food at (597,283)
[14:41:10.126] [FOOD_CONTEST        ] ECHO-08  | food at (597,283)
[14:41:10.127] [FOOD_CONTEST        ] ECHO-12  | food at (597,283)
[14:41:10.142] [FOOD_CONTEST        ] ECHO-08  | food at (597,283)
[14:41:10.143] [FOOD_CONTEST        ] ECHO-12  | food at (597,283)
[14:41:10.158] [FOOD_CONTEST        ] ECHO-08  | food at (597,283)
[14:41:10.158] [FOOD_CONTEST        ] ECHO-12  | food at (597,283)
[14:41:10.175] [FOOD_CONTEST        ] ECHO-08  | food at (597,283)
[14:41:10.176] [FOOD_CONTEST        ] ECHO-12  | food at (597,283)
[14:41:10.190] [FOOD_CONTEST        ] ECHO-08  | food at (597,283)
[14:41:10.191] [FOOD_CONTEST        ] ECHO-12  | food at (597,283)
[14:41:10.206] [FOOD_CONTEST        ] ECHO-08  | food at (597,283)
[14:41:10.207] [FOOD_CONTEST        ] ECHO-12  | food at (597,283)
[14:41:10.223] [FOOD_CONTEST        ] ECHO-08  | food at (597,283)
[14:41:10.224] [FOOD_CONTEST        ] ECHO-12  | food at (597,283)
[14:41:10.240] [FOOD_CONTEST        ] ECHO-08  | food at (597,283)
[14:41:10.240] [FOOD_CONTEST        ] ECHO-12  | food at (597,283)
[14:41:10.257] [FOOD_CONTEST        ] ECHO-08  | food at (597,283)
[14:41:10.258] [FOOD_CONTEST        ] ECHO-12  | food at (597,283)
[14:41:10.274] [FOOD_CONTEST        ] ECHO-08  | food at (597,283)
[14:41:10.275] [FOOD_FOUND          ] ECHO-09  | ate at (518, 405)  total=2
[14:41:10.275] [FOOD_CONTEST        ] ECHO-12  | food at (597,283)
[14:41:10.290] [FOOD_CONTEST        ] ECHO-08  | food at (597,283)
[14:41:10.292] [FOOD_CLAIM          ] ECHO-09  | food at (529,341)
[14:41:10.293] [FOOD_CONTEST        ] ECHO-12  | food at (597,283)
[14:41:10.307] [FOOD_CONTEST        ] ECHO-08  | food at (597,283)
[14:41:10.308] [FOOD_CONTEST        ] ECHO-12  | food at (597,283)
[14:41:10.324] [FOOD_CONTEST        ] ECHO-08  | food at (597,283)
[14:41:10.325] [FOOD_CONTEST        ] ECHO-12  | food at (597,283)
[14:41:10.339] [FOOD_CONTEST        ] ECHO-08  | food at (597,283)
[14:41:10.340] [FOOD_CONTEST        ] ECHO-12  | food at (597,283)
[14:41:10.355] [FOOD_CONTEST        ] ECHO-08  | food at (597,283)
[14:41:10.358] [FOOD_CONTEST        ] ECHO-12  | food at (597,283)
[14:41:10.371] [FOOD_CONTEST        ] ECHO-08  | food at (597,283)
[14:41:10.372] [FOOD_CONTEST        ] ECHO-12  | food at (597,283)
[14:41:10.389] [FOOD_CONTEST        ] ECHO-08  | food at (597,283)
[14:41:10.389] [FOOD_CONTEST        ] ECHO-12  | food at (597,283)
[14:41:10.405] [FOOD_CONTEST        ] ECHO-08  | food at (597,283)
[14:41:10.406] [FOOD_CONTEST        ] ECHO-12  | food at (597,283)
[14:41:10.422] [FOOD_CONTEST        ] ECHO-08  | food at (597,283)
[14:41:10.423] [FOOD_CONTEST        ] ECHO-12  | food at (597,283)
[14:41:10.438] [FOOD_CONTEST        ] ECHO-08  | food at (597,283)
[14:41:10.439] [FOOD_CONTEST        ] ECHO-12  | food at (597,283)
[14:41:10.455] [FOOD_CONTEST        ] ECHO-08  | food at (597,283)
[14:41:10.458] [FOOD_CONTEST        ] ECHO-12  | food at (597,283)
[14:41:10.472] [FOOD_CONTEST        ] ECHO-08  | food at (597,283)
[14:41:10.474] [STATE_CHANGE        ] ECHO-10  | WANDER (3.4s) -> SEEK_FOOD  [normal]  h=55 e=58 s=27
[14:41:10.474] [FOOD_CLAIM          ] ECHO-10  | food at (488,334)
[14:41:10.475] [FOOD_CONTEST        ] ECHO-12  | food at (597,283)
[14:41:10.489] [FOOD_CONTEST        ] ECHO-08  | food at (597,283)
[14:41:10.490] [FOOD_CONTEST        ] ECHO-12  | food at (597,283)
[14:41:10.506] [FOOD_CONTEST        ] ECHO-08  | food at (597,283)
[14:41:10.507] [FOOD_CONTEST        ] ECHO-12  | food at (597,283)
[14:41:10.523] [FOOD_CONTEST        ] ECHO-08  | food at (597,283)
[14:41:10.524] [FOOD_CONTEST        ] ECHO-12  | food at (597,283)
[14:41:10.540] [FOOD_CONTEST        ] ECHO-08  | food at (597,283)
[14:41:10.574] [FOOD_CONTEST        ] ECHO-12  | food at (597,283)
[14:41:10.583] [FOOD_CONTEST        ] ECHO-08  | food at (597,283)
[14:41:10.614] [FOOD_CONTEST        ] ECHO-12  | food at (597,283)
[14:41:10.624] [FOOD_CONTEST        ] ECHO-08  | food at (597,283)
[14:41:10.655] [FOOD_CONTEST        ] ECHO-12  | food at (597,283)
[14:41:10.668] [FOOD_CONTEST        ] ECHO-08  | food at (597,283)
[14:41:10.695] [FOOD_CONTEST        ] ECHO-12  | food at (597,283)
[14:41:10.715] [FOOD_CONTEST        ] ECHO-08  | food at (597,283)
[14:41:10.746] [FOOD_CONTEST        ] ECHO-12  | food at (597,283)
[14:41:10.751] [FOOD_CONTEST        ] ECHO-08  | food at (597,283)
[14:41:10.762] [FOOD_CONTEST        ] ECHO-12  | food at (597,283)
[14:41:10.773] [FOOD_CONTEST        ] ECHO-08  | food at (597,283)
[14:41:10.775] [FOOD_CONTEST        ] ECHO-12  | food at (597,283)
[14:41:10.789] [FOOD_CONTEST        ] ECHO-08  | food at (597,283)
[14:41:10.796] [FOOD_CONTEST        ] ECHO-12  | food at (597,283)
[14:41:10.806] [FOOD_CONTEST        ] ECHO-08  | food at (597,283)
[14:41:10.826] [FOOD_CONTEST        ] ECHO-12  | food at (597,283)
[14:41:10.834] [FOOD_CLAIM          ] ECHO-03  | food at (178,355)
[14:41:10.834] [FOOD_CONTEST        ] ECHO-08  | food at (597,283)
[14:41:10.835] [FOOD_CONTEST        ] ECHO-12  | food at (597,283)
[14:41:10.851] [FOOD_CONTEST        ] ECHO-08  | food at (597,283)
[14:41:10.852] [FOOD_CONTEST        ] ECHO-12  | food at (597,283)
[14:41:10.868] [FOOD_CONTEST        ] ECHO-08  | food at (597,283)
[14:41:10.879] [FOOD_CONTEST        ] ECHO-12  | food at (597,283)
[14:41:10.883] [FOOD_CONTEST        ] ECHO-08  | food at (597,283)
[14:41:10.884] [FOOD_CONTEST        ] ECHO-12  | food at (597,283)
[14:41:10.900] [FOOD_CONTEST        ] ECHO-08  | food at (597,283)
[14:41:10.902] [FOOD_CONTEST        ] ECHO-12  | food at (597,283)
[14:41:10.916] [FOOD_CONTEST        ] ECHO-08  | food at (597,283)
[14:41:10.917] [FOOD_CONTEST        ] ECHO-12  | food at (597,283)
[14:41:10.932] [FOOD_CONTEST        ] ECHO-08  | food at (597,283)
[14:41:10.932] [FOOD_CONTEST        ] ECHO-12  | food at (597,283)
[14:41:10.948] [FOOD_CONTEST        ] ECHO-08  | food at (597,283)
[14:41:10.949] [FOOD_CONTEST        ] ECHO-12  | food at (597,283)
[14:41:10.966] [FOOD_CONTEST        ] ECHO-08  | food at (597,283)
[14:41:10.966] [FOOD_CONTEST        ] ECHO-12  | food at (597,283)
[14:41:10.983] [FOOD_CONTEST        ] ECHO-08  | food at (597,283)
[14:41:10.985] [FOOD_CONTEST        ] ECHO-12  | food at (597,283)
[14:41:10.999] [FOOD_CONTEST        ] ECHO-08  | food at (597,283)
[14:41:11.000] [FOOD_CONTEST        ] ECHO-12  | food at (597,283)
[14:41:11.015] [FOOD_CONTEST        ] ECHO-08  | food at (597,283)
[14:41:11.016] [FOOD_FOUND          ] ECHO-11  | ate at (164, 407)  total=2
[14:41:11.016] [FOOD_CONTEST        ] ECHO-12  | food at (597,283)
[14:41:11.031] [FOOD_CONTEST        ] ECHO-08  | food at (597,283)
[14:41:11.032] [STATE_CHANGE        ] ECHO-11  | SEEK_FOOD (11.8s) -> REST  [normal]  h=32 e=25 s=32
[14:41:11.033] [REST_REASON         ] ECHO-11  | low_energy | energy=25.0 laziness=0.66
[14:41:11.033] [FOOD_CONTEST        ] ECHO-12  | food at (597,283)
[14:41:11.048] [FOOD_CONTEST        ] ECHO-08  | food at (597,283)
[14:41:11.049] [FOOD_CONTEST        ] ECHO-12  | food at (597,283)
[14:41:11.065] [FOOD_CONTEST        ] ECHO-08  | food at (597,283)
[14:41:11.066] [FOOD_CONTEST        ] ECHO-12  | food at (597,283)
[14:41:11.082] [FOOD_CONTEST        ] ECHO-08  | food at (597,283)
[14:41:11.083] [FOOD_CONTEST        ] ECHO-12  | food at (597,283)
[14:41:11.099] [FOOD_CONTEST        ] ECHO-08  | food at (597,283)
[14:41:11.099] [FOOD_CONTEST        ] ECHO-12  | food at (597,283)
[14:41:11.115] [FOOD_CONTEST        ] ECHO-08  | food at (597,283)
[14:41:11.115] [FOOD_CONTEST        ] ECHO-12  | food at (597,283)
[14:41:11.131] [FOOD_CONTEST        ] ECHO-08  | food at (597,283)
[14:41:11.131] [FOOD_CONTEST        ] ECHO-12  | food at (597,283)
[14:41:11.148] [FOOD_CONTEST        ] ECHO-08  | food at (597,283)
[14:41:11.149] [FOOD_CONTEST        ] ECHO-12  | food at (597,283)
[14:41:11.165] [FOOD_CONTEST        ] ECHO-08  | food at (597,283)
[14:41:11.166] [FOOD_CONTEST        ] ECHO-12  | food at (597,283)
[14:41:11.181] [FOOD_CONTEST        ] ECHO-08  | food at (597,283)
[14:41:11.182] [FOOD_CONTEST        ] ECHO-12  | food at (597,283)
[14:41:11.197] [FOOD_CONTEST        ] ECHO-08  | food at (597,283)
[14:41:11.197] [FOOD_CONTEST        ] ECHO-12  | food at (597,283)
[14:41:11.213] [FOOD_CONTEST        ] ECHO-08  | food at (597,283)
[14:41:11.213] [FOOD_CONTEST        ] ECHO-12  | food at (597,283)
[14:41:11.230] [FOOD_CONTEST        ] ECHO-08  | food at (597,283)
[14:41:11.231] [FOOD_CONTEST        ] ECHO-12  | food at (597,283)
[14:41:11.248] [FOOD_CONTEST        ] ECHO-08  | food at (597,283)
[14:41:11.248] [FOOD_CONTEST        ] ECHO-12  | food at (597,283)
[14:41:11.264] [FOOD_CONTEST        ] ECHO-08  | food at (597,283)
[14:41:11.264] [FOOD_CONTEST        ] ECHO-12  | food at (597,283)
[14:41:11.280] [FOOD_CONTEST        ] ECHO-08  | food at (597,283)
[14:41:11.280] [FOOD_CONTEST        ] ECHO-12  | food at (597,283)
[14:41:11.297] [FOOD_CONTEST        ] ECHO-08  | food at (597,283)
[14:41:11.297] [FOOD_CONTEST        ] ECHO-12  | food at (597,283)
[14:41:11.313] [FOOD_CONTEST        ] ECHO-08  | food at (597,283)
[14:41:11.313] [FOOD_CONTEST        ] ECHO-12  | food at (597,283)
[14:41:11.329] [FOOD_CONTEST        ] ECHO-08  | food at (597,283)
[14:41:11.330] [FOOD_CONTEST        ] ECHO-12  | food at (597,283)
[14:41:11.345] [FOOD_CONTEST        ] ECHO-08  | food at (597,283)
[14:41:11.346] [FOOD_CONTEST        ] ECHO-12  | food at (597,283)
[14:41:11.362] [FOOD_CONTEST        ] ECHO-08  | food at (597,283)
[14:41:11.362] [FOOD_CONTEST        ] ECHO-12  | food at (597,283)
[14:41:11.378] [FOOD_CONTEST        ] ECHO-08  | food at (597,283)
[14:41:11.378] [FOOD_CONTEST        ] ECHO-12  | food at (597,283)
[14:41:11.395] [FOOD_CONTEST        ] ECHO-08  | food at (597,283)
[14:41:11.396] [FOOD_CONTEST        ] ECHO-12  | food at (597,283)
[14:41:11.412] [FOOD_CONTEST        ] ECHO-08  | food at (597,283)
[14:41:11.412] [FOOD_CONTEST        ] ECHO-12  | food at (597,283)
[14:41:11.428] [FOOD_CONTEST        ] ECHO-08  | food at (597,283)
[14:41:11.429] [FOOD_CONTEST        ] ECHO-12  | food at (597,283)
[14:41:11.445] [FOOD_CONTEST        ] ECHO-08  | food at (597,283)
[14:41:11.445] [FOOD_CONTEST        ] ECHO-12  | food at (597,283)
[14:41:11.461] [FOOD_CONTEST        ] ECHO-08  | food at (597,283)
[14:41:11.461] [FOOD_CONTEST        ] ECHO-12  | food at (597,283)
[14:41:11.477] [FOOD_CONTEST        ] ECHO-08  | food at (597,283)
[14:41:11.477] [FOOD_CONTEST        ] ECHO-12  | food at (597,283)
[14:41:11.493] [FOOD_CONTEST        ] ECHO-08  | food at (597,283)
[14:41:11.493] [FOOD_CONTEST        ] ECHO-12  | food at (597,283)
[14:41:11.509] [FOOD_CONTEST        ] ECHO-08  | food at (597,283)
[14:41:11.510] [FOOD_CONTEST        ] ECHO-12  | food at (597,283)
[14:41:11.527] [FOOD_CONTEST        ] ECHO-08  | food at (597,283)
[14:41:11.528] [FOOD_CONTEST        ] ECHO-12  | food at (597,283)
[14:41:11.544] [FOOD_CONTEST        ] ECHO-08  | food at (597,283)
[14:41:11.545] [FOOD_CONTEST        ] ECHO-12  | food at (597,283)
[14:41:11.560] [FOOD_CONTEST        ] ECHO-08  | food at (597,283)
[14:41:11.560] [FOOD_CONTEST        ] ECHO-12  | food at (597,283)
[14:41:11.576] [FOOD_CONTEST        ] ECHO-08  | food at (597,283)
[14:41:11.576] [FOOD_CONTEST        ] ECHO-12  | food at (597,283)
[14:41:11.593] [FOOD_CONTEST        ] ECHO-08  | food at (597,283)
[14:41:11.593] [FOOD_CONTEST        ] ECHO-12  | food at (597,283)
[14:41:11.609] [FOOD_CONTEST        ] ECHO-08  | food at (597,283)
[14:41:11.610] [FOOD_CONTEST        ] ECHO-12  | food at (597,283)
[14:41:11.626] [FOOD_CONTEST        ] ECHO-08  | food at (597,283)
[14:41:11.626] [FOOD_CONTEST        ] ECHO-12  | food at (597,283)
[14:41:11.643] [FOOD_CONTEST        ] ECHO-08  | food at (597,283)
[14:41:11.643] [FOOD_CONTEST        ] ECHO-12  | food at (597,283)
[14:41:11.660] [FOOD_CONTEST        ] ECHO-08  | food at (597,283)
[14:41:11.660] [FOOD_CONTEST        ] ECHO-12  | food at (597,283)
[14:41:11.676] [DEATH               ] ECHO-01  | cause=starvation | lifespan=18.9s | state=SEEK_FOOD | hunger=100.0 | energy=12.5
--------------------------------------------------------------
  LIFE SUMMARY  –  ECHO-01
  Lifespan            : 18.9s
  Cause of death      : starvation
  Food eaten          : 0
  Distance travelled  : 208 px
  Social interactions : 0
  Time resting        : 0.0s
  Time socializing    : 0.0s
  Time seeking food   : 16.9s
  Dominant state      : SEEK_FOOD
  Best friend         : ECHO-05  (affinity=0.1)
  Personality         : risk=0.36  lazy=0.25  social=0.70  greed=0.55
--------------------------------------------------------------
[14:41:11.678] [FOOD_CLAIM_RELEASE  ] ECHO-01  | food at (979,543)
[14:41:11.679] [FOOD_CONTEST        ] ECHO-08  | food at (597,283)
[14:41:11.679] [FOOD_CONTEST        ] ECHO-12  | food at (597,283)
[14:41:11.693] [FOOD_CONTEST        ] ECHO-08  | food at (597,283)
[14:41:11.693] [FOOD_CONTEST        ] ECHO-12  | food at (597,283)
[14:41:11.709] [FOOD_CONTEST        ] ECHO-08  | food at (597,283)
[14:41:11.709] [FOOD_CONTEST        ] ECHO-12  | food at (597,283)
[14:41:11.725] [FOOD_CONTEST        ] ECHO-08  | food at (597,283)
[14:41:11.725] [FOOD_CONTEST        ] ECHO-12  | food at (597,283)
[14:41:11.742] [FOOD_CONTEST        ] ECHO-08  | food at (597,283)
[14:41:11.743] [FOOD_CONTEST        ] ECHO-12  | food at (597,283)
[14:41:11.759] [FOOD_CONTEST        ] ECHO-08  | food at (597,283)
[14:41:11.759] [FOOD_CONTEST        ] ECHO-12  | food at (597,283)
[14:41:11.775] [FOOD_CONTEST        ] ECHO-08  | food at (597,283)
[14:41:11.776] [FOOD_CONTEST        ] ECHO-12  | food at (597,283)
[14:41:11.792] [FOOD_CONTEST        ] ECHO-08  | food at (597,283)
[14:41:11.792] [FOOD_CONTEST        ] ECHO-12  | food at (597,283)
[14:41:11.809] [FOOD_CONTEST        ] ECHO-08  | food at (597,283)
[14:41:11.810] [FOOD_CONTEST        ] ECHO-12  | food at (597,283)
[14:41:11.825] [FOOD_CONTEST        ] ECHO-08  | food at (597,283)
[14:41:11.826] [FOOD_CONTEST        ] ECHO-12  | food at (597,283)
[14:41:11.843] [FOOD_CONTEST        ] ECHO-08  | food at (597,283)
[14:41:11.844] [FOOD_CONTEST        ] ECHO-12  | food at (597,283)
[14:41:11.860] [FOOD_CONTEST        ] ECHO-08  | food at (597,283)
[14:41:11.861] [FOOD_CONTEST        ] ECHO-12  | food at (597,283)
[14:41:11.876] [FOOD_CONTEST        ] ECHO-08  | food at (597,283)
[14:41:11.876] [FOOD_CONTEST        ] ECHO-12  | food at (597,283)
[14:41:11.892] [FOOD_CONTEST        ] ECHO-08  | food at (597,283)
[14:41:11.893] [FOOD_CONTEST        ] ECHO-12  | food at (597,283)
[14:41:11.908] [FOOD_CONTEST        ] ECHO-08  | food at (597,283)
[14:41:11.909] [FOOD_CONTEST        ] ECHO-12  | food at (597,283)
[14:41:11.925] [FOOD_CONTEST        ] ECHO-08  | food at (597,283)
[14:41:11.925] [FOOD_CONTEST        ] ECHO-12  | food at (597,283)
[14:41:11.942] [FOOD_CONTEST        ] ECHO-08  | food at (597,283)
[14:41:11.943] [FOOD_CONTEST        ] ECHO-12  | food at (597,283)
[14:41:11.959] [FOOD_CONTEST        ] ECHO-08  | food at (597,283)
[14:41:11.959] [FOOD_CONTEST        ] ECHO-12  | food at (597,283)
[14:41:11.976] [FOOD_CONTEST        ] ECHO-08  | food at (597,283)
[14:41:11.976] [FOOD_CONTEST        ] ECHO-12  | food at (597,283)
[14:41:11.992] [FOOD_CONTEST        ] ECHO-08  | food at (597,283)
[14:41:11.993] [FOOD_CONTEST        ] ECHO-12  | food at (597,283)
[14:41:12.008] [FOOD_CONTEST        ] ECHO-08  | food at (597,283)
[14:41:12.009] [FOOD_CONTEST        ] ECHO-12  | food at (597,283)
[14:41:12.025] [FOOD_CONTEST        ] ECHO-08  | food at (597,283)
[14:41:12.026] [FOOD_CONTEST        ] ECHO-12  | food at (597,283)
[14:41:12.042] [FOOD_CONTEST        ] ECHO-08  | food at (597,283)
[14:41:12.043] [FOOD_CONTEST        ] ECHO-12  | food at (597,283)
[14:41:12.059] [FOOD_CONTEST        ] ECHO-08  | food at (597,283)
[14:41:12.060] [FOOD_CONTEST        ] ECHO-12  | food at (597,283)
[14:41:12.075] [FOOD_CONTEST        ] ECHO-08  | food at (597,283)
[14:41:12.076] [FOOD_CONTEST        ] ECHO-12  | food at (597,283)
[14:41:12.092] [FOOD_CONTEST        ] ECHO-08  | food at (597,283)
[14:41:12.093] [FOOD_CONTEST        ] ECHO-12  | food at (597,283)
[14:41:12.108] [FOOD_CONTEST        ] ECHO-08  | food at (597,283)
[14:41:12.109] [FOOD_CONTEST        ] ECHO-12  | food at (597,283)
[14:41:12.126] [FOOD_CONTEST        ] ECHO-08  | food at (597,283)
[14:41:12.126] [FOOD_CONTEST        ] ECHO-12  | food at (597,283)
[14:41:12.143] [FOOD_CONTEST        ] ECHO-08  | food at (597,283)
[14:41:12.143] [FOOD_CONTEST        ] ECHO-12  | food at (597,283)
[14:41:12.160] [FOOD_CONTEST        ] ECHO-08  | food at (597,283)
[14:41:12.161] [FOOD_CONTEST        ] ECHO-12  | food at (597,283)
[14:41:12.176] [FOOD_CONTEST        ] ECHO-08  | food at (597,283)
[14:41:12.176] [FOOD_CONTEST        ] ECHO-12  | food at (597,283)
[14:41:12.192] [FOOD_CONTEST        ] ECHO-08  | food at (597,283)
[14:41:12.193] [FOOD_CONTEST        ] ECHO-12  | food at (597,283)
[14:41:12.209] [FOOD_CONTEST        ] ECHO-08  | food at (597,283)
[14:41:12.209] [FOOD_CONTEST        ] ECHO-12  | food at (597,283)
[14:41:12.225] [FOOD_CONTEST        ] ECHO-08  | food at (597,283)
[14:41:12.226] [FOOD_CONTEST        ] ECHO-12  | food at (597,283)
[14:41:12.241] [FOOD_CONTEST        ] ECHO-08  | food at (597,283)
[14:41:12.242] [FOOD_CONTEST        ] ECHO-12  | food at (597,283)
[14:41:12.257] [FOOD_CONTEST        ] ECHO-08  | food at (597,283)
[14:41:12.258] [FOOD_CONTEST        ] ECHO-12  | food at (597,283)
[14:41:12.274] [FOOD_CONTEST        ] ECHO-08  | food at (597,283)
[14:41:12.275] [FOOD_CONTEST        ] ECHO-12  | food at (597,283)
[14:41:12.290] [FOOD_CONTEST        ] ECHO-08  | food at (597,283)
[14:41:12.292] [FOOD_CONTEST        ] ECHO-12  | food at (597,283)
[14:41:12.307] [FOOD_CONTEST        ] ECHO-08  | food at (597,283)
[14:41:12.307] [FOOD_CONTEST        ] ECHO-12  | food at (597,283)
[14:41:12.323] [FOOD_CONTEST        ] ECHO-08  | food at (597,283)
[14:41:12.325] [FOOD_CONTEST        ] ECHO-12  | food at (597,283)
[14:41:12.339] [FOOD_CONTEST        ] ECHO-08  | food at (597,283)
[14:41:12.340] [FOOD_CONTEST        ] ECHO-12  | food at (597,283)
[14:41:12.356] [FOOD_CONTEST        ] ECHO-08  | food at (597,283)
[14:41:12.357] [FOOD_CONTEST        ] ECHO-12  | food at (597,283)
[14:41:12.372] [FOOD_CONTEST        ] ECHO-08  | food at (597,283)
[14:41:12.373] [FOOD_CONTEST        ] ECHO-12  | food at (597,283)
[14:41:12.389] [FOOD_CONTEST        ] ECHO-08  | food at (597,283)
[14:41:12.390] [FOOD_CONTEST        ] ECHO-12  | food at (597,283)
[14:41:12.405] [FOOD_CONTEST        ] ECHO-08  | food at (597,283)
[14:41:12.407] [FOOD_CONTEST        ] ECHO-12  | food at (597,283)
[14:41:12.422] [FOOD_CONTEST        ] ECHO-08  | food at (597,283)
[14:41:12.427] [FOOD_CONTEST        ] ECHO-12  | food at (597,283)
[14:41:12.438] [FOOD_CONTEST        ] ECHO-08  | food at (597,283)
[14:41:12.438] [FOOD_CONTEST        ] ECHO-12  | food at (597,283)
[14:41:12.453] [FOOD_CONTEST        ] ECHO-08  | food at (597,283)
[14:41:12.454] [FOOD_CONTEST        ] ECHO-12  | food at (597,283)
[14:41:12.470] [FOOD_CONTEST        ] ECHO-08  | food at (597,283)
[14:41:12.472] [FOOD_CONTEST        ] ECHO-12  | food at (597,283)
[14:41:12.486] [FOOD_CONTEST        ] ECHO-08  | food at (597,283)
[14:41:12.490] [FOOD_CONTEST        ] ECHO-12  | food at (597,283)
[14:41:12.503] [FOOD_CONTEST        ] ECHO-08  | food at (597,283)
[14:41:12.505] [FOOD_CONTEST        ] ECHO-12  | food at (597,283)
[14:41:12.520] [FOOD_CONTEST        ] ECHO-08  | food at (597,283)
[14:41:12.522] [FOOD_CONTEST        ] ECHO-12  | food at (597,283)
[14:41:12.536] [FOOD_CONTEST        ] ECHO-08  | food at (597,283)
[14:41:12.539] [FOOD_CONTEST        ] ECHO-12  | food at (597,283)
[14:41:12.553] [FOOD_CONTEST        ] ECHO-08  | food at (597,283)
[14:41:12.554] [FOOD_CONTEST        ] ECHO-12  | food at (597,283)
[14:41:12.570] [FOOD_CONTEST        ] ECHO-08  | food at (597,283)
[14:41:12.572] [FOOD_CONTEST        ] ECHO-12  | food at (597,283)
[14:41:12.586] [FOOD_CONTEST        ] ECHO-08  | food at (597,283)
[14:41:12.588] [FOOD_CONTEST        ] ECHO-12  | food at (597,283)
[14:41:12.602] [FOOD_CONTEST        ] ECHO-08  | food at (597,283)
[14:41:12.604] [FOOD_CONTEST        ] ECHO-12  | food at (597,283)
[14:41:12.618] [FOOD_CONTEST        ] ECHO-08  | food at (597,283)
[14:41:12.619] [FOOD_CONTEST        ] ECHO-12  | food at (597,283)
[14:41:12.634] [FOOD_CONTEST        ] ECHO-08  | food at (597,283)
[14:41:12.635] [FOOD_CONTEST        ] ECHO-12  | food at (597,283)
[14:41:12.651] [FOOD_CONTEST        ] ECHO-08  | food at (597,283)
[14:41:12.651] [FOOD_CONTEST        ] ECHO-12  | food at (597,283)
[14:41:12.667] [FOOD_CONTEST        ] ECHO-08  | food at (597,283)
[14:41:12.668] [FOOD_CONTEST        ] ECHO-12  | food at (597,283)
[14:41:12.683] [FOOD_CONTEST        ] ECHO-08  | food at (597,283)
[14:41:12.684] [FOOD_CONTEST        ] ECHO-12  | food at (597,283)
[14:41:12.700] [FOOD_CONTEST        ] ECHO-08  | food at (597,283)
[14:41:12.702] [FOOD_CONTEST        ] ECHO-12  | food at (597,283)
[14:41:12.716] [FOOD_CONTEST        ] ECHO-08  | food at (597,283)
[14:41:12.717] [FOOD_CONTEST        ] ECHO-12  | food at (597,283)
[14:41:12.732] [FOOD_CONTEST        ] ECHO-08  | food at (597,283)
[14:41:12.733] [FOOD_CONTEST        ] ECHO-12  | food at (597,283)
[14:41:12.749] [FOOD_CONTEST        ] ECHO-08  | food at (597,283)
[14:41:12.750] [FOOD_CONTEST        ] ECHO-12  | food at (597,283)
[14:41:12.766] [FOOD_CONTEST        ] ECHO-08  | food at (597,283)
[14:41:12.766] [FOOD_CONTEST        ] ECHO-12  | food at (597,283)
[14:41:12.782] [FOOD_CONTEST        ] ECHO-08  | food at (597,283)
[14:41:12.783] [FOOD_CONTEST        ] ECHO-12  | food at (597,283)
[14:41:12.800] [FOOD_CONTEST        ] ECHO-08  | food at (597,283)
[14:41:12.801] [FOOD_CONTEST        ] ECHO-12  | food at (597,283)
[14:41:12.817] [FOOD_CONTEST        ] ECHO-08  | food at (597,283)
[14:41:12.817] [FOOD_CONTEST        ] ECHO-12  | food at (597,283)
[14:41:12.834] [FOOD_CONTEST        ] ECHO-08  | food at (597,283)
[14:41:12.835] [FOOD_CONTEST        ] ECHO-12  | food at (597,283)
[14:41:12.835] [STATS               ]          | pop=11  avg_hunger= 78.8  avg_energy= 33.9  hungry=9  social_events=0
[14:41:12.850] [FOOD_CONTEST        ] ECHO-08  | food at (597,283)
[14:41:12.851] [FOOD_CONTEST        ] ECHO-12  | food at (597,283)
[14:41:12.867] [FOOD_CONTEST        ] ECHO-08  | food at (597,283)
[14:41:12.867] [FOOD_CONTEST        ] ECHO-12  | food at (597,283)
[14:41:12.883] [FOOD_CONTEST        ] ECHO-08  | food at (597,283)
[14:41:12.884] [FOOD_CONTEST        ] ECHO-12  | food at (597,283)
[14:41:12.899] [FOOD_CONTEST        ] ECHO-08  | food at (597,283)
[14:41:12.900] [FOOD_CONTEST        ] ECHO-12  | food at (597,283)
[14:41:12.915] [FOOD_CONTEST        ] ECHO-08  | food at (597,283)
[14:41:12.916] [FOOD_CONTEST        ] ECHO-12  | food at (597,283)
[14:41:12.932] [FOOD_CONTEST        ] ECHO-08  | food at (597,283)
[14:41:12.933] [FOOD_CONTEST        ] ECHO-12  | food at (597,283)
[14:41:12.949] [FOOD_CONTEST        ] ECHO-08  | food at (597,283)
[14:41:12.950] [FOOD_CONTEST        ] ECHO-12  | food at (597,283)
[14:41:12.965] [FOOD_FOUND          ] ECHO-05  | ate at (990, 544)  total=2
[14:41:12.966] [FOOD_CONTEST        ] ECHO-08  | food at (597,283)
[14:41:12.967] [FOOD_CONTEST        ] ECHO-12  | food at (597,283)
[14:41:12.982] [FOOD_CLAIM          ] ECHO-05  | food at (979,543)
[14:41:12.983] [FOOD_CONTEST        ] ECHO-08  | food at (597,283)
[14:41:12.984] [FOOD_CONTEST        ] ECHO-12  | food at (597,283)
[14:41:13.000] [FOOD_CONTEST        ] ECHO-08  | food at (597,283)
[14:41:13.006] [FOOD_CONTEST        ] ECHO-12  | food at (597,283)
[14:41:13.017] [FOOD_CONTEST        ] ECHO-08  | food at (597,283)
[14:41:13.017] [FOOD_CONTEST        ] ECHO-12  | food at (597,283)
[14:41:13.034] [FOOD_CONTEST        ] ECHO-08  | food at (597,283)
[14:41:13.039] [STATE_CHANGE        ] ECHO-11  | REST (2.0s) -> WANDER  [normal]  h=40 e=61 s=29
[14:41:13.039] [FOOD_CONTEST        ] ECHO-12  | food at (597,283)
[14:41:13.051] [FOOD_CONTEST        ] ECHO-08  | food at (597,283)
[14:41:13.052] [FOOD_CONTEST        ] ECHO-12  | food at (597,283)
[14:41:13.068] [FOOD_CONTEST        ] ECHO-08  | food at (597,283)
[14:41:13.068] [FOOD_CONTEST        ] ECHO-12  | food at (597,283)
[14:41:13.084] [FOOD_CONTEST        ] ECHO-08  | food at (597,283)
[14:41:13.085] [FOOD_CONTEST        ] ECHO-12  | food at (597,283)
[14:41:13.100] [FOOD_CONTEST        ] ECHO-08  | food at (597,283)
[14:41:13.101] [FOOD_CONTEST        ] ECHO-12  | food at (597,283)
[14:41:13.116] [FOOD_CONTEST        ] ECHO-08  | food at (597,283)
[14:41:13.117] [FOOD_CONTEST        ] ECHO-12  | food at (597,283)
[14:41:13.133] [FOOD_CONTEST        ] ECHO-08  | food at (597,283)
[14:41:13.134] [FOOD_CONTEST        ] ECHO-12  | food at (597,283)
[14:41:13.149] [FOOD_CONTEST        ] ECHO-08  | food at (597,283)
[14:41:13.150] [FOOD_CONTEST        ] ECHO-12  | food at (597,283)
[14:41:13.165] [FOOD_FOUND          ] ECHO-05  | ate at (989, 544)  total=3
[14:41:13.166] [FOOD_CONTEST        ] ECHO-08  | food at (597,283)
[14:41:13.167] [FOOD_CONTEST        ] ECHO-12  | food at (597,283)
[14:41:13.181] [STATE_CHANGE        ] ECHO-05  | SEEK_FOOD (17.6s) -> REST  [normal]  h=17 e=11 s=9
[14:41:13.182] [REST_REASON         ] ECHO-05  | low_energy | energy=10.9 laziness=0.60
[14:41:13.182] [FOOD_CONTEST        ] ECHO-08  | food at (597,283)
[14:41:13.183] [FOOD_CONTEST        ] ECHO-12  | food at (597,283)
[14:41:13.198] [FOOD_CONTEST        ] ECHO-08  | food at (597,283)
[14:41:13.199] [FOOD_CONTEST        ] ECHO-12  | food at (597,283)
[14:41:13.214] [FOOD_CONTEST        ] ECHO-08  | food at (597,283)
[14:41:13.215] [FOOD_CONTEST        ] ECHO-12  | food at (597,283)
[14:41:13.231] [FOOD_CONTEST        ] ECHO-08  | food at (597,283)
[14:41:13.232] [FOOD_CONTEST        ] ECHO-12  | food at (597,283)
[14:41:13.248] [FOOD_CONTEST        ] ECHO-08  | food at (597,283)
[14:41:13.249] [FOOD_CONTEST        ] ECHO-12  | food at (597,283)
[14:41:13.264] [FOOD_CONTEST        ] ECHO-08  | food at (597,283)
[14:41:13.266] [FOOD_CONTEST        ] ECHO-12  | food at (597,283)
[14:41:13.282] [FOOD_CONTEST        ] ECHO-08  | food at (597,283)
[14:41:13.282] [FOOD_CONTEST        ] ECHO-12  | food at (597,283)
[14:41:13.297] [FOOD_FOUND          ] ECHO-02  | ate at (194, 373)  total=2
[14:41:13.298] [FOOD_CONTEST        ] ECHO-08  | food at (597,283)
[14:41:13.298] [FOOD_CONTEST        ] ECHO-12  | food at (597,283)
[14:41:13.313] [FOOD_CONTEST        ] ECHO-02  | food at (178,355)
[14:41:13.314] [FOOD_CONTEST        ] ECHO-03  | food at (178,355)
[14:41:13.314] [FOOD_CONTEST        ] ECHO-08  | food at (597,283)
[14:41:13.315] [FOOD_CONTEST        ] ECHO-12  | food at (597,283)
[14:41:13.330] [FOOD_CONTEST        ] ECHO-02  | food at (178,355)
[14:41:13.330] [FOOD_CONTEST        ] ECHO-03  | food at (178,355)
[14:41:13.331] [FOOD_CONTEST        ] ECHO-08  | food at (597,283)
[14:41:13.331] [FOOD_CONTEST        ] ECHO-12  | food at (597,283)
[14:41:13.346] [FOOD_CONTEST        ] ECHO-02  | food at (178,355)
[14:41:13.346] [FOOD_CONTEST        ] ECHO-03  | food at (178,355)
[14:41:13.347] [FOOD_CONTEST        ] ECHO-08  | food at (597,283)
[14:41:13.347] [FOOD_CONTEST        ] ECHO-12  | food at (597,283)
[14:41:13.362] [FOOD_CONTEST        ] ECHO-02  | food at (178,355)
[14:41:13.362] [FOOD_CONTEST        ] ECHO-03  | food at (178,355)
[14:41:13.362] [FOOD_CONTEST        ] ECHO-08  | food at (597,283)
[14:41:13.363] [FOOD_CONTEST        ] ECHO-12  | food at (597,283)
[14:41:13.378] [FOOD_CONTEST        ] ECHO-02  | food at (178,355)
[14:41:13.378] [FOOD_CONTEST        ] ECHO-03  | food at (178,355)
[14:41:13.378] [FOOD_CONTEST        ] ECHO-08  | food at (597,283)
[14:41:13.379] [FOOD_CONTEST        ] ECHO-12  | food at (597,283)
[14:41:13.394] [FOOD_CONTEST        ] ECHO-02  | food at (178,355)
[14:41:13.394] [FOOD_CONTEST        ] ECHO-03  | food at (178,355)
[14:41:13.395] [FOOD_CONTEST        ] ECHO-08  | food at (597,283)
[14:41:13.395] [FOOD_CONTEST        ] ECHO-12  | food at (597,283)
[14:41:13.410] [FOOD_CONTEST        ] ECHO-02  | food at (178,355)
[14:41:13.410] [FOOD_CONTEST        ] ECHO-03  | food at (178,355)
[14:41:13.411] [FOOD_CONTEST        ] ECHO-08  | food at (597,283)
[14:41:13.411] [FOOD_CONTEST        ] ECHO-12  | food at (597,283)
[14:41:13.427] [FOOD_CONTEST        ] ECHO-02  | food at (178,355)
[14:41:13.427] [FOOD_CONTEST        ] ECHO-03  | food at (178,355)
[14:41:13.428] [FOOD_CONTEST        ] ECHO-08  | food at (597,283)
[14:41:13.428] [FOOD_CONTEST        ] ECHO-12  | food at (597,283)
[14:41:13.443] [FOOD_CONTEST        ] ECHO-02  | food at (178,355)
[14:41:13.443] [FOOD_CONTEST        ] ECHO-03  | food at (178,355)
[14:41:13.443] [FOOD_CONTEST        ] ECHO-08  | food at (597,283)
[14:41:13.444] [FOOD_CONTEST        ] ECHO-12  | food at (597,283)
[14:41:13.459] [FOOD_CONTEST        ] ECHO-02  | food at (178,355)
[14:41:13.459] [FOOD_CONTEST        ] ECHO-03  | food at (178,355)
[14:41:13.460] [FOOD_CONTEST        ] ECHO-08  | food at (597,283)
[14:41:13.461] [FOOD_CONTEST        ] ECHO-12  | food at (597,283)
[14:41:13.476] [FOOD_CONTEST        ] ECHO-02  | food at (178,355)
[14:41:13.476] [FOOD_CONTEST        ] ECHO-03  | food at (178,355)
[14:41:13.477] [FOOD_CONTEST        ] ECHO-08  | food at (597,283)
[14:41:13.477] [FOOD_CONTEST        ] ECHO-12  | food at (597,283)
[14:41:13.492] [FOOD_CONTEST        ] ECHO-02  | food at (178,355)
[14:41:13.492] [FOOD_CONTEST        ] ECHO-03  | food at (178,355)
[14:41:13.493] [FOOD_CONTEST        ] ECHO-08  | food at (597,283)
[14:41:13.493] [FOOD_CONTEST        ] ECHO-12  | food at (597,283)
[14:41:13.509] [FOOD_CONTEST        ] ECHO-02  | food at (178,355)
[14:41:13.509] [FOOD_CONTEST        ] ECHO-03  | food at (178,355)
[14:41:13.509] [FOOD_CONTEST        ] ECHO-08  | food at (597,283)
[14:41:13.510] [FOOD_CONTEST        ] ECHO-12  | food at (597,283)
[14:41:13.526] [FOOD_CONTEST        ] ECHO-02  | food at (178,355)
[14:41:13.526] [FOOD_CONTEST        ] ECHO-03  | food at (178,355)
[14:41:13.526] [FOOD_CONTEST        ] ECHO-08  | food at (597,283)
[14:41:13.527] [FOOD_CONTEST        ] ECHO-12  | food at (597,283)
[14:41:13.542] [FOOD_CONTEST        ] ECHO-02  | food at (178,355)
[14:41:13.543] [FOOD_CONTEST        ] ECHO-03  | food at (178,355)
[14:41:13.543] [FOOD_CONTEST        ] ECHO-08  | food at (597,283)
[14:41:13.544] [FOOD_CONTEST        ] ECHO-12  | food at (597,283)
[14:41:13.560] [FOOD_CONTEST        ] ECHO-02  | food at (178,355)
[14:41:13.560] [FOOD_CONTEST        ] ECHO-03  | food at (178,355)
[14:41:13.561] [FOOD_CONTEST        ] ECHO-08  | food at (597,283)
[14:41:13.563] [FOOD_CONTEST        ] ECHO-12  | food at (597,283)
[14:41:13.577] [FOOD_CONTEST        ] ECHO-02  | food at (178,355)
[14:41:13.577] [FOOD_CONTEST        ] ECHO-03  | food at (178,355)
[14:41:13.577] [FOOD_CONTEST        ] ECHO-08  | food at (597,283)
[14:41:13.579] [FOOD_CONTEST        ] ECHO-12  | food at (597,283)
[14:41:13.593] [FOOD_CONTEST        ] ECHO-02  | food at (178,355)
[14:41:13.593] [FOOD_CONTEST        ] ECHO-03  | food at (178,355)
[14:41:13.594] [FOOD_CONTEST        ] ECHO-08  | food at (597,283)
[14:41:13.594] [FOOD_CONTEST        ] ECHO-12  | food at (597,283)
[14:41:13.610] [FOOD_CONTEST        ] ECHO-02  | food at (178,355)
[14:41:13.610] [FOOD_CONTEST        ] ECHO-03  | food at (178,355)
[14:41:13.611] [FOOD_CONTEST        ] ECHO-08  | food at (597,283)
[14:41:13.611] [FOOD_CONTEST        ] ECHO-12  | food at (597,283)
[14:41:13.627] [FOOD_CONTEST        ] ECHO-02  | food at (178,355)
[14:41:13.627] [FOOD_CONTEST        ] ECHO-03  | food at (178,355)
[14:41:13.627] [FOOD_CONTEST        ] ECHO-08  | food at (597,283)
[14:41:13.627] [FOOD_FOUND          ] ECHO-09  | ate at (527, 351)  total=3
[14:41:13.627] [FOOD_CONTEST        ] ECHO-12  | food at (597,283)
[14:41:13.644] [FOOD_CONTEST        ] ECHO-02  | food at (178,355)
[14:41:13.644] [FOOD_CONTEST        ] ECHO-03  | food at (178,355)
[14:41:13.645] [FOOD_CONTEST        ] ECHO-08  | food at (597,283)
[14:41:13.645] [STATE_CHANGE        ] ECHO-09  | SEEK_FOOD (9.0s) -> SOCIALIZE  [normal]  h=21 e=49 s=19
[14:41:13.646] [FOOD_CONTEST        ] ECHO-12  | food at (597,283)
[14:41:13.660] [FOOD_CONTEST        ] ECHO-02  | food at (178,355)
[14:41:13.660] [FOOD_CONTEST        ] ECHO-03  | food at (178,355)
[14:41:13.660] [FOOD_CONTEST        ] ECHO-08  | food at (597,283)
[14:41:13.661] [FOOD_CONTEST        ] ECHO-12  | food at (597,283)
[14:41:13.676] [FOOD_CONTEST        ] ECHO-02  | food at (178,355)
[14:41:13.676] [FOOD_CONTEST        ] ECHO-03  | food at (178,355)
[14:41:13.676] [FOOD_CONTEST        ] ECHO-08  | food at (597,283)
[14:41:13.677] [FOOD_CONTEST        ] ECHO-12  | food at (597,283)
[14:41:13.692] [FOOD_CONTEST        ] ECHO-02  | food at (178,355)
[14:41:13.692] [FOOD_CONTEST        ] ECHO-03  | food at (178,355)
[14:41:13.692] [FOOD_CONTEST        ] ECHO-08  | food at (597,283)
[14:41:13.693] [FOOD_CONTEST        ] ECHO-12  | food at (597,283)
[14:41:13.709] [FOOD_CONTEST        ] ECHO-02  | food at (178,355)
[14:41:13.709] [FOOD_CONTEST        ] ECHO-03  | food at (178,355)
[14:41:13.709] [FOOD_CONTEST        ] ECHO-08  | food at (597,283)
[14:41:13.710] [FOOD_CONTEST        ] ECHO-12  | food at (597,283)
[14:41:13.725] [FOOD_CONTEST        ] ECHO-02  | food at (178,355)
[14:41:13.727] [FOOD_CONTEST        ] ECHO-03  | food at (178,355)
[14:41:13.727] [FOOD_CONTEST        ] ECHO-08  | food at (597,283)
[14:41:13.727] [FOOD_CONTEST        ] ECHO-12  | food at (597,283)
[14:41:13.742] [FOOD_CONTEST        ] ECHO-02  | food at (178,355)
[14:41:13.742] [FOOD_CONTEST        ] ECHO-03  | food at (178,355)
[14:41:13.743] [FOOD_CONTEST        ] ECHO-08  | food at (597,283)
[14:41:13.743] [FOOD_CONTEST        ] ECHO-12  | food at (597,283)
[14:41:13.759] [FOOD_CONTEST        ] ECHO-02  | food at (178,355)
[14:41:13.759] [FOOD_CONTEST        ] ECHO-03  | food at (178,355)
[14:41:13.759] [FOOD_CONTEST        ] ECHO-08  | food at (597,283)
[14:41:13.759] [FOOD_CONTEST        ] ECHO-12  | food at (597,283)
[14:41:13.775] [FOOD_CONTEST        ] ECHO-02  | food at (178,355)
[14:41:13.775] [FOOD_CONTEST        ] ECHO-03  | food at (178,355)
[14:41:13.776] [FOOD_CONTEST        ] ECHO-08  | food at (597,283)
[14:41:13.776] [FOOD_CONTEST        ] ECHO-12  | food at (597,283)
[14:41:13.791] [FOOD_CONTEST        ] ECHO-02  | food at (178,355)
[14:41:13.791] [FOOD_CONTEST        ] ECHO-03  | food at (178,355)
[14:41:13.792] [FOOD_CONTEST        ] ECHO-08  | food at (597,283)
[14:41:13.792] [FOOD_CONTEST        ] ECHO-12  | food at (597,283)
[14:41:13.807] [FOOD_CONTEST        ] ECHO-02  | food at (178,355)
[14:41:13.808] [FOOD_CONTEST        ] ECHO-03  | food at (178,355)
[14:41:13.808] [FOOD_CONTEST        ] ECHO-08  | food at (597,283)
[14:41:13.809] [FOOD_CONTEST        ] ECHO-12  | food at (597,283)
[14:41:13.823] [FOOD_CONTEST        ] ECHO-02  | food at (178,355)
[14:41:13.824] [FOOD_CONTEST        ] ECHO-03  | food at (178,355)
[14:41:13.824] [FOOD_CONTEST        ] ECHO-08  | food at (597,283)
[14:41:13.825] [FOOD_CONTEST        ] ECHO-12  | food at (597,283)
[14:41:13.839] [FOOD_CONTEST        ] ECHO-02  | food at (178,355)
[14:41:13.840] [FOOD_CONTEST        ] ECHO-03  | food at (178,355)
[14:41:13.841] [FOOD_CONTEST        ] ECHO-08  | food at (597,283)
[14:41:13.842] [FOOD_CONTEST        ] ECHO-12  | food at (597,283)
[14:41:13.855] [FOOD_CONTEST        ] ECHO-02  | food at (178,355)
[14:41:13.856] [FOOD_CONTEST        ] ECHO-03  | food at (178,355)
[14:41:13.857] [FOOD_CONTEST        ] ECHO-08  | food at (597,283)
[14:41:13.858] [FOOD_CONTEST        ] ECHO-12  | food at (597,283)
[14:41:13.873] [FOOD_CONTEST        ] ECHO-02  | food at (178,355)
[14:41:13.874] [FOOD_CONTEST        ] ECHO-03  | food at (178,355)
[14:41:13.875] [FOOD_CONTEST        ] ECHO-08  | food at (597,283)
[14:41:13.876] [FOOD_CONTEST        ] ECHO-12  | food at (597,283)
[14:41:13.888] [FOOD_CONTEST        ] ECHO-02  | food at (178,355)
[14:41:13.892] [FOOD_CONTEST        ] ECHO-03  | food at (178,355)
[14:41:13.893] [FOOD_CONTEST        ] ECHO-08  | food at (597,283)
[14:41:13.894] [FOOD_CONTEST        ] ECHO-12  | food at (597,283)
[14:41:13.905] [FOOD_CONTEST        ] ECHO-02  | food at (178,355)
[14:41:13.906] [FOOD_CONTEST        ] ECHO-03  | food at (178,355)
[14:41:13.907] [FOOD_CONTEST        ] ECHO-08  | food at (597,283)
[14:41:13.907] [FOOD_CONTEST        ] ECHO-12  | food at (597,283)
[14:41:13.923] [FOOD_CONTEST        ] ECHO-02  | food at (178,355)
[14:41:13.923] [FOOD_CONTEST        ] ECHO-03  | food at (178,355)
[14:41:13.925] [FOOD_CONTEST        ] ECHO-08  | food at (597,283)
[14:41:13.925] [FOOD_CONTEST        ] ECHO-12  | food at (597,283)
[14:41:13.940] [FOOD_CONTEST        ] ECHO-02  | food at (178,355)
[14:41:13.940] [FOOD_CONTEST        ] ECHO-03  | food at (178,355)
[14:41:13.943] [FOOD_CONTEST        ] ECHO-08  | food at (597,283)
[14:41:13.943] [FOOD_CONTEST        ] ECHO-12  | food at (597,283)
[14:41:13.956] [FOOD_CONTEST        ] ECHO-02  | food at (178,355)
[14:41:13.957] [FOOD_CONTEST        ] ECHO-03  | food at (178,355)
[14:41:13.958] [FOOD_CONTEST        ] ECHO-08  | food at (597,283)
[14:41:13.959] [FOOD_CONTEST        ] ECHO-12  | food at (597,283)
[14:41:13.972] [FOOD_CONTEST        ] ECHO-02  | food at (178,355)
[14:41:13.976] [FOOD_CONTEST        ] ECHO-03  | food at (178,355)
[14:41:13.977] [FOOD_CONTEST        ] ECHO-08  | food at (597,283)
[14:41:13.977] [FOOD_CONTEST        ] ECHO-12  | food at (597,283)
[14:41:13.988] [FOOD_CONTEST        ] ECHO-02  | food at (178,355)
[14:41:13.988] [FOOD_CONTEST        ] ECHO-03  | food at (178,355)
[14:41:13.988] [FOOD_CONTEST        ] ECHO-08  | food at (597,283)
[14:41:13.989] [FOOD_CONTEST        ] ECHO-12  | food at (597,283)
[14:41:14.004] [FOOD_CONTEST        ] ECHO-02  | food at (178,355)
[14:41:14.005] [FOOD_CONTEST        ] ECHO-03  | food at (178,355)
[14:41:14.006] [FOOD_CONTEST        ] ECHO-08  | food at (597,283)
[14:41:14.008] [FOOD_CONTEST        ] ECHO-12  | food at (597,283)
[14:41:14.021] [FOOD_CONTEST        ] ECHO-02  | food at (178,355)
[14:41:14.022] [FOOD_CONTEST        ] ECHO-03  | food at (178,355)
[14:41:14.023] [FOOD_CONTEST        ] ECHO-08  | food at (597,283)
[14:41:14.024] [FOOD_CONTEST        ] ECHO-12  | food at (597,283)
[14:41:14.038] [FOOD_CONTEST        ] ECHO-02  | food at (178,355)
[14:41:14.038] [FOOD_CONTEST        ] ECHO-03  | food at (178,355)
[14:41:14.039] [FOOD_CONTEST        ] ECHO-08  | food at (597,283)
[14:41:14.040] [FOOD_CONTEST        ] ECHO-12  | food at (597,283)
[14:41:14.054] [FOOD_CONTEST        ] ECHO-02  | food at (178,355)
[14:41:14.055] [FOOD_CONTEST        ] ECHO-03  | food at (178,355)
[14:41:14.056] [FOOD_CONTEST        ] ECHO-08  | food at (597,283)
[14:41:14.057] [FOOD_CONTEST        ] ECHO-12  | food at (597,283)
[14:41:14.071] [FOOD_CONTEST        ] ECHO-02  | food at (178,355)
[14:41:14.075] [FOOD_CONTEST        ] ECHO-03  | food at (178,355)
[14:41:14.075] [FOOD_CONTEST        ] ECHO-08  | food at (597,283)
[14:41:14.076] [FOOD_CONTEST        ] ECHO-12  | food at (597,283)
[14:41:14.087] [FOOD_CONTEST        ] ECHO-02  | food at (178,355)
[14:41:14.092] [FOOD_CONTEST        ] ECHO-03  | food at (178,355)
[14:41:14.094] [FOOD_CONTEST        ] ECHO-08  | food at (597,283)
[14:41:14.094] [FOOD_CONTEST        ] ECHO-12  | food at (597,283)
[14:41:14.105] [FOOD_CONTEST        ] ECHO-02  | food at (178,355)
[14:41:14.106] [FOOD_CONTEST        ] ECHO-03  | food at (178,355)
[14:41:14.107] [FOOD_CONTEST        ] ECHO-08  | food at (597,283)
[14:41:14.107] [FOOD_CONTEST        ] ECHO-12  | food at (597,283)
[14:41:14.122] [FOOD_CONTEST        ] ECHO-02  | food at (178,355)
[14:41:14.123] [FOOD_CONTEST        ] ECHO-03  | food at (178,355)
[14:41:14.124] [FOOD_CONTEST        ] ECHO-08  | food at (597,283)
[14:41:14.124] [FOOD_CONTEST        ] ECHO-12  | food at (597,283)
[14:41:14.140] [FOOD_CONTEST        ] ECHO-02  | food at (178,355)
[14:41:14.141] [FOOD_CONTEST        ] ECHO-03  | food at (178,355)
[14:41:14.142] [FOOD_CONTEST        ] ECHO-08  | food at (597,283)
[14:41:14.142] [FOOD_CONTEST        ] ECHO-12  | food at (597,283)
[14:41:14.156] [FOOD_CONTEST        ] ECHO-02  | food at (178,355)
[14:41:14.157] [FOOD_CONTEST        ] ECHO-03  | food at (178,355)
[14:41:14.158] [FOOD_CONTEST        ] ECHO-08  | food at (597,283)
[14:41:14.158] [IDLE_ENTER          ] ECHO-11  | pausing for 2.9s
[14:41:14.158] [FOOD_CONTEST        ] ECHO-12  | food at (597,283)
[14:41:14.174] [FOOD_CONTEST        ] ECHO-02  | food at (178,355)
[14:41:14.175] [FOOD_CONTEST        ] ECHO-03  | food at (178,355)
[14:41:14.175] [FOOD_CONTEST        ] ECHO-08  | food at (597,283)
[14:41:14.175] [FOOD_CONTEST        ] ECHO-12  | food at (597,283)
[14:41:14.191] [FOOD_CONTEST        ] ECHO-02  | food at (178,355)
[14:41:14.192] [FOOD_CONTEST        ] ECHO-03  | food at (178,355)
[14:41:14.193] [FOOD_CONTEST        ] ECHO-08  | food at (597,283)
[14:41:14.193] [FOOD_CONTEST        ] ECHO-12  | food at (597,283)
[14:41:14.208] [FOOD_CONTEST        ] ECHO-02  | food at (178,355)
[14:41:14.208] [FOOD_CONTEST        ] ECHO-03  | food at (178,355)
[14:41:14.209] [FOOD_CONTEST        ] ECHO-08  | food at (597,283)
[14:41:14.210] [FOOD_CONTEST        ] ECHO-12  | food at (597,283)
[14:41:14.225] [FOOD_CONTEST        ] ECHO-02  | food at (178,355)
[14:41:14.225] [FOOD_CONTEST        ] ECHO-03  | food at (178,355)
[14:41:14.225] [FOOD_FOUND          ] ECHO-07  | ate at (987, 540)  total=2
[14:41:14.226] [FOOD_CONTEST        ] ECHO-08  | food at (597,283)
[14:41:14.226] [FOOD_CONTEST        ] ECHO-12  | food at (597,283)
[14:41:14.242] [FOOD_CONTEST        ] ECHO-02  | food at (178,355)
[14:41:14.242] [FOOD_CONTEST        ] ECHO-03  | food at (178,355)
[14:41:14.242] [FOOD_CONTEST        ] ECHO-07  | food at (979,525)
[14:41:14.244] [FOOD_CONTEST        ] ECHO-08  | food at (597,283)
[14:41:14.245] [FOOD_CONTEST        ] ECHO-12  | food at (597,283)
[14:41:14.258] [FOOD_CONTEST        ] ECHO-02  | food at (178,355)
[14:41:14.259] [FOOD_CONTEST        ] ECHO-03  | food at (178,355)
[14:41:14.259] [FOOD_CONTEST        ] ECHO-06  | food at (979,525)
[14:41:14.259] [FOOD_CONTEST        ] ECHO-07  | food at (979,525)
[14:41:14.259] [FOOD_CONTEST        ] ECHO-08  | food at (597,283)
[14:41:14.260] [FOOD_CONTEST        ] ECHO-12  | food at (597,283)
[14:41:14.274] [FOOD_CONTEST        ] ECHO-02  | food at (178,355)
[14:41:14.276] [FOOD_CONTEST        ] ECHO-03  | food at (178,355)
[14:41:14.276] [FOOD_CONTEST        ] ECHO-06  | food at (979,525)
[14:41:14.276] [FOOD_CONTEST        ] ECHO-07  | food at (979,525)
[14:41:14.277] [FOOD_CONTEST        ] ECHO-08  | food at (597,283)
[14:41:14.277] [FOOD_CONTEST        ] ECHO-12  | food at (597,283)
[14:41:14.290] [FOOD_CONTEST        ] ECHO-02  | food at (178,355)
[14:41:14.292] [FOOD_CONTEST        ] ECHO-03  | food at (178,355)
[14:41:14.292] [FOOD_CONTEST        ] ECHO-06  | food at (979,525)
[14:41:14.292] [FOOD_CONTEST        ] ECHO-07  | food at (979,525)
[14:41:14.292] [FOOD_CONTEST        ] ECHO-08  | food at (597,283)
[14:41:14.292] [FOOD_CONTEST        ] ECHO-12  | food at (597,283)
[14:41:14.306] [FOOD_CONTEST        ] ECHO-02  | food at (178,355)
[14:41:14.307] [FOOD_CONTEST        ] ECHO-03  | food at (178,355)
[14:41:14.308] [FOOD_CONTEST        ] ECHO-06  | food at (979,525)
[14:41:14.308] [FOOD_CONTEST        ] ECHO-07  | food at (979,525)
[14:41:14.308] [FOOD_CONTEST        ] ECHO-08  | food at (597,283)
[14:41:14.309] [FOOD_CONTEST        ] ECHO-12  | food at (597,283)
[14:41:14.322] [FOOD_CONTEST        ] ECHO-02  | food at (178,355)
[14:41:14.323] [FOOD_CONTEST        ] ECHO-03  | food at (178,355)
[14:41:14.323] [FOOD_CONTEST        ] ECHO-06  | food at (979,525)
[14:41:14.324] [FOOD_CONTEST        ] ECHO-07  | food at (979,525)
[14:41:14.325] [FOOD_CONTEST        ] ECHO-08  | food at (597,283)
[14:41:14.325] [FOOD_CONTEST        ] ECHO-12  | food at (597,283)
[14:41:14.338] [FOOD_CONTEST        ] ECHO-02  | food at (178,355)
[14:41:14.340] [FOOD_CONTEST        ] ECHO-03  | food at (178,355)
[14:41:14.341] [FOOD_CONTEST        ] ECHO-06  | food at (979,525)
[14:41:14.341] [FOOD_CONTEST        ] ECHO-07  | food at (979,525)
[14:41:14.342] [FOOD_CONTEST        ] ECHO-08  | food at (597,283)
[14:41:14.342] [FOOD_CONTEST        ] ECHO-12  | food at (597,283)
[14:41:14.355] [FOOD_CONTEST        ] ECHO-02  | food at (178,355)
[14:41:14.356] [FOOD_CONTEST        ] ECHO-03  | food at (178,355)
[14:41:14.356] [FOOD_CONTEST        ] ECHO-06  | food at (979,525)
[14:41:14.356] [FOOD_CONTEST        ] ECHO-07  | food at (979,525)
[14:41:14.357] [FOOD_CONTEST        ] ECHO-08  | food at (597,283)
[14:41:14.358] [FOOD_CONTEST        ] ECHO-12  | food at (597,283)
[14:41:14.371] [FOOD_CONTEST        ] ECHO-02  | food at (178,355)
[14:41:14.372] [FOOD_CONTEST        ] ECHO-03  | food at (178,355)
[14:41:14.372] [FOOD_CONTEST        ] ECHO-06  | food at (979,525)
[14:41:14.372] [FOOD_CONTEST        ] ECHO-07  | food at (979,525)
[14:41:14.373] [FOOD_CONTEST        ] ECHO-08  | food at (597,283)
[14:41:14.374] [FOOD_CONTEST        ] ECHO-12  | food at (597,283)
[14:41:14.387] [FOOD_CONTEST        ] ECHO-02  | food at (178,355)
[14:41:14.388] [FOOD_CONTEST        ] ECHO-03  | food at (178,355)
[14:41:14.388] [FOOD_CONTEST        ] ECHO-06  | food at (979,525)
[14:41:14.389] [FOOD_CONTEST        ] ECHO-07  | food at (979,525)
[14:41:14.391] [FOOD_CONTEST        ] ECHO-08  | food at (597,283)
[14:41:14.392] [FOOD_CONTEST        ] ECHO-12  | food at (597,283)
[14:41:14.404] [FOOD_CONTEST        ] ECHO-02  | food at (178,355)
[14:41:14.404] [FOOD_CONTEST        ] ECHO-03  | food at (178,355)
[14:41:14.405] [FOOD_CONTEST        ] ECHO-06  | food at (979,525)
[14:41:14.407] [FOOD_CONTEST        ] ECHO-07  | food at (979,525)
[14:41:14.408] [FOOD_CONTEST        ] ECHO-08  | food at (597,283)
[14:41:14.409] [FOOD_CONTEST        ] ECHO-12  | food at (597,283)
[14:41:14.422] [FOOD_CONTEST        ] ECHO-02  | food at (178,355)
[14:41:14.422] [FOOD_CONTEST        ] ECHO-03  | food at (178,355)
[14:41:14.426] [FOOD_CONTEST        ] ECHO-06  | food at (979,525)
[14:41:14.426] [FOOD_CONTEST        ] ECHO-07  | food at (979,525)
[14:41:14.426] [FOOD_CONTEST        ] ECHO-08  | food at (597,283)
[14:41:14.426] [FOOD_CONTEST        ] ECHO-12  | food at (597,283)
[14:41:14.439] [FOOD_CONTEST        ] ECHO-02  | food at (178,355)
[14:41:14.440] [FOOD_CONTEST        ] ECHO-03  | food at (178,355)
[14:41:14.442] [FOOD_CONTEST        ] ECHO-06  | food at (979,525)
[14:41:14.442] [FOOD_CONTEST        ] ECHO-07  | food at (979,525)
[14:41:14.442] [FOOD_CONTEST        ] ECHO-08  | food at (597,283)
[14:41:14.442] [FOOD_CONTEST        ] ECHO-12  | food at (597,283)
[14:41:14.455] [FOOD_CONTEST        ] ECHO-02  | food at (178,355)
[14:41:14.456] [FOOD_CONTEST        ] ECHO-03  | food at (178,355)
[14:41:14.456] [FOOD_CONTEST        ] ECHO-06  | food at (979,525)
[14:41:14.457] [FOOD_CONTEST        ] ECHO-07  | food at (979,525)
[14:41:14.457] [FOOD_CONTEST        ] ECHO-08  | food at (597,283)
[14:41:14.458] [FOOD_CONTEST        ] ECHO-12  | food at (597,283)
[14:41:14.472] [FOOD_CONTEST        ] ECHO-02  | food at (178,355)
[14:41:14.473] [FOOD_CONTEST        ] ECHO-03  | food at (178,355)
[14:41:14.474] [FOOD_CONTEST        ] ECHO-06  | food at (979,525)
[14:41:14.474] [FOOD_CONTEST        ] ECHO-07  | food at (979,525)
[14:41:14.475] [FOOD_CONTEST        ] ECHO-08  | food at (597,283)
[14:41:14.475] [FOOD_CONTEST        ] ECHO-12  | food at (597,283)
[14:41:14.489] [FOOD_CONTEST        ] ECHO-02  | food at (178,355)
[14:41:14.490] [FOOD_CONTEST        ] ECHO-03  | food at (178,355)
[14:41:14.492] [FOOD_CONTEST        ] ECHO-06  | food at (979,525)
[14:41:14.492] [FOOD_CONTEST        ] ECHO-07  | food at (979,525)
[14:41:14.492] [FOOD_CONTEST        ] ECHO-08  | food at (597,283)
[14:41:14.493] [FOOD_CONTEST        ] ECHO-12  | food at (597,283)
[14:41:14.505] [FOOD_CONTEST        ] ECHO-02  | food at (178,355)
[14:41:14.506] [FOOD_CONTEST        ] ECHO-03  | food at (178,355)
[14:41:14.507] [FOOD_CONTEST        ] ECHO-06  | food at (979,525)
[14:41:14.508] [FOOD_CONTEST        ] ECHO-07  | food at (979,525)
[14:41:14.508] [FOOD_CONTEST        ] ECHO-08  | food at (597,283)
[14:41:14.508] [FOOD_CONTEST        ] ECHO-12  | food at (597,283)
[14:41:14.521] [FOOD_CONTEST        ] ECHO-02  | food at (178,355)
[14:41:14.523] [FOOD_CONTEST        ] ECHO-03  | food at (178,355)
[14:41:14.525] [FOOD_CONTEST        ] ECHO-06  | food at (979,525)
[14:41:14.525] [FOOD_CONTEST        ] ECHO-07  | food at (979,525)
[14:41:14.526] [FOOD_CONTEST        ] ECHO-08  | food at (597,283)
[14:41:14.526] [FOOD_CONTEST        ] ECHO-12  | food at (597,283)
[14:41:14.537] [FOOD_CONTEST        ] ECHO-02  | food at (178,355)
[14:41:14.542] [FOOD_CONTEST        ] ECHO-03  | food at (178,355)
[14:41:14.542] [FOOD_CONTEST        ] ECHO-06  | food at (979,525)
[14:41:14.542] [FOOD_CONTEST        ] ECHO-07  | food at (979,525)
[14:41:14.542] [FOOD_CONTEST        ] ECHO-08  | food at (597,283)
[14:41:14.543] [FOOD_CONTEST        ] ECHO-12  | food at (597,283)
[14:41:14.553] [FOOD_CONTEST        ] ECHO-02  | food at (178,355)
[14:41:14.554] [FOOD_CONTEST        ] ECHO-03  | food at (178,355)
[14:41:14.555] [FOOD_CONTEST        ] ECHO-06  | food at (979,525)
[14:41:14.556] [FOOD_CONTEST        ] ECHO-07  | food at (979,525)
[14:41:14.558] [FOOD_CONTEST        ] ECHO-08  | food at (597,283)
[14:41:14.558] [FOOD_CONTEST        ] ECHO-12  | food at (597,283)
[14:41:14.570] [FOOD_CONTEST        ] ECHO-02  | food at (178,355)
[14:41:14.572] [FOOD_CONTEST        ] ECHO-03  | food at (178,355)
[14:41:14.573] [FOOD_CONTEST        ] ECHO-06  | food at (979,525)
[14:41:14.574] [FOOD_CONTEST        ] ECHO-07  | food at (979,525)
[14:41:14.575] [FOOD_CONTEST        ] ECHO-08  | food at (597,283)
[14:41:14.575] [SOCIAL              ] ECHO-09  | interacting with ECHO-10  total=1
[14:41:14.576] [FOOD_CONTEST        ] ECHO-12  | food at (597,283)
[14:41:14.586] [FOOD_CONTEST        ] ECHO-02  | food at (178,355)
[14:41:14.587] [FOOD_CONTEST        ] ECHO-03  | food at (178,355)
[14:41:14.587] [FOOD_CONTEST        ] ECHO-06  | food at (979,525)
[14:41:14.588] [FOOD_CONTEST        ] ECHO-07  | food at (979,525)
[14:41:14.588] [FOOD_CONTEST        ] ECHO-08  | food at (597,283)
[14:41:14.589] [FOOD_CONTEST        ] ECHO-12  | food at (597,283)
[14:41:14.603] [FOOD_CONTEST        ] ECHO-02  | food at (178,355)
[14:41:14.604] [FOOD_CONTEST        ] ECHO-03  | food at (178,355)
[14:41:14.604] [FOOD_CONTEST        ] ECHO-06  | food at (979,525)
[14:41:14.605] [FOOD_CONTEST        ] ECHO-07  | food at (979,525)
[14:41:14.606] [FOOD_CONTEST        ] ECHO-08  | food at (597,283)
[14:41:14.606] [FOOD_CONTEST        ] ECHO-12  | food at (597,283)
[14:41:14.620] [FOOD_CONTEST        ] ECHO-02  | food at (178,355)
[14:41:14.621] [FOOD_CONTEST        ] ECHO-03  | food at (178,355)
[14:41:14.622] [FOOD_CONTEST        ] ECHO-06  | food at (979,525)
[14:41:14.622] [FOOD_CONTEST        ] ECHO-07  | food at (979,525)
[14:41:14.623] [FOOD_CONTEST        ] ECHO-08  | food at (597,283)
[14:41:14.624] [FOOD_CONTEST        ] ECHO-12  | food at (597,283)
[14:41:14.636] [FOOD_CONTEST        ] ECHO-02  | food at (178,355)
[14:41:14.636] [FOOD_CONTEST        ] ECHO-03  | food at (178,355)
[14:41:14.637] [FOOD_CONTEST        ] ECHO-06  | food at (979,525)
[14:41:14.637] [FOOD_CONTEST        ] ECHO-07  | food at (979,525)
[14:41:14.638] [FOOD_CONTEST        ] ECHO-08  | food at (597,283)
[14:41:14.638] [FOOD_CONTEST        ] ECHO-12  | food at (597,283)
[14:41:14.652] [FOOD_CONTEST        ] ECHO-02  | food at (178,355)
[14:41:14.655] [FOOD_CONTEST        ] ECHO-03  | food at (178,355)
[14:41:14.658] [FOOD_CONTEST        ] ECHO-06  | food at (979,525)
[14:41:14.659] [FOOD_CONTEST        ] ECHO-07  | food at (979,525)
[14:41:14.659] [FOOD_CONTEST        ] ECHO-08  | food at (597,283)
[14:41:14.660] [FOOD_CONTEST        ] ECHO-12  | food at (597,283)
[14:41:14.669] [FOOD_CONTEST        ] ECHO-02  | food at (178,355)
[14:41:14.670] [FOOD_CONTEST        ] ECHO-03  | food at (178,355)
[14:41:14.672] [FOOD_CONTEST        ] ECHO-06  | food at (979,525)
[14:41:14.672] [FOOD_CONTEST        ] ECHO-07  | food at (979,525)
[14:41:14.673] [FOOD_CONTEST        ] ECHO-08  | food at (597,283)
[14:41:14.673] [FOOD_CONTEST        ] ECHO-12  | food at (597,283)
[14:41:14.686] [FOOD_CONTEST        ] ECHO-02  | food at (178,355)
[14:41:14.687] [FOOD_CONTEST        ] ECHO-03  | food at (178,355)
[14:41:14.687] [FOOD_CONTEST        ] ECHO-06  | food at (979,525)
[14:41:14.688] [FOOD_CONTEST        ] ECHO-07  | food at (979,525)
[14:41:14.689] [FOOD_CONTEST        ] ECHO-08  | food at (597,283)
[14:41:14.690] [FOOD_CONTEST        ] ECHO-12  | food at (597,283)
[14:41:14.702] [FOOD_CONTEST        ] ECHO-02  | food at (178,355)
[14:41:14.703] [FOOD_CONTEST        ] ECHO-03  | food at (178,355)
[14:41:14.704] [FOOD_CONTEST        ] ECHO-06  | food at (979,525)
[14:41:14.704] [FOOD_CONTEST        ] ECHO-07  | food at (979,525)
[14:41:14.705] [FOOD_CONTEST        ] ECHO-08  | food at (597,283)
[14:41:14.706] [FOOD_CONTEST        ] ECHO-12  | food at (597,283)
[14:41:14.718] [FOOD_CONTEST        ] ECHO-02  | food at (178,355)
[14:41:14.718] [FOOD_CONTEST        ] ECHO-03  | food at (178,355)
[14:41:14.719] [FOOD_CONTEST        ] ECHO-06  | food at (979,525)
[14:41:14.720] [FOOD_CONTEST        ] ECHO-07  | food at (979,525)
[14:41:14.720] [FOOD_CONTEST        ] ECHO-08  | food at (597,283)
[14:41:14.721] [FOOD_CONTEST        ] ECHO-12  | food at (597,283)
[14:41:14.734] [FOOD_CONTEST        ] ECHO-02  | food at (178,355)
[14:41:14.735] [FOOD_CONTEST        ] ECHO-03  | food at (178,355)
[14:41:14.735] [FOOD_CONTEST        ] ECHO-06  | food at (979,525)
[14:41:14.735] [FOOD_CONTEST        ] ECHO-07  | food at (979,525)
[14:41:14.735] [FOOD_CONTEST        ] ECHO-08  | food at (597,283)
[14:41:14.736] [FOOD_CONTEST        ] ECHO-12  | food at (597,283)
[14:41:14.752] [FOOD_CONTEST        ] ECHO-02  | food at (178,355)
[14:41:14.754] [FOOD_CONTEST        ] ECHO-03  | food at (178,355)
[14:41:14.755] [FOOD_CONTEST        ] ECHO-06  | food at (979,525)
[14:41:14.756] [FOOD_CONTEST        ] ECHO-07  | food at (979,525)
[14:41:14.756] [FOOD_CONTEST        ] ECHO-08  | food at (597,283)
[14:41:14.757] [FOOD_CONTEST        ] ECHO-12  | food at (597,283)
[14:41:14.769] [FOOD_CONTEST        ] ECHO-02  | food at (178,355)
[14:41:14.770] [FOOD_CONTEST        ] ECHO-03  | food at (178,355)
[14:41:14.772] [FOOD_CONTEST        ] ECHO-06  | food at (979,525)
[14:41:14.773] [FOOD_CONTEST        ] ECHO-07  | food at (979,525)
[14:41:14.774] [FOOD_CONTEST        ] ECHO-08  | food at (597,283)
[14:41:14.775] [FOOD_CONTEST        ] ECHO-12  | food at (597,283)
[14:41:14.785] [FOOD_CONTEST        ] ECHO-02  | food at (178,355)
[14:41:14.785] [FOOD_CONTEST        ] ECHO-03  | food at (178,355)
[14:41:14.786] [FOOD_CONTEST        ] ECHO-06  | food at (979,525)
[14:41:14.789] [FOOD_CONTEST        ] ECHO-07  | food at (979,525)
[14:41:14.789] [FOOD_CONTEST        ] ECHO-08  | food at (597,283)
[14:41:14.790] [FOOD_CONTEST        ] ECHO-12  | food at (597,283)
[14:41:14.802] [FOOD_CONTEST        ] ECHO-02  | food at (178,355)
[14:41:14.804] [FOOD_CONTEST        ] ECHO-03  | food at (178,355)
[14:41:14.806] [FOOD_CONTEST        ] ECHO-06  | food at (979,525)
[14:41:14.807] [FOOD_CONTEST        ] ECHO-07  | food at (979,525)
[14:41:14.809] [FOOD_CONTEST        ] ECHO-08  | food at (597,283)
[14:41:14.809] [FOOD_CONTEST        ] ECHO-12  | food at (597,283)
[14:41:14.819] [FOOD_CONTEST        ] ECHO-02  | food at (178,355)
[14:41:14.821] [FOOD_CONTEST        ] ECHO-03  | food at (178,355)
[14:41:14.821] [FOOD_CONTEST        ] ECHO-06  | food at (979,525)
[14:41:14.822] [FOOD_CONTEST        ] ECHO-07  | food at (979,525)
[14:41:14.825] [FOOD_CONTEST        ] ECHO-08  | food at (597,283)
[14:41:14.827] [FOOD_CONTEST        ] ECHO-12  | food at (597,283)
[14:41:14.835] [FOOD_CONTEST        ] ECHO-02  | food at (178,355)
[14:41:14.837] [FOOD_CONTEST        ] ECHO-03  | food at (178,355)
[14:41:14.840] [FOOD_CONTEST        ] ECHO-06  | food at (979,525)
[14:41:14.841] [FOOD_CONTEST        ] ECHO-07  | food at (979,525)
[14:41:14.842] [FOOD_CONTEST        ] ECHO-08  | food at (597,283)
[14:41:14.844] [FOOD_CONTEST        ] ECHO-12  | food at (597,283)
[14:41:14.852] [FOOD_CONTEST        ] ECHO-02  | food at (178,355)
[14:41:14.853] [FOOD_CONTEST        ] ECHO-03  | food at (178,355)
[14:41:14.854] [FOOD_CONTEST        ] ECHO-06  | food at (979,525)
[14:41:14.855] [FOOD_CONTEST        ] ECHO-07  | food at (979,525)
[14:41:14.855] [FOOD_CONTEST        ] ECHO-08  | food at (597,283)
[14:41:14.856] [FOOD_CONTEST        ] ECHO-12  | food at (597,283)
[14:41:14.868] [FOOD_CONTEST        ] ECHO-02  | food at (178,355)
[14:41:14.868] [FOOD_CONTEST        ] ECHO-03  | food at (178,355)
[14:41:14.869] [FOOD_CONTEST        ] ECHO-06  | food at (979,525)
[14:41:14.869] [FOOD_CONTEST        ] ECHO-07  | food at (979,525)
[14:41:14.870] [FOOD_CONTEST        ] ECHO-08  | food at (597,283)
[14:41:14.872] [FOOD_CONTEST        ] ECHO-12  | food at (597,283)
[14:41:14.884] [FOOD_CONTEST        ] ECHO-02  | food at (178,355)
[14:41:14.885] [FOOD_CONTEST        ] ECHO-03  | food at (178,355)
[14:41:14.885] [FOOD_CONTEST        ] ECHO-06  | food at (979,525)
[14:41:14.887] [FOOD_CONTEST        ] ECHO-07  | food at (979,525)
[14:41:14.888] [FOOD_CONTEST        ] ECHO-08  | food at (597,283)
[14:41:14.889] [FOOD_CONTEST        ] ECHO-12  | food at (597,283)
[14:41:14.902] [FOOD_CONTEST        ] ECHO-02  | food at (178,355)
[14:41:14.904] [FOOD_CONTEST        ] ECHO-03  | food at (178,355)
[14:41:14.905] [FOOD_CONTEST        ] ECHO-06  | food at (979,525)
[14:41:14.906] [FOOD_CONTEST        ] ECHO-07  | food at (979,525)
[14:41:14.907] [FOOD_CONTEST        ] ECHO-08  | food at (597,283)
[14:41:14.907] [FOOD_CONTEST        ] ECHO-12  | food at (597,283)
[14:41:14.919] [FOOD_CONTEST        ] ECHO-02  | food at (178,355)
[14:41:14.920] [FOOD_CONTEST        ] ECHO-03  | food at (178,355)
[14:41:14.921] [FOOD_CONTEST        ] ECHO-06  | food at (979,525)
[14:41:14.922] [FOOD_CONTEST        ] ECHO-07  | food at (979,525)
[14:41:14.922] [FOOD_CONTEST        ] ECHO-08  | food at (597,283)
[14:41:14.923] [FOOD_CONTEST        ] ECHO-12  | food at (597,283)
[14:41:14.935] [FOOD_CONTEST        ] ECHO-02  | food at (178,355)
[14:41:14.936] [FOOD_CONTEST        ] ECHO-03  | food at (178,355)
[14:41:14.937] [FOOD_CONTEST        ] ECHO-06  | food at (979,525)
[14:41:14.939] [FOOD_CONTEST        ] ECHO-07  | food at (979,525)
[14:41:14.940] [FOOD_CONTEST        ] ECHO-08  | food at (597,283)
[14:41:14.940] [FOOD_CONTEST        ] ECHO-12  | food at (597,283)
[14:41:14.951] [FOOD_CONTEST        ] ECHO-02  | food at (178,355)
[14:41:14.952] [FOOD_CONTEST        ] ECHO-03  | food at (178,355)
[14:41:14.952] [FOOD_CONTEST        ] ECHO-06  | food at (979,525)
[14:41:14.954] [FOOD_CONTEST        ] ECHO-07  | food at (979,525)
[14:41:14.954] [FOOD_CONTEST        ] ECHO-08  | food at (597,283)
[14:41:14.955] [FOOD_CONTEST        ] ECHO-12  | food at (597,283)
[14:41:14.967] [FOOD_CONTEST        ] ECHO-02  | food at (178,355)
[14:41:14.967] [FOOD_CONTEST        ] ECHO-03  | food at (178,355)
[14:41:14.968] [FOOD_CONTEST        ] ECHO-06  | food at (979,525)
[14:41:14.969] [FOOD_CONTEST        ] ECHO-07  | food at (979,525)
[14:41:14.970] [FOOD_CONTEST        ] ECHO-08  | food at (597,283)
[14:41:14.971] [FOOD_CONTEST        ] ECHO-12  | food at (597,283)
[14:41:14.983] [FOOD_CONTEST        ] ECHO-02  | food at (178,355)
[14:41:14.983] [FOOD_CONTEST        ] ECHO-03  | food at (178,355)
[14:41:14.984] [FOOD_CONTEST        ] ECHO-06  | food at (979,525)
[14:41:14.985] [FOOD_CONTEST        ] ECHO-07  | food at (979,525)
[14:41:14.985] [FOOD_CONTEST        ] ECHO-08  | food at (597,283)
[14:41:14.987] [FOOD_CONTEST        ] ECHO-12  | food at (597,283)
[14:41:15.000] [FOOD_CONTEST        ] ECHO-02  | food at (178,355)
[14:41:15.000] [FOOD_CONTEST        ] ECHO-03  | food at (178,355)
[14:41:15.002] [FOOD_CONTEST        ] ECHO-06  | food at (979,525)
[14:41:15.002] [FOOD_CONTEST        ] ECHO-07  | food at (979,525)
[14:41:15.003] [FOOD_CONTEST        ] ECHO-08  | food at (597,283)
[14:41:15.004] [FOOD_CONTEST        ] ECHO-12  | food at (597,283)
[14:41:15.016] [FOOD_CONTEST        ] ECHO-02  | food at (178,355)
[14:41:15.016] [FOOD_CONTEST        ] ECHO-03  | food at (178,355)
[14:41:15.019] [FOOD_CONTEST        ] ECHO-06  | food at (979,525)
[14:41:15.022] [FOOD_CONTEST        ] ECHO-07  | food at (979,525)
[14:41:15.025] [FOOD_CONTEST        ] ECHO-08  | food at (597,283)
[14:41:15.027] [FOOD_CONTEST        ] ECHO-12  | food at (597,283)
[14:41:15.033] [FOOD_CONTEST        ] ECHO-02  | food at (178,355)
[14:41:15.034] [FOOD_CONTEST        ] ECHO-03  | food at (178,355)
[14:41:15.035] [FOOD_CONTEST        ] ECHO-06  | food at (979,525)
[14:41:15.035] [FOOD_CONTEST        ] ECHO-07  | food at (979,525)
[14:41:15.035] [FOOD_CONTEST        ] ECHO-08  | food at (597,283)
[14:41:15.037] [FOOD_CONTEST        ] ECHO-12  | food at (597,283)
[14:41:15.049] [FOOD_CONTEST        ] ECHO-02  | food at (178,355)
[14:41:15.050] [FOOD_CONTEST        ] ECHO-03  | food at (178,355)
[14:41:15.050] [FOOD_CONTEST        ] ECHO-06  | food at (979,525)
[14:41:15.051] [FOOD_CONTEST        ] ECHO-07  | food at (979,525)
[14:41:15.052] [FOOD_CONTEST        ] ECHO-08  | food at (597,283)
[14:41:15.053] [FOOD_CONTEST        ] ECHO-12  | food at (597,283)
[14:41:15.066] [FOOD_CONTEST        ] ECHO-02  | food at (178,355)
[14:41:15.067] [FOOD_CONTEST        ] ECHO-03  | food at (178,355)
[14:41:15.068] [FOOD_CONTEST        ] ECHO-06  | food at (979,525)
[14:41:15.068] [FOOD_CONTEST        ] ECHO-07  | food at (979,525)
[14:41:15.069] [FOOD_CONTEST        ] ECHO-08  | food at (597,283)
[14:41:15.069] [FOOD_CONTEST        ] ECHO-12  | food at (597,283)
[14:41:15.084] [FOOD_CONTEST        ] ECHO-02  | food at (178,355)
[14:41:15.085] [FOOD_CONTEST        ] ECHO-03  | food at (178,355)
[14:41:15.085] [FOOD_CONTEST        ] ECHO-06  | food at (979,525)
[14:41:15.085] [FOOD_CONTEST        ] ECHO-07  | food at (979,525)
[14:41:15.086] [FOOD_CONTEST        ] ECHO-08  | food at (597,283)
[14:41:15.087] [FOOD_CONTEST        ] ECHO-12  | food at (597,283)
[14:41:15.100] [FOOD_CONTEST        ] ECHO-02  | food at (178,355)
[14:41:15.100] [FOOD_CONTEST        ] ECHO-03  | food at (178,355)
[14:41:15.102] [FOOD_CONTEST        ] ECHO-06  | food at (979,525)
[14:41:15.102] [FOOD_CONTEST        ] ECHO-07  | food at (979,525)
[14:41:15.103] [FOOD_CONTEST        ] ECHO-08  | food at (597,283)
[14:41:15.105] [FOOD_CONTEST        ] ECHO-12  | food at (597,283)
[14:41:15.116] [FOOD_CONTEST        ] ECHO-02  | food at (178,355)
[14:41:15.117] [FOOD_CONTEST        ] ECHO-03  | food at (178,355)
[14:41:15.117] [FOOD_CONTEST        ] ECHO-06  | food at (979,525)
[14:41:15.118] [FOOD_CONTEST        ] ECHO-07  | food at (979,525)
[14:41:15.118] [FOOD_CONTEST        ] ECHO-08  | food at (597,283)
[14:41:15.120] [FOOD_CONTEST        ] ECHO-12  | food at (597,283)
[14:41:15.133] [FOOD_CONTEST        ] ECHO-02  | food at (178,355)
[14:41:15.133] [FOOD_CONTEST        ] ECHO-03  | food at (178,355)
[14:41:15.133] [FOOD_CONTEST        ] ECHO-06  | food at (979,525)
[14:41:15.134] [FOOD_CONTEST        ] ECHO-07  | food at (979,525)
[14:41:15.134] [FOOD_CONTEST        ] ECHO-08  | food at (597,283)
[14:41:15.135] [FOOD_CONTEST        ] ECHO-12  | food at (597,283)
[14:41:15.149] [FOOD_CONTEST        ] ECHO-02  | food at (178,355)
[14:41:15.150] [FOOD_CONTEST        ] ECHO-03  | food at (178,355)
[14:41:15.150] [FOOD_CONTEST        ] ECHO-06  | food at (979,525)
[14:41:15.150] [FOOD_CONTEST        ] ECHO-07  | food at (979,525)
[14:41:15.151] [FOOD_CONTEST        ] ECHO-08  | food at (597,283)
[14:41:15.151] [FOOD_CONTEST        ] ECHO-12  | food at (597,283)
[14:41:15.165] [FOOD_CONTEST        ] ECHO-02  | food at (178,355)
[14:41:15.166] [FOOD_CONTEST        ] ECHO-03  | food at (178,355)
[14:41:15.167] [FOOD_CONTEST        ] ECHO-06  | food at (979,525)
[14:41:15.167] [FOOD_CONTEST        ] ECHO-07  | food at (979,525)
[14:41:15.168] [FOOD_CONTEST        ] ECHO-08  | food at (597,283)
[14:41:15.168] [FOOD_CONTEST        ] ECHO-12  | food at (597,283)
[14:41:15.182] [FOOD_CONTEST        ] ECHO-02  | food at (178,355)
[14:41:15.182] [FOOD_CONTEST        ] ECHO-03  | food at (178,355)
[14:41:15.183] [FOOD_CONTEST        ] ECHO-06  | food at (979,525)
[14:41:15.183] [FOOD_CONTEST        ] ECHO-07  | food at (979,525)
[14:41:15.184] [FOOD_CONTEST        ] ECHO-08  | food at (597,283)
[14:41:15.184] [FOOD_CONTEST        ] ECHO-12  | food at (597,283)
[14:41:15.198] [FOOD_CONTEST        ] ECHO-02  | food at (178,355)
[14:41:15.199] [FOOD_CONTEST        ] ECHO-03  | food at (178,355)
[14:41:15.199] [FOOD_CONTEST        ] ECHO-06  | food at (979,525)
[14:41:15.200] [FOOD_CONTEST        ] ECHO-07  | food at (979,525)
[14:41:15.201] [FOOD_CONTEST        ] ECHO-08  | food at (597,283)
[14:41:15.202] [FOOD_CONTEST        ] ECHO-12  | food at (597,283)
[14:41:15.214] [FOOD_CONTEST        ] ECHO-02  | food at (178,355)
[14:41:15.215] [FOOD_CONTEST        ] ECHO-03  | food at (178,355)
[14:41:15.216] [FOOD_CONTEST        ] ECHO-06  | food at (979,525)
[14:41:15.216] [FOOD_CONTEST        ] ECHO-07  | food at (979,525)
[14:41:15.216] [FOOD_CONTEST        ] ECHO-08  | food at (597,283)
[14:41:15.216] [FOOD_CONTEST        ] ECHO-12  | food at (597,283)
[14:41:15.232] [FOOD_CONTEST        ] ECHO-02  | food at (178,355)
[14:41:15.233] [FOOD_CONTEST        ] ECHO-03  | food at (178,355)
[14:41:15.233] [FOOD_CONTEST        ] ECHO-06  | food at (979,525)
[14:41:15.234] [FOOD_CONTEST        ] ECHO-07  | food at (979,525)
[14:41:15.234] [FOOD_CONTEST        ] ECHO-08  | food at (597,283)
[14:41:15.234] [FOOD_CONTEST        ] ECHO-12  | food at (597,283)
[14:41:15.247] [FOOD_CONTEST        ] ECHO-02  | food at (178,355)
[14:41:15.248] [FOOD_CONTEST        ] ECHO-03  | food at (178,355)
[14:41:15.248] [FOOD_CONTEST        ] ECHO-06  | food at (979,525)
[14:41:15.248] [FOOD_CONTEST        ] ECHO-07  | food at (979,525)
[14:41:15.249] [FOOD_CONTEST        ] ECHO-08  | food at (597,283)
[14:41:15.249] [FOOD_CONTEST        ] ECHO-12  | food at (597,283)
[14:41:15.264] [FOOD_CONTEST        ] ECHO-02  | food at (178,355)
[14:41:15.265] [FOOD_CONTEST        ] ECHO-03  | food at (178,355)
[14:41:15.265] [FOOD_CONTEST        ] ECHO-06  | food at (979,525)
[14:41:15.266] [FOOD_CONTEST        ] ECHO-07  | food at (979,525)
[14:41:15.266] [FOOD_CONTEST        ] ECHO-08  | food at (597,283)
[14:41:15.266] [FOOD_CONTEST        ] ECHO-12  | food at (597,283)
[14:41:15.280] [FOOD_CONTEST        ] ECHO-02  | food at (178,355)
[14:41:15.281] [FOOD_CONTEST        ] ECHO-03  | food at (178,355)
[14:41:15.281] [FOOD_CONTEST        ] ECHO-06  | food at (979,525)
[14:41:15.282] [FOOD_CONTEST        ] ECHO-07  | food at (979,525)
[14:41:15.282] [FOOD_CONTEST        ] ECHO-08  | food at (597,283)
[14:41:15.283] [FOOD_CONTEST        ] ECHO-12  | food at (597,283)
[14:41:15.297] [FOOD_CONTEST        ] ECHO-02  | food at (178,355)
[14:41:15.297] [FOOD_CONTEST        ] ECHO-03  | food at (178,355)
[14:41:15.298] [FOOD_CONTEST        ] ECHO-06  | food at (979,525)
[14:41:15.298] [FOOD_CONTEST        ] ECHO-07  | food at (979,525)
[14:41:15.299] [FOOD_CONTEST        ] ECHO-08  | food at (597,283)
[14:41:15.299] [FOOD_CONTEST        ] ECHO-12  | food at (597,283)
[14:41:15.313] [FOOD_CONTEST        ] ECHO-02  | food at (178,355)
[14:41:15.313] [FOOD_CONTEST        ] ECHO-03  | food at (178,355)
[14:41:15.315] [FOOD_CONTEST        ] ECHO-06  | food at (979,525)
[14:41:15.315] [FOOD_CONTEST        ] ECHO-07  | food at (979,525)
[14:41:15.315] [FOOD_CONTEST        ] ECHO-08  | food at (597,283)
[14:41:15.316] [FOOD_CONTEST        ] ECHO-12  | food at (597,283)
[14:41:15.330] [FOOD_CONTEST        ] ECHO-02  | food at (178,355)
[14:41:15.331] [FOOD_CONTEST        ] ECHO-03  | food at (178,355)
[14:41:15.333] [FOOD_CONTEST        ] ECHO-06  | food at (979,525)
[14:41:15.335] [FOOD_CONTEST        ] ECHO-07  | food at (979,525)
[14:41:15.335] [FOOD_CONTEST        ] ECHO-08  | food at (597,283)
[14:41:15.337] [FOOD_CONTEST        ] ECHO-12  | food at (597,283)
[14:41:15.348] [FOOD_CONTEST        ] ECHO-02  | food at (178,355)
[14:41:15.348] [FOOD_CONTEST        ] ECHO-03  | food at (178,355)
[14:41:15.348] [FOOD_CONTEST        ] ECHO-06  | food at (979,525)
[14:41:15.349] [FOOD_CONTEST        ] ECHO-07  | food at (979,525)
[14:41:15.349] [FOOD_CONTEST        ] ECHO-08  | food at (597,283)
[14:41:15.350] [FOOD_CONTEST        ] ECHO-12  | food at (597,283)
[14:41:15.363] [FOOD_CONTEST        ] ECHO-02  | food at (178,355)
[14:41:15.364] [FOOD_CONTEST        ] ECHO-03  | food at (178,355)
[14:41:15.364] [FOOD_CONTEST        ] ECHO-06  | food at (979,525)
[14:41:15.364] [FOOD_CONTEST        ] ECHO-07  | food at (979,525)
[14:41:15.365] [FOOD_CONTEST        ] ECHO-08  | food at (597,283)
[14:41:15.366] [FOOD_CONTEST        ] ECHO-12  | food at (597,283)
[14:41:15.379] [FOOD_CONTEST        ] ECHO-02  | food at (178,355)
[14:41:15.379] [FOOD_CONTEST        ] ECHO-03  | food at (178,355)
[14:41:15.380] [FOOD_CONTEST        ] ECHO-06  | food at (979,525)
[14:41:15.381] [FOOD_CONTEST        ] ECHO-07  | food at (979,525)
[14:41:15.381] [FOOD_CONTEST        ] ECHO-08  | food at (597,283)
[14:41:15.381] [FOOD_CONTEST        ] ECHO-12  | food at (597,283)
[14:41:15.395] [FOOD_CONTEST        ] ECHO-02  | food at (178,355)
[14:41:15.396] [FOOD_CONTEST        ] ECHO-03  | food at (178,355)
[14:41:15.396] [FOOD_CONTEST        ] ECHO-06  | food at (979,525)
[14:41:15.396] [FOOD_CONTEST        ] ECHO-07  | food at (979,525)
[14:41:15.396] [FOOD_CONTEST        ] ECHO-08  | food at (597,283)
[14:41:15.397] [FOOD_CONTEST        ] ECHO-12  | food at (597,283)
[14:41:15.412] [FOOD_CONTEST        ] ECHO-02  | food at (178,355)
[14:41:15.412] [FOOD_CONTEST        ] ECHO-03  | food at (178,355)
[14:41:15.412] [FOOD_CONTEST        ] ECHO-06  | food at (979,525)
[14:41:15.413] [FOOD_CONTEST        ] ECHO-07  | food at (979,525)
[14:41:15.413] [FOOD_CONTEST        ] ECHO-08  | food at (597,283)
[14:41:15.413] [FOOD_CONTEST        ] ECHO-12  | food at (597,283)
[14:41:15.429] [FOOD_CONTEST        ] ECHO-02  | food at (178,355)
[14:41:15.429] [FOOD_CONTEST        ] ECHO-03  | food at (178,355)
[14:41:15.429] [FOOD_CONTEST        ] ECHO-06  | food at (979,525)
[14:41:15.431] [FOOD_CONTEST        ] ECHO-07  | food at (979,525)
[14:41:15.431] [FOOD_CONTEST        ] ECHO-08  | food at (597,283)
[14:41:15.432] [FOOD_CONTEST        ] ECHO-12  | food at (597,283)
[14:41:15.445] [FOOD_CONTEST        ] ECHO-02  | food at (178,355)
[14:41:15.446] [FOOD_CONTEST        ] ECHO-03  | food at (178,355)
[14:41:15.446] [FOOD_CONTEST        ] ECHO-06  | food at (979,525)
[14:41:15.446] [FOOD_CONTEST        ] ECHO-07  | food at (979,525)
[14:41:15.447] [FOOD_CONTEST        ] ECHO-08  | food at (597,283)
[14:41:15.447] [FOOD_CONTEST        ] ECHO-12  | food at (597,283)
[14:41:15.463] [FOOD_CONTEST        ] ECHO-02  | food at (178,355)
[14:41:15.463] [FOOD_CONTEST        ] ECHO-03  | food at (178,355)
[14:41:15.463] [FOOD_CONTEST        ] ECHO-06  | food at (979,525)
[14:41:15.463] [FOOD_CONTEST        ] ECHO-07  | food at (979,525)
[14:41:15.464] [FOOD_CONTEST        ] ECHO-08  | food at (597,283)
[14:41:15.464] [STATE_CHANGE        ] ECHO-11  | WANDER (2.4s) -> SOCIALIZE  [normal]  h=50 e=58 s=26
[14:41:15.465] [FOOD_CONTEST        ] ECHO-12  | food at (597,283)
[14:41:15.479] [FOOD_CONTEST        ] ECHO-02  | food at (178,355)
[14:41:15.479] [FOOD_CONTEST        ] ECHO-03  | food at (178,355)
[14:41:15.479] [FOOD_CONTEST        ] ECHO-06  | food at (979,525)
[14:41:15.479] [FOOD_CONTEST        ] ECHO-07  | food at (979,525)
[14:41:15.479] [FOOD_CONTEST        ] ECHO-08  | food at (597,283)
[14:41:15.480] [FOOD_CONTEST        ] ECHO-12  | food at (597,283)
[14:41:15.494] [FOOD_CONTEST        ] ECHO-02  | food at (178,355)
[14:41:15.495] [FOOD_CONTEST        ] ECHO-03  | food at (178,355)
[14:41:15.495] [FOOD_CONTEST        ] ECHO-06  | food at (979,525)
[14:41:15.496] [FOOD_CONTEST        ] ECHO-07  | food at (979,525)
[14:41:15.496] [FOOD_CONTEST        ] ECHO-08  | food at (597,283)
[14:41:15.497] [FOOD_CONTEST        ] ECHO-12  | food at (597,283)
[14:41:15.511] [FOOD_CONTEST        ] ECHO-02  | food at (178,355)
[14:41:15.511] [FOOD_CONTEST        ] ECHO-03  | food at (178,355)
[14:41:15.511] [FOOD_CONTEST        ] ECHO-06  | food at (979,525)
[14:41:15.512] [FOOD_CONTEST        ] ECHO-07  | food at (979,525)
[14:41:15.512] [FOOD_FOUND          ] ECHO-07  | ate at (983, 534)  total=3
[14:41:15.512] [RIVALRY             ] ECHO-07  | with ECHO-06  | affinity=  -3.5 (Δ-3.0)
[14:41:15.512] [FOOD_CONTEST        ] ECHO-08  | food at (597,283)
[14:41:15.512] [FOOD_CONTEST        ] ECHO-12  | food at (597,283)
[14:41:15.528] [FOOD_CONTEST        ] ECHO-02  | food at (178,355)
[14:41:15.560] [FOOD_CONTEST        ] ECHO-03  | food at (178,355)
[14:41:15.561] [TARGET_SWITCH       ] ECHO-06  | (979,525) -> (956,533)
[14:41:15.561] [FOOD_CLAIM          ] ECHO-06  | food at (956,533)
[14:41:15.561] [STATE_CHANGE        ] ECHO-07  | SEEK_FOOD (6.1s) -> REST  [normal]  h=15 e=22 s=41
[14:41:15.564] [REST_REASON         ] ECHO-07  | low_energy | energy=22.0 laziness=0.51
[14:41:15.599] [FOOD_CONTEST        ] ECHO-08  | food at (597,283)
[14:41:15.600] [FOOD_CONTEST        ] ECHO-12  | food at (597,283)
[14:41:15.644] [FOOD_CONTEST        ] ECHO-02  | food at (178,355)
[14:41:15.678] [FOOD_CONTEST        ] ECHO-03  | food at (178,355)
[14:41:15.683] [FOOD_CONTEST        ] ECHO-08  | food at (597,283)
[14:41:15.683] [FOOD_CONTEST        ] ECHO-12  | food at (597,283)
[14:41:15.688] [FOOD_CONTEST        ] ECHO-02  | food at (178,355)
[14:41:15.688] [FOOD_CONTEST        ] ECHO-03  | food at (178,355)
[14:41:15.689] [FOOD_CONTEST        ] ECHO-08  | food at (597,283)
[14:41:15.689] [FOOD_CONTEST        ] ECHO-12  | food at (597,283)
[14:41:15.705] [FOOD_CONTEST        ] ECHO-02  | food at (178,355)
[14:41:15.706] [FOOD_CONTEST        ] ECHO-03  | food at (178,355)
[14:41:15.706] [FOOD_CONTEST        ] ECHO-08  | food at (597,283)
[14:41:15.707] [FOOD_CONTEST        ] ECHO-12  | food at (597,283)
[14:41:15.721] [FOOD_CONTEST        ] ECHO-02  | food at (178,355)
[14:41:15.722] [FOOD_CONTEST        ] ECHO-03  | food at (178,355)
[14:41:15.723] [FOOD_CONTEST        ] ECHO-08  | food at (597,283)
[14:41:15.724] [FOOD_CONTEST        ] ECHO-12  | food at (597,283)
[14:41:15.738] [FOOD_CONTEST        ] ECHO-02  | food at (178,355)
[14:41:15.739] [FOOD_CONTEST        ] ECHO-03  | food at (178,355)
[14:41:15.740] [FOOD_CONTEST        ] ECHO-08  | food at (597,283)
[14:41:15.740] [FOOD_CONTEST        ] ECHO-12  | food at (597,283)
[14:41:15.754] [FOOD_CONTEST        ] ECHO-02  | food at (178,355)
[14:41:15.754] [FOOD_CONTEST        ] ECHO-03  | food at (178,355)
[14:41:15.754] [FOOD_CONTEST        ] ECHO-08  | food at (597,283)
[14:41:15.755] [FOOD_CONTEST        ] ECHO-12  | food at (597,283)
[14:41:15.771] [FOOD_CONTEST        ] ECHO-02  | food at (178,355)
[14:41:15.774] [FOOD_CONTEST        ] ECHO-03  | food at (178,355)
[14:41:15.775] [FOOD_CONTEST        ] ECHO-08  | food at (597,283)
[14:41:15.775] [FOOD_CONTEST        ] ECHO-12  | food at (597,283)
[14:41:15.788] [FOOD_CONTEST        ] ECHO-02  | food at (178,355)
[14:41:15.792] [FOOD_CONTEST        ] ECHO-03  | food at (178,355)
[14:41:15.792] [FOOD_CONTEST        ] ECHO-08  | food at (597,283)
[14:41:15.793] [FOOD_CONTEST        ] ECHO-12  | food at (597,283)
[14:41:15.804] [FOOD_CONTEST        ] ECHO-02  | food at (178,355)
[14:41:15.805] [FOOD_CONTEST        ] ECHO-03  | food at (178,355)
[14:41:15.806] [FOOD_CONTEST        ] ECHO-08  | food at (597,283)
[14:41:15.807] [FOOD_CONTEST        ] ECHO-12  | food at (597,283)
[14:41:15.822] [FOOD_CONTEST        ] ECHO-02  | food at (178,355)
[14:41:15.823] [FOOD_CONTEST        ] ECHO-03  | food at (178,355)
[14:41:15.824] [FOOD_CONTEST        ] ECHO-08  | food at (597,283)
[14:41:15.824] [FOOD_CONTEST        ] ECHO-12  | food at (597,283)
[14:41:15.839] [FOOD_CONTEST        ] ECHO-02  | food at (178,355)
[14:41:15.839] [FOOD_CONTEST        ] ECHO-03  | food at (178,355)
[14:41:15.839] [FOOD_CONTEST        ] ECHO-08  | food at (597,283)
[14:41:15.840] [FOOD_CONTEST        ] ECHO-12  | food at (597,283)
[14:41:15.855] [FOOD_CONTEST        ] ECHO-02  | food at (178,355)
[14:41:15.856] [FOOD_CONTEST        ] ECHO-03  | food at (178,355)
[14:41:15.856] [FOOD_CONTEST        ] ECHO-08  | food at (597,283)
[14:41:15.857] [FOOD_CONTEST        ] ECHO-12  | food at (597,283)
[14:41:15.872] [FOOD_CONTEST        ] ECHO-02  | food at (178,355)
[14:41:15.876] [FOOD_CONTEST        ] ECHO-03  | food at (178,355)
[14:41:15.883] [FOOD_CONTEST        ] ECHO-08  | food at (597,283)
[14:41:15.884] [FOOD_CONTEST        ] ECHO-12  | food at (597,283)
[14:41:15.891] [FOOD_CONTEST        ] ECHO-02  | food at (178,355)
[14:41:15.893] [FOOD_CONTEST        ] ECHO-03  | food at (178,355)
[14:41:15.893] [FOOD_CONTEST        ] ECHO-08  | food at (597,283)
[14:41:15.893] [FOOD_CONTEST        ] ECHO-12  | food at (597,283)
[14:41:15.908] [FOOD_CONTEST        ] ECHO-02  | food at (178,355)
[14:41:15.908] [FOOD_CONTEST        ] ECHO-03  | food at (178,355)
[14:41:15.908] [FOOD_CONTEST        ] ECHO-08  | food at (597,283)
[14:41:15.908] [FOOD_CONTEST        ] ECHO-12  | food at (597,283)
[14:41:15.924] [FOOD_CONTEST        ] ECHO-02  | food at (178,355)
[14:41:15.924] [FOOD_CONTEST        ] ECHO-03  | food at (178,355)
[14:41:15.925] [FOOD_CONTEST        ] ECHO-08  | food at (597,283)
[14:41:15.925] [FOOD_CONTEST        ] ECHO-12  | food at (597,283)
[14:41:15.940] [FOOD_CONTEST        ] ECHO-02  | food at (178,355)
[14:41:15.940] [FOOD_CONTEST        ] ECHO-03  | food at (178,355)
[14:41:15.941] [STATE_CHANGE        ] ECHO-05  | REST (2.7s) -> SOCIALIZE  [normal]  h=28 e=59 s=5
[14:41:15.941] [SOCIAL              ] ECHO-05  | interacting with ECHO-07  total=1
[14:41:15.941] [FOOD_CONTEST        ] ECHO-08  | food at (597,283)
[14:41:15.941] [FOOD_CONTEST        ] ECHO-12  | food at (597,283)
[14:41:15.956] [FOOD_CONTEST        ] ECHO-02  | food at (178,355)
[14:41:15.957] [FOOD_CONTEST        ] ECHO-03  | food at (178,355)
[14:41:15.958] [FOOD_CONTEST        ] ECHO-08  | food at (597,283)
[14:41:15.959] [FOOD_CONTEST        ] ECHO-12  | food at (597,283)
[14:41:15.973] [FOOD_CONTEST        ] ECHO-02  | food at (178,355)
[14:41:15.974] [FOOD_CONTEST        ] ECHO-03  | food at (178,355)
[14:41:15.975] [FOOD_CONTEST        ] ECHO-08  | food at (597,283)
[14:41:15.976] [FOOD_CONTEST        ] ECHO-12  | food at (597,283)
[14:41:15.990] [FOOD_CONTEST        ] ECHO-02  | food at (178,355)
[14:41:15.991] [FOOD_CONTEST        ] ECHO-03  | food at (178,355)
[14:41:15.991] [FOOD_CONTEST        ] ECHO-08  | food at (597,283)
[14:41:15.992] [FOOD_CONTEST        ] ECHO-12  | food at (597,283)
[14:41:16.008] [FOOD_CONTEST        ] ECHO-02  | food at (178,355)
[14:41:16.009] [FOOD_CONTEST        ] ECHO-03  | food at (178,355)
[14:41:16.010] [FOOD_CONTEST        ] ECHO-08  | food at (597,283)
[14:41:16.011] [FOOD_CONTEST        ] ECHO-12  | food at (597,283)
[14:41:16.026] [FOOD_CONTEST        ] ECHO-02  | food at (178,355)
[14:41:16.027] [FOOD_CONTEST        ] ECHO-03  | food at (178,355)
[14:41:16.028] [FOOD_CONTEST        ] ECHO-08  | food at (597,283)
[14:41:16.029] [FOOD_CONTEST        ] ECHO-12  | food at (597,283)
[14:41:16.042] [FOOD_CONTEST        ] ECHO-02  | food at (178,355)
[14:41:16.042] [FOOD_CONTEST        ] ECHO-03  | food at (178,355)
[14:41:16.043] [FOOD_CONTEST        ] ECHO-08  | food at (597,283)
[14:41:16.044] [FOOD_CONTEST        ] ECHO-12  | food at (597,283)
[14:41:16.059] [FOOD_CONTEST        ] ECHO-02  | food at (178,355)
[14:41:16.059] [FOOD_CONTEST        ] ECHO-03  | food at (178,355)
[14:41:16.060] [FOOD_CONTEST        ] ECHO-08  | food at (597,283)
[14:41:16.060] [FOOD_CONTEST        ] ECHO-12  | food at (597,283)
[14:41:16.075] [FOOD_CONTEST        ] ECHO-02  | food at (178,355)
[14:41:16.076] [FOOD_CONTEST        ] ECHO-03  | food at (178,355)
[14:41:16.076] [FOOD_CONTEST        ] ECHO-08  | food at (597,283)
[14:41:16.077] [FOOD_CONTEST        ] ECHO-12  | food at (597,283)
[14:41:16.092] [FOOD_CONTEST        ] ECHO-02  | food at (178,355)
[14:41:16.093] [FOOD_CONTEST        ] ECHO-03  | food at (178,355)
[14:41:16.095] [FOOD_CONTEST        ] ECHO-08  | food at (597,283)
[14:41:16.096] [FOOD_CONTEST        ] ECHO-12  | food at (597,283)
[14:41:16.108] [FOOD_CONTEST        ] ECHO-02  | food at (178,355)
[14:41:16.109] [FOOD_CONTEST        ] ECHO-03  | food at (178,355)
[14:41:16.110] [FOOD_CONTEST        ] ECHO-08  | food at (597,283)
[14:41:16.110] [FOOD_CONTEST        ] ECHO-12  | food at (597,283)
[14:41:16.124] [FOOD_CONTEST        ] ECHO-02  | food at (178,355)
[14:41:16.125] [FOOD_CONTEST        ] ECHO-03  | food at (178,355)
[14:41:16.126] [FOOD_CONTEST        ] ECHO-08  | food at (597,283)
[14:41:16.126] [FOOD_CONTEST        ] ECHO-12  | food at (597,283)
[14:41:16.140] [FOOD_CONTEST        ] ECHO-02  | food at (178,355)
[14:41:16.143] [FOOD_CONTEST        ] ECHO-03  | food at (178,355)
[14:41:16.144] [FOOD_CONTEST        ] ECHO-08  | food at (597,283)
[14:41:16.145] [FOOD_CONTEST        ] ECHO-12  | food at (597,283)
[14:41:16.156] [FOOD_CONTEST        ] ECHO-02  | food at (178,355)
[14:41:16.158] [FOOD_CONTEST        ] ECHO-03  | food at (178,355)
[14:41:16.159] [FOOD_CONTEST        ] ECHO-08  | food at (597,283)
[14:41:16.159] [FOOD_CONTEST        ] ECHO-12  | food at (597,283)
[14:41:16.172] [FOOD_CONTEST        ] ECHO-02  | food at (178,355)
[14:41:16.173] [FOOD_CONTEST        ] ECHO-03  | food at (178,355)
[14:41:16.173] [FOOD_CONTEST        ] ECHO-08  | food at (597,283)
[14:41:16.174] [FOOD_CONTEST        ] ECHO-12  | food at (597,283)
[14:41:16.189] [FOOD_CONTEST        ] ECHO-02  | food at (178,355)
[14:41:16.189] [FOOD_CONTEST        ] ECHO-03  | food at (178,355)
[14:41:16.190] [FOOD_CONTEST        ] ECHO-08  | food at (597,283)
[14:41:16.193] [FOOD_CONTEST        ] ECHO-12  | food at (597,283)
[14:41:16.206] [FOOD_CONTEST        ] ECHO-02  | food at (178,355)
[14:41:16.207] [FOOD_CONTEST        ] ECHO-03  | food at (178,355)
[14:41:16.208] [FOOD_CONTEST        ] ECHO-08  | food at (597,283)
[14:41:16.209] [FOOD_CONTEST        ] ECHO-12  | food at (597,283)
[14:41:16.223] [FOOD_CONTEST        ] ECHO-02  | food at (178,355)
[14:41:16.224] [FOOD_CONTEST        ] ECHO-03  | food at (178,355)
[14:41:16.225] [FOOD_CONTEST        ] ECHO-08  | food at (597,283)
[14:41:16.225] [FOOD_CONTEST        ] ECHO-12  | food at (597,283)
[14:41:16.240] [FOOD_CONTEST        ] ECHO-02  | food at (178,355)
[14:41:16.241] [FOOD_CONTEST        ] ECHO-03  | food at (178,355)
[14:41:16.242] [FOOD_CONTEST        ] ECHO-08  | food at (597,283)
[14:41:16.243] [FOOD_CONTEST        ] ECHO-12  | food at (597,283)
[14:41:16.256] [FOOD_CONTEST        ] ECHO-02  | food at (178,355)
[14:41:16.257] [FOOD_CONTEST        ] ECHO-03  | food at (178,355)
[14:41:16.258] [FOOD_CONTEST        ] ECHO-08  | food at (597,283)
[14:41:16.258] [FOOD_CONTEST        ] ECHO-12  | food at (597,283)
[14:41:16.273] [FOOD_CONTEST        ] ECHO-02  | food at (178,355)
[14:41:16.274] [FOOD_CONTEST        ] ECHO-03  | food at (178,355)
[14:41:16.274] [FOOD_CONTEST        ] ECHO-08  | food at (597,283)
[14:41:16.275] [FOOD_CONTEST        ] ECHO-12  | food at (597,283)
[14:41:16.290] [FOOD_CONTEST        ] ECHO-02  | food at (178,355)
[14:41:16.291] [FOOD_CONTEST        ] ECHO-03  | food at (178,355)
[14:41:16.292] [FOOD_CONTEST        ] ECHO-08  | food at (597,283)
[14:41:16.294] [FOOD_CONTEST        ] ECHO-12  | food at (597,283)
[14:41:16.307] [FOOD_CONTEST        ] ECHO-02  | food at (178,355)
[14:41:16.308] [FOOD_CONTEST        ] ECHO-03  | food at (178,355)
[14:41:16.308] [FOOD_CONTEST        ] ECHO-08  | food at (597,283)
[14:41:16.309] [FOOD_CONTEST        ] ECHO-12  | food at (597,283)
[14:41:16.323] [FOOD_CONTEST        ] ECHO-02  | food at (178,355)
[14:41:16.324] [FOOD_CONTEST        ] ECHO-03  | food at (178,355)
[14:41:16.324] [FOOD_CONTEST        ] ECHO-08  | food at (597,283)
[14:41:16.324] [FOOD_CONTEST        ] ECHO-12  | food at (597,283)
[14:41:16.340] [FOOD_CONTEST        ] ECHO-02  | food at (178,355)
[14:41:16.341] [FOOD_CONTEST        ] ECHO-03  | food at (178,355)
[14:41:16.342] [FOOD_CONTEST        ] ECHO-08  | food at (597,283)
[14:41:16.342] [FOOD_CONTEST        ] ECHO-12  | food at (597,283)
[14:41:16.356] [FOOD_CONTEST        ] ECHO-02  | food at (178,355)
[14:41:16.358] [FOOD_CONTEST        ] ECHO-03  | food at (178,355)
[14:41:16.358] [FOOD_CONTEST        ] ECHO-08  | food at (597,283)
[14:41:16.358] [FOOD_CONTEST        ] ECHO-12  | food at (597,283)
[14:41:16.373] [FOOD_CONTEST        ] ECHO-02  | food at (178,355)
[14:41:16.374] [FOOD_CONTEST        ] ECHO-03  | food at (178,355)
[14:41:16.376] [FOOD_CONTEST        ] ECHO-08  | food at (597,283)
[14:41:16.376] [FOOD_CONTEST        ] ECHO-12  | food at (597,283)
[14:41:16.391] [FOOD_CONTEST        ] ECHO-02  | food at (178,355)
[14:41:16.392] [FOOD_CONTEST        ] ECHO-03  | food at (178,355)
[14:41:16.394] [FOOD_CONTEST        ] ECHO-08  | food at (597,283)
[14:41:16.394] [FOOD_CONTEST        ] ECHO-12  | food at (597,283)
[14:41:16.408] [FOOD_CONTEST        ] ECHO-02  | food at (178,355)
[14:41:16.409] [FOOD_CONTEST        ] ECHO-03  | food at (178,355)
[14:41:16.409] [FOOD_CONTEST        ] ECHO-08  | food at (597,283)
[14:41:16.409] [FOOD_CONTEST        ] ECHO-12  | food at (597,283)
[14:41:16.424] [FOOD_CONTEST        ] ECHO-02  | food at (178,355)
[14:41:16.425] [FOOD_CONTEST        ] ECHO-03  | food at (178,355)
[14:41:16.425] [FOOD_CONTEST        ] ECHO-08  | food at (597,283)
[14:41:16.426] [FOOD_CONTEST        ] ECHO-12  | food at (597,283)
[14:41:16.440] [FOOD_CONTEST        ] ECHO-02  | food at (178,355)
[14:41:16.441] [FOOD_CONTEST        ] ECHO-03  | food at (178,355)
[14:41:16.441] [FOOD_CONTEST        ] ECHO-08  | food at (597,283)
[14:41:16.442] [FOOD_CONTEST        ] ECHO-12  | food at (597,283)
[14:41:16.457] [FOOD_CONTEST        ] ECHO-02  | food at (178,355)
[14:41:16.458] [FOOD_CONTEST        ] ECHO-03  | food at (178,355)
[14:41:16.458] [FOOD_CONTEST        ] ECHO-08  | food at (597,283)
[14:41:16.458] [FOOD_CONTEST        ] ECHO-12  | food at (597,283)
[14:41:16.474] [FOOD_CONTEST        ] ECHO-02  | food at (178,355)
[14:41:16.475] [FOOD_CONTEST        ] ECHO-03  | food at (178,355)
[14:41:16.475] [FOOD_CONTEST        ] ECHO-08  | food at (597,283)
[14:41:16.477] [FOOD_CONTEST        ] ECHO-12  | food at (597,283)
[14:41:16.491] [FOOD_CONTEST        ] ECHO-02  | food at (178,355)
[14:41:16.491] [FOOD_CONTEST        ] ECHO-03  | food at (178,355)
[14:41:16.492] [FOOD_CONTEST        ] ECHO-08  | food at (597,283)
[14:41:16.492] [FOOD_CONTEST        ] ECHO-12  | food at (597,283)
[14:41:16.507] [FOOD_CONTEST        ] ECHO-02  | food at (178,355)
[14:41:16.507] [FOOD_CONTEST        ] ECHO-03  | food at (178,355)
[14:41:16.508] [FOOD_CONTEST        ] ECHO-08  | food at (597,283)
[14:41:16.508] [FOOD_CONTEST        ] ECHO-12  | food at (597,283)
[14:41:16.523] [FOOD_CONTEST        ] ECHO-02  | food at (178,355)
[14:41:16.523] [FOOD_CONTEST        ] ECHO-03  | food at (178,355)
[14:41:16.524] [FOOD_CONTEST        ] ECHO-08  | food at (597,283)
[14:41:16.524] [FOOD_CONTEST        ] ECHO-12  | food at (597,283)
[14:41:16.539] [FOOD_CONTEST        ] ECHO-02  | food at (178,355)
[14:41:16.540] [FOOD_CONTEST        ] ECHO-03  | food at (178,355)
[14:41:16.541] [FOOD_CONTEST        ] ECHO-08  | food at (597,283)
[14:41:16.542] [FOOD_CONTEST        ] ECHO-12  | food at (597,283)
[14:41:16.556] [FOOD_CONTEST        ] ECHO-02  | food at (178,355)
[14:41:16.558] [FOOD_CONTEST        ] ECHO-03  | food at (178,355)
[14:41:16.558] [FOOD_CONTEST        ] ECHO-08  | food at (597,283)
[14:41:16.559] [FOOD_CONTEST        ] ECHO-12  | food at (597,283)
[14:41:16.573] [FOOD_CONTEST        ] ECHO-02  | food at (178,355)
[14:41:16.573] [FOOD_CONTEST        ] ECHO-03  | food at (178,355)
[14:41:16.574] [FOOD_CONTEST        ] ECHO-08  | food at (597,283)
[14:41:16.574] [FOOD_CONTEST        ] ECHO-12  | food at (597,283)
[14:41:16.589] [FOOD_CONTEST        ] ECHO-02  | food at (178,355)
[14:41:16.590] [FOOD_CONTEST        ] ECHO-03  | food at (178,355)
[14:41:16.593] [FOOD_CONTEST        ] ECHO-08  | food at (597,283)
[14:41:16.593] [FOOD_CONTEST        ] ECHO-12  | food at (597,283)
[14:41:16.605] [FOOD_CONTEST        ] ECHO-02  | food at (178,355)
[14:41:16.606] [FOOD_CONTEST        ] ECHO-03  | food at (178,355)
[14:41:16.607] [FOOD_CONTEST        ] ECHO-08  | food at (597,283)
[14:41:16.607] [FOOD_CONTEST        ] ECHO-12  | food at (597,283)
[14:41:16.622] [FOOD_CONTEST        ] ECHO-02  | food at (178,355)
[14:41:16.623] [FOOD_CONTEST        ] ECHO-03  | food at (178,355)
[14:41:16.623] [FOOD_CONTEST        ] ECHO-08  | food at (597,283)
[14:41:16.624] [FOOD_CONTEST        ] ECHO-12  | food at (597,283)
[14:41:16.638] [FOOD_CONTEST        ] ECHO-02  | food at (178,355)
[14:41:16.638] [FOOD_CONTEST        ] ECHO-03  | food at (178,355)
[14:41:16.639] [FOOD_CONTEST        ] ECHO-08  | food at (597,283)
[14:41:16.639] [FOOD_CONTEST        ] ECHO-12  | food at (597,283)
[14:41:16.654] [FOOD_CONTEST        ] ECHO-02  | food at (178,355)
[14:41:16.655] [FOOD_CONTEST        ] ECHO-03  | food at (178,355)
[14:41:16.655] [FOOD_CONTEST        ] ECHO-08  | food at (597,283)
[14:41:16.656] [FOOD_CONTEST        ] ECHO-12  | food at (597,283)
[14:41:16.670] [FOOD_CONTEST        ] ECHO-02  | food at (178,355)
[14:41:16.672] [FOOD_CONTEST        ] ECHO-03  | food at (178,355)
[14:41:16.673] [FOOD_CONTEST        ] ECHO-08  | food at (597,283)
[14:41:16.674] [FOOD_CONTEST        ] ECHO-12  | food at (597,283)
[14:41:16.687] [FOOD_CONTEST        ] ECHO-02  | food at (178,355)
[14:41:16.688] [FOOD_CONTEST        ] ECHO-03  | food at (178,355)
[14:41:16.689] [FOOD_CONTEST        ] ECHO-08  | food at (597,283)
[14:41:16.690] [FOOD_CONTEST        ] ECHO-12  | food at (597,283)
[14:41:16.704] [FOOD_CONTEST        ] ECHO-02  | food at (178,355)
[14:41:16.705] [FOOD_CONTEST        ] ECHO-03  | food at (178,355)
[14:41:16.706] [FOOD_CONTEST        ] ECHO-08  | food at (597,283)
[14:41:16.706] [FOOD_CONTEST        ] ECHO-12  | food at (597,283)
[14:41:16.720] [FOOD_CONTEST        ] ECHO-02  | food at (178,355)
[14:41:16.721] [FOOD_CONTEST        ] ECHO-03  | food at (178,355)
[14:41:16.722] [FOOD_CONTEST        ] ECHO-08  | food at (597,283)
[14:41:16.722] [FOOD_CONTEST        ] ECHO-12  | food at (597,283)
[14:41:16.737] [FOOD_CONTEST        ] ECHO-02  | food at (178,355)
[14:41:16.738] [FOOD_CONTEST        ] ECHO-03  | food at (178,355)
[14:41:16.739] [FOOD_CONTEST        ] ECHO-08  | food at (597,283)
[14:41:16.739] [FOOD_CONTEST        ] ECHO-12  | food at (597,283)
[14:41:16.754] [FOOD_CONTEST        ] ECHO-02  | food at (178,355)
[14:41:16.756] [FOOD_CONTEST        ] ECHO-03  | food at (178,355)
[14:41:16.758] [FOOD_CONTEST        ] ECHO-08  | food at (597,283)
[14:41:16.760] [FOOD_CONTEST        ] ECHO-12  | food at (597,283)
[14:41:16.770] [FOOD_CONTEST        ] ECHO-02  | food at (178,355)
[14:41:16.771] [FOOD_CONTEST        ] ECHO-03  | food at (178,355)
[14:41:16.772] [FOOD_CONTEST        ] ECHO-08  | food at (597,283)
[14:41:16.773] [FOOD_CONTEST        ] ECHO-12  | food at (597,283)
[14:41:16.786] [FOOD_CONTEST        ] ECHO-02  | food at (178,355)
[14:41:16.787] [FOOD_CONTEST        ] ECHO-03  | food at (178,355)
[14:41:16.788] [FOOD_CONTEST        ] ECHO-08  | food at (597,283)
[14:41:16.789] [FOOD_CONTEST        ] ECHO-12  | food at (597,283)
[14:41:16.803] [FOOD_CONTEST        ] ECHO-02  | food at (178,355)
[14:41:16.804] [FOOD_CONTEST        ] ECHO-03  | food at (178,355)
[14:41:16.805] [FOOD_CONTEST        ] ECHO-08  | food at (597,283)
[14:41:16.805] [FOOD_CONTEST        ] ECHO-12  | food at (597,283)
[14:41:16.820] [FOOD_CONTEST        ] ECHO-02  | food at (178,355)
[14:41:16.822] [FOOD_CONTEST        ] ECHO-03  | food at (178,355)
[14:41:16.823] [FOOD_CONTEST        ] ECHO-08  | food at (597,283)
[14:41:16.825] [FOOD_CONTEST        ] ECHO-12  | food at (597,283)
[14:41:16.837] [FOOD_CONTEST        ] ECHO-02  | food at (178,355)
[14:41:16.839] [FOOD_CONTEST        ] ECHO-03  | food at (178,355)
[14:41:16.840] [FOOD_CONTEST        ] ECHO-08  | food at (597,283)
[14:41:16.841] [FOOD_CONTEST        ] ECHO-12  | food at (597,283)
[14:41:16.854] [FOOD_CONTEST        ] ECHO-02  | food at (178,355)
[14:41:16.855] [FOOD_CONTEST        ] ECHO-03  | food at (178,355)
[14:41:16.856] [FOOD_CONTEST        ] ECHO-08  | food at (597,283)
[14:41:16.857] [FOOD_CONTEST        ] ECHO-12  | food at (597,283)
[14:41:16.871] [FOOD_CONTEST        ] ECHO-02  | food at (178,355)
[14:41:16.873] [FOOD_CONTEST        ] ECHO-03  | food at (178,355)
[14:41:16.875] [FOOD_CONTEST        ] ECHO-08  | food at (597,283)
[14:41:16.876] [FOOD_CONTEST        ] ECHO-12  | food at (597,283)
[14:41:16.889] [FOOD_CONTEST        ] ECHO-02  | food at (178,355)
[14:41:16.890] [FOOD_CONTEST        ] ECHO-03  | food at (178,355)
[14:41:16.892] [FOOD_CONTEST        ] ECHO-08  | food at (597,283)
[14:41:16.894] [FOOD_CONTEST        ] ECHO-12  | food at (597,283)
[14:41:16.907] [FOOD_CONTEST        ] ECHO-02  | food at (178,355)
[14:41:16.908] [FOOD_CONTEST        ] ECHO-03  | food at (178,355)
[14:41:16.909] [FOOD_CONTEST        ] ECHO-08  | food at (597,283)
[14:41:16.910] [FOOD_CONTEST        ] ECHO-12  | food at (597,283)
[14:41:16.922] [FOOD_CONTEST        ] ECHO-02  | food at (178,355)
[14:41:16.923] [FOOD_CONTEST        ] ECHO-03  | food at (178,355)
[14:41:16.925] [FOOD_CONTEST        ] ECHO-08  | food at (597,283)
[14:41:16.925] [FOOD_CONTEST        ] ECHO-12  | food at (597,283)
[14:41:16.939] [FOOD_CONTEST        ] ECHO-02  | food at (178,355)
[14:41:16.942] [FOOD_CONTEST        ] ECHO-03  | food at (178,355)
[14:41:16.943] [FOOD_CONTEST        ] ECHO-08  | food at (597,283)
[14:41:16.944] [FOOD_CONTEST        ] ECHO-12  | food at (597,283)
[14:41:16.955] [FOOD_CONTEST        ] ECHO-02  | food at (178,355)
[14:41:16.958] [FOOD_CONTEST        ] ECHO-03  | food at (178,355)
[14:41:16.959] [FOOD_CONTEST        ] ECHO-08  | food at (597,283)
[14:41:16.961] [FOOD_CONTEST        ] ECHO-12  | food at (597,283)
[14:41:16.973] [FOOD_CONTEST        ] ECHO-02  | food at (178,355)
[14:41:16.975] [FOOD_CONTEST        ] ECHO-03  | food at (178,355)
[14:41:16.975] [FOOD_CONTEST        ] ECHO-08  | food at (597,283)
[14:41:16.976] [FOOD_CONTEST        ] ECHO-12  | food at (597,283)
[14:41:16.990] [FOOD_CONTEST        ] ECHO-02  | food at (178,355)
[14:41:16.990] [FOOD_CONTEST        ] ECHO-03  | food at (178,355)
[14:41:16.992] [FOOD_CONTEST        ] ECHO-08  | food at (597,283)
[14:41:16.994] [FOOD_CONTEST        ] ECHO-12  | food at (597,283)
[14:41:17.007] [FOOD_CONTEST        ] ECHO-02  | food at (178,355)
[14:41:17.008] [FOOD_CONTEST        ] ECHO-03  | food at (178,355)
[14:41:17.008] [FOOD_CONTEST        ] ECHO-08  | food at (597,283)
[14:41:17.010] [FOOD_CONTEST        ] ECHO-12  | food at (597,283)
[14:41:17.025] [FOOD_CONTEST        ] ECHO-02  | food at (178,355)
[14:41:17.025] [FOOD_CONTEST        ] ECHO-03  | food at (178,355)
[14:41:17.026] [FOOD_CONTEST        ] ECHO-08  | food at (597,283)
[14:41:17.026] [FOOD_CONTEST        ] ECHO-12  | food at (597,283)
[14:41:17.041] [FOOD_CONTEST        ] ECHO-02  | food at (178,355)
[14:41:17.042] [FOOD_CONTEST        ] ECHO-03  | food at (178,355)
[14:41:17.043] [FOOD_CONTEST        ] ECHO-08  | food at (597,283)
[14:41:17.043] [FOOD_CONTEST        ] ECHO-12  | food at (597,283)
[14:41:17.057] [FOOD_CONTEST        ] ECHO-02  | food at (178,355)
[14:41:17.059] [FOOD_CONTEST        ] ECHO-03  | food at (178,355)
[14:41:17.059] [FOOD_CONTEST        ] ECHO-08  | food at (597,283)
[14:41:17.060] [FOOD_CONTEST        ] ECHO-12  | food at (597,283)
[14:41:17.074] [FOOD_CONTEST        ] ECHO-02  | food at (178,355)
[14:41:17.076] [FOOD_CONTEST        ] ECHO-03  | food at (178,355)
[14:41:17.076] [FOOD_CONTEST        ] ECHO-08  | food at (597,283)
[14:41:17.077] [FOOD_CONTEST        ] ECHO-12  | food at (597,283)
[14:41:17.091] [FOOD_CONTEST        ] ECHO-02  | food at (178,355)
[14:41:17.091] [FOOD_CONTEST        ] ECHO-03  | food at (178,355)
[14:41:17.092] [FOOD_CONTEST        ] ECHO-08  | food at (597,283)
[14:41:17.092] [FOOD_CONTEST        ] ECHO-12  | food at (597,283)
[14:41:17.108] [FOOD_CONTEST        ] ECHO-02  | food at (178,355)
[14:41:17.109] [FOOD_CONTEST        ] ECHO-03  | food at (178,355)
[14:41:17.110] [FOOD_CONTEST        ] ECHO-08  | food at (597,283)
[14:41:17.111] [FOOD_CONTEST        ] ECHO-12  | food at (597,283)
[14:41:17.124] [FOOD_CONTEST        ] ECHO-02  | food at (178,355)
[14:41:17.125] [FOOD_CONTEST        ] ECHO-03  | food at (178,355)
[14:41:17.126] [FOOD_CONTEST        ] ECHO-08  | food at (597,283)
[14:41:17.127] [FOOD_CONTEST        ] ECHO-12  | food at (597,283)
[14:41:17.141] [FOOD_CONTEST        ] ECHO-02  | food at (178,355)
[14:41:17.142] [FOOD_CONTEST        ] ECHO-03  | food at (178,355)
[14:41:17.142] [FOOD_CONTEST        ] ECHO-08  | food at (597,283)
[14:41:17.143] [FOOD_CONTEST        ] ECHO-12  | food at (597,283)
[14:41:17.157] [FOOD_CONTEST        ] ECHO-02  | food at (178,355)
[14:41:17.158] [FOOD_CONTEST        ] ECHO-03  | food at (178,355)
[14:41:17.159] [FOOD_CONTEST        ] ECHO-08  | food at (597,283)
[14:41:17.159] [FOOD_CONTEST        ] ECHO-12  | food at (597,283)
[14:41:17.173] [FOOD_CONTEST        ] ECHO-02  | food at (178,355)
[14:41:17.175] [FOOD_CONTEST        ] ECHO-03  | food at (178,355)
[14:41:17.176] [FOOD_CONTEST        ] ECHO-08  | food at (597,283)
[14:41:17.178] [FOOD_CONTEST        ] ECHO-12  | food at (597,283)
[14:41:17.190] [FOOD_CONTEST        ] ECHO-02  | food at (178,355)
[14:41:17.192] [FOOD_CONTEST        ] ECHO-03  | food at (178,355)
[14:41:17.192] [FOOD_CONTEST        ] ECHO-08  | food at (597,283)
[14:41:17.193] [FOOD_CONTEST        ] ECHO-12  | food at (597,283)
[14:41:17.206] [FOOD_CONTEST        ] ECHO-02  | food at (178,355)
[14:41:17.207] [FOOD_CONTEST        ] ECHO-03  | food at (178,355)
[14:41:17.208] [FOOD_CONTEST        ] ECHO-08  | food at (597,283)
[14:41:17.209] [FOOD_CONTEST        ] ECHO-12  | food at (597,283)
[14:41:17.222] [FOOD_CONTEST        ] ECHO-02  | food at (178,355)
[14:41:17.223] [FOOD_CONTEST        ] ECHO-03  | food at (178,355)
[14:41:17.226] [FOOD_CONTEST        ] ECHO-08  | food at (597,283)
[14:41:17.226] [FOOD_CONTEST        ] ECHO-12  | food at (597,283)
[14:41:17.239] [FOOD_CONTEST        ] ECHO-02  | food at (178,355)
[14:41:17.241] [FOOD_CONTEST        ] ECHO-03  | food at (178,355)
[14:41:17.242] [FOOD_CONTEST        ] ECHO-08  | food at (597,283)
[14:41:17.243] [FOOD_CONTEST        ] ECHO-12  | food at (597,283)
[14:41:17.256] [FOOD_CONTEST        ] ECHO-02  | food at (178,355)
[14:41:17.257] [FOOD_CONTEST        ] ECHO-03  | food at (178,355)
[14:41:17.258] [FOOD_CONTEST        ] ECHO-08  | food at (597,283)
[14:41:17.258] [FOOD_CONTEST        ] ECHO-12  | food at (597,283)
[14:41:17.273] [FOOD_CONTEST        ] ECHO-02  | food at (178,355)
[14:41:17.274] [FOOD_CONTEST        ] ECHO-03  | food at (178,355)
[14:41:17.275] [FOOD_CONTEST        ] ECHO-08  | food at (597,283)
[14:41:17.275] [FOOD_CONTEST        ] ECHO-12  | food at (597,283)
[14:41:17.290] [FOOD_CONTEST        ] ECHO-02  | food at (178,355)
[14:41:17.291] [FOOD_CONTEST        ] ECHO-03  | food at (178,355)
[14:41:17.292] [FOOD_CONTEST        ] ECHO-08  | food at (597,283)
[14:41:17.292] [FOOD_CONTEST        ] ECHO-12  | food at (597,283)
[14:41:17.307] [FOOD_CONTEST        ] ECHO-02  | food at (178,355)
[14:41:17.307] [FOOD_CONTEST        ] ECHO-03  | food at (178,355)
[14:41:17.310] [FOOD_CONTEST        ] ECHO-08  | food at (597,283)
[14:41:17.311] [FOOD_CONTEST        ] ECHO-12  | food at (597,283)
[14:41:17.324] [FOOD_CONTEST        ] ECHO-02  | food at (178,355)
[14:41:17.325] [FOOD_CONTEST        ] ECHO-03  | food at (178,355)
[14:41:17.326] [FOOD_CONTEST        ] ECHO-08  | food at (597,283)
[14:41:17.327] [FOOD_CONTEST        ] ECHO-12  | food at (597,283)
[14:41:17.341] [FOOD_CONTEST        ] ECHO-02  | food at (178,355)
[14:41:17.342] [FOOD_CONTEST        ] ECHO-03  | food at (178,355)
[14:41:17.342] [FOOD_CONTEST        ] ECHO-08  | food at (597,283)
[14:41:17.343] [FOOD_CONTEST        ] ECHO-12  | food at (597,283)
[14:41:17.357] [FOOD_CONTEST        ] ECHO-02  | food at (178,355)
[14:41:17.359] [FOOD_CONTEST        ] ECHO-03  | food at (178,355)
[14:41:17.360] [FOOD_CONTEST        ] ECHO-08  | food at (597,283)
[14:41:17.361] [FOOD_CONTEST        ] ECHO-12  | food at (597,283)
[14:41:17.375] [FOOD_CONTEST        ] ECHO-02  | food at (178,355)
[14:41:17.376] [FOOD_CONTEST        ] ECHO-03  | food at (178,355)
[14:41:17.376] [FOOD_CONTEST        ] ECHO-08  | food at (597,283)
[14:41:17.377] [FOOD_CONTEST        ] ECHO-12  | food at (597,283)
[14:41:17.391] [FOOD_CONTEST        ] ECHO-02  | food at (178,355)
[14:41:17.392] [FOOD_CONTEST        ] ECHO-03  | food at (178,355)
[14:41:17.392] [FOOD_CONTEST        ] ECHO-08  | food at (597,283)
[14:41:17.393] [FOOD_CONTEST        ] ECHO-12  | food at (597,283)
[14:41:17.407] [FOOD_CONTEST        ] ECHO-02  | food at (178,355)
[14:41:17.408] [FOOD_CONTEST        ] ECHO-03  | food at (178,355)
[14:41:17.409] [FOOD_CONTEST        ] ECHO-08  | food at (597,283)
[14:41:17.409] [FOOD_CONTEST        ] ECHO-12  | food at (597,283)
[14:41:17.424] [FOOD_CONTEST        ] ECHO-02  | food at (178,355)
[14:41:17.426] [FOOD_CONTEST        ] ECHO-03  | food at (178,355)
[14:41:17.427] [FOOD_CONTEST        ] ECHO-08  | food at (597,283)
[14:41:17.428] [FOOD_CONTEST        ] ECHO-12  | food at (597,283)
[14:41:17.440] [FOOD_CONTEST        ] ECHO-02  | food at (178,355)
[14:41:17.442] [FOOD_CONTEST        ] ECHO-03  | food at (178,355)
[14:41:17.443] [FOOD_CONTEST        ] ECHO-08  | food at (597,283)
[14:41:17.444] [FOOD_CONTEST        ] ECHO-12  | food at (597,283)
[14:41:17.457] [FOOD_CONTEST        ] ECHO-02  | food at (178,355)
[14:41:17.458] [FOOD_CONTEST        ] ECHO-03  | food at (178,355)
[14:41:17.459] [FOOD_CONTEST        ] ECHO-08  | food at (597,283)
[14:41:17.461] [FOOD_CONTEST        ] ECHO-12  | food at (597,283)
[14:41:17.474] [FOOD_CONTEST        ] ECHO-02  | food at (178,355)
[14:41:17.475] [FOOD_CONTEST        ] ECHO-03  | food at (178,355)
[14:41:17.476] [FOOD_CONTEST        ] ECHO-08  | food at (597,283)
[14:41:17.477] [FOOD_CONTEST        ] ECHO-12  | food at (597,283)
[14:41:17.490] [FOOD_CONTEST        ] ECHO-02  | food at (178,355)
[14:41:17.491] [FOOD_CONTEST        ] ECHO-03  | food at (178,355)
[14:41:17.492] [FOOD_CONTEST        ] ECHO-08  | food at (597,283)
[14:41:17.492] [FOOD_CONTEST        ] ECHO-12  | food at (597,283)
[14:41:17.507] [FOOD_CONTEST        ] ECHO-02  | food at (178,355)
[14:41:17.508] [FOOD_CONTEST        ] ECHO-03  | food at (178,355)
[14:41:17.509] [FOOD_CONTEST        ] ECHO-08  | food at (597,283)
[14:41:17.510] [FOOD_CONTEST        ] ECHO-12  | food at (597,283)
[14:41:17.524] [FOOD_CONTEST        ] ECHO-02  | food at (178,355)
[14:41:17.526] [FOOD_CONTEST        ] ECHO-03  | food at (178,355)
[14:41:17.528] [FOOD_CONTEST        ] ECHO-08  | food at (597,283)
[14:41:17.528] [FOOD_CONTEST        ] ECHO-12  | food at (597,283)
[14:41:17.540] [FOOD_CONTEST        ] ECHO-02  | food at (178,355)
[14:41:17.542] [FOOD_CONTEST        ] ECHO-03  | food at (178,355)
[14:41:17.542] [FOOD_CONTEST        ] ECHO-08  | food at (597,283)
[14:41:17.543] [FOOD_CONTEST        ] ECHO-12  | food at (597,283)
[14:41:17.558] [FOOD_CONTEST        ] ECHO-02  | food at (178,355)
[14:41:17.559] [FOOD_CONTEST        ] ECHO-03  | food at (178,355)
[14:41:17.560] [FOOD_CONTEST        ] ECHO-08  | food at (597,283)
[14:41:17.560] [FOOD_CONTEST        ] ECHO-12  | food at (597,283)
[14:41:17.574] [FOOD_CONTEST        ] ECHO-02  | food at (178,355)
[14:41:17.575] [FOOD_CONTEST        ] ECHO-03  | food at (178,355)
[14:41:17.576] [FOOD_CONTEST        ] ECHO-08  | food at (597,283)
[14:41:17.576] [FOOD_CONTEST        ] ECHO-12  | food at (597,283)
[14:41:17.591] [FOOD_CONTEST        ] ECHO-02  | food at (178,355)
[14:41:17.592] [FOOD_CONTEST        ] ECHO-03  | food at (178,355)
[14:41:17.593] [FOOD_CONTEST        ] ECHO-08  | food at (597,283)
[14:41:17.593] [FOOD_CONTEST        ] ECHO-12  | food at (597,283)
[14:41:17.608] [FOOD_CONTEST        ] ECHO-02  | food at (178,355)
[14:41:17.609] [FOOD_CONTEST        ] ECHO-03  | food at (178,355)
[14:41:17.610] [STATE_CHANGE        ] ECHO-07  | REST (2.0s) -> WANDER  [normal]  h=23 e=58 s=38
[14:41:17.610] [FOOD_CONTEST        ] ECHO-08  | food at (597,283)
[14:41:17.610] [FOOD_CONTEST        ] ECHO-12  | food at (597,283)
[14:41:17.625] [FOOD_CONTEST        ] ECHO-02  | food at (178,355)
[14:41:17.625] [FOOD_CONTEST        ] ECHO-03  | food at (178,355)
[14:41:17.626] [FOOD_CONTEST        ] ECHO-08  | food at (597,283)
[14:41:17.627] [FOOD_CONTEST        ] ECHO-12  | food at (597,283)
[14:41:17.641] [FOOD_CONTEST        ] ECHO-02  | food at (178,355)
[14:41:17.642] [FOOD_CONTEST        ] ECHO-03  | food at (178,355)
[14:41:17.644] [FOOD_CONTEST        ] ECHO-08  | food at (597,283)
[14:41:17.645] [FOOD_CONTEST        ] ECHO-12  | food at (597,283)
[14:41:17.658] [FOOD_CONTEST        ] ECHO-02  | food at (178,355)
[14:41:17.658] [FOOD_CONTEST        ] ECHO-03  | food at (178,355)
[14:41:17.659] [FOOD_CONTEST        ] ECHO-08  | food at (597,283)
[14:41:17.660] [FOOD_CONTEST        ] ECHO-12  | food at (597,283)
[14:41:17.674] [FOOD_CONTEST        ] ECHO-02  | food at (178,355)
[14:41:17.675] [FOOD_CONTEST        ] ECHO-03  | food at (178,355)
[14:41:17.675] [FOOD_CONTEST        ] ECHO-08  | food at (597,283)
[14:41:17.676] [FOOD_CONTEST        ] ECHO-12  | food at (597,283)
[14:41:17.690] [FOOD_CONTEST        ] ECHO-02  | food at (178,355)
[14:41:17.691] [FOOD_CONTEST        ] ECHO-03  | food at (178,355)
[14:41:17.692] [FOOD_CONTEST        ] ECHO-08  | food at (597,283)
[14:41:17.693] [FOOD_CONTEST        ] ECHO-12  | food at (597,283)
[14:41:17.706] [FOOD_CONTEST        ] ECHO-02  | food at (178,355)
[14:41:17.707] [FOOD_CONTEST        ] ECHO-03  | food at (178,355)
[14:41:17.708] [FOOD_CONTEST        ] ECHO-08  | food at (597,283)
[14:41:17.708] [FOOD_CONTEST        ] ECHO-12  | food at (597,283)
[14:41:17.722] [FOOD_CONTEST        ] ECHO-02  | food at (178,355)
[14:41:17.723] [FOOD_CONTEST        ] ECHO-03  | food at (178,355)
[14:41:17.723] [FOOD_CONTEST        ] ECHO-08  | food at (597,283)
[14:41:17.724] [FOOD_CONTEST        ] ECHO-12  | food at (597,283)
[14:41:17.740] [FOOD_CONTEST        ] ECHO-02  | food at (178,355)
[14:41:17.741] [FOOD_CONTEST        ] ECHO-03  | food at (178,355)
[14:41:17.742] [FOOD_CONTEST        ] ECHO-08  | food at (597,283)
[14:41:17.742] [FOOD_CONTEST        ] ECHO-12  | food at (597,283)
[14:41:17.757] [FOOD_CONTEST        ] ECHO-02  | food at (178,355)
[14:41:17.761] [FOOD_CONTEST        ] ECHO-03  | food at (178,355)
[14:41:17.762] [FOOD_CONTEST        ] ECHO-08  | food at (597,283)
[14:41:17.763] [FOOD_CONTEST        ] ECHO-12  | food at (597,283)
[14:41:17.773] [FOOD_CONTEST        ] ECHO-02  | food at (178,355)
[14:41:17.774] [FOOD_CONTEST        ] ECHO-03  | food at (178,355)
[14:41:17.779] [FOOD_CONTEST        ] ECHO-08  | food at (597,283)
[14:41:17.799] [FOOD_CONTEST        ] ECHO-12  | food at (597,283)
[14:41:17.825] [FOOD_CONTEST        ] ECHO-02  | food at (178,355)
[14:41:17.826] [FOOD_CONTEST        ] ECHO-03  | food at (178,355)
[14:41:17.826] [FOOD_CONTEST        ] ECHO-08  | food at (597,283)
[14:41:17.827] [FOOD_CONTEST        ] ECHO-12  | food at (597,283)
[14:41:17.843] [FOOD_CONTEST        ] ECHO-02  | food at (178,355)
[14:41:17.845] [FOOD_CONTEST        ] ECHO-03  | food at (178,355)
[14:41:17.846] [FOOD_CONTEST        ] ECHO-08  | food at (597,283)
[14:41:17.847] [FOOD_CONTEST        ] ECHO-12  | food at (597,283)
[14:41:17.859] [FOOD_CONTEST        ] ECHO-02  | food at (178,355)
[14:41:17.859] [FOOD_CONTEST        ] ECHO-03  | food at (178,355)
[14:41:17.860] [FOOD_CONTEST        ] ECHO-08  | food at (597,283)
[14:41:17.860] [FOOD_CONTEST        ] ECHO-12  | food at (597,283)
[14:41:17.876] [FOOD_CONTEST        ] ECHO-02  | food at (178,355)
[14:41:17.876] [FOOD_CONTEST        ] ECHO-03  | food at (178,355)
[14:41:17.877] [FOOD_CONTEST        ] ECHO-08  | food at (597,283)
[14:41:17.880] [FOOD_CONTEST        ] ECHO-12  | food at (597,283)
[14:41:17.918] [FOOD_CONTEST        ] ECHO-02  | food at (178,355)
[14:41:17.919] [FOOD_CONTEST        ] ECHO-03  | food at (178,355)
[14:41:17.927] [FOOD_CONTEST        ] ECHO-08  | food at (597,283)
[14:41:17.928] [FOOD_CONTEST        ] ECHO-12  | food at (597,283)
[14:41:17.928] [STATS               ]          | pop=11  avg_hunger= 73.7  avg_energy= 31.6  hungry=8  social_events=2
[14:41:17.936] [FOOD_CONTEST        ] ECHO-02  | food at (178,355)
[14:41:17.940] [FOOD_CONTEST        ] ECHO-03  | food at (178,355)
[14:41:17.941] [FOOD_CONTEST        ] ECHO-08  | food at (597,283)
[14:41:17.942] [FOOD_CONTEST        ] ECHO-12  | food at (597,283)
[14:41:17.953] [FOOD_CONTEST        ] ECHO-02  | food at (178,355)
[14:41:17.954] [FOOD_CONTEST        ] ECHO-03  | food at (178,355)
[14:41:17.955] [FOOD_CONTEST        ] ECHO-08  | food at (597,283)
[14:41:17.956] [FOOD_CONTEST        ] ECHO-12  | food at (597,283)
[14:41:17.970] [FOOD_CONTEST        ] ECHO-02  | food at (178,355)
[14:41:17.972] [FOOD_CONTEST        ] ECHO-03  | food at (178,355)
[14:41:17.977] [FOOD_CONTEST        ] ECHO-08  | food at (597,283)
[14:41:17.978] [FOOD_CONTEST        ] ECHO-12  | food at (597,283)
[14:41:17.987] [FOOD_CONTEST        ] ECHO-02  | food at (178,355)
[14:41:17.993] [FOOD_CONTEST        ] ECHO-03  | food at (178,355)
[14:41:17.994] [FOOD_CONTEST        ] ECHO-08  | food at (597,283)
[14:41:17.994] [FOOD_CONTEST        ] ECHO-12  | food at (597,283)
[14:41:18.004] [FOOD_CONTEST        ] ECHO-02  | food at (178,355)
[14:41:18.009] [FOOD_CONTEST        ] ECHO-03  | food at (178,355)
[14:41:18.010] [FOOD_CONTEST        ] ECHO-08  | food at (597,283)
[14:41:18.010] [FOOD_CONTEST        ] ECHO-12  | food at (597,283)
[14:41:18.020] [FOOD_CONTEST        ] ECHO-02  | food at (178,355)
[14:41:18.022] [FOOD_CONTEST        ] ECHO-03  | food at (178,355)
[14:41:18.025] [FOOD_CONTEST        ] ECHO-08  | food at (597,283)
[14:41:18.026] [FOOD_FOUND          ] ECHO-10  | ate at (484, 343)  total=3
[14:41:18.027] [FOOD_CONTEST        ] ECHO-12  | food at (597,283)
[14:41:18.035] [FOOD_CONTEST        ] ECHO-02  | food at (178,355)
[14:41:18.039] [FOOD_CONTEST        ] ECHO-03  | food at (178,355)
[14:41:18.042] [FOOD_CONTEST        ] ECHO-08  | food at (597,283)
[14:41:18.044] [FOOD_CLAIM          ] ECHO-10  | food at (504,317)
[14:41:18.045] [FOOD_CONTEST        ] ECHO-12  | food at (597,283)
[14:41:18.055] [FOOD_CONTEST        ] ECHO-02  | food at (178,355)
[14:41:18.056] [FOOD_CONTEST        ] ECHO-03  | food at (178,355)
[14:41:18.059] [FOOD_CONTEST        ] ECHO-08  | food at (597,283)
[14:41:18.060] [FOOD_CONTEST        ] ECHO-12  | food at (597,283)
[14:41:18.072] [FOOD_CONTEST        ] ECHO-02  | food at (178,355)
[14:41:18.074] [FOOD_CONTEST        ] ECHO-03  | food at (178,355)
[14:41:18.076] [FOOD_CONTEST        ] ECHO-08  | food at (597,283)
[14:41:18.077] [FOOD_CONTEST        ] ECHO-12  | food at (597,283)
[14:41:18.088] [FOOD_CONTEST        ] ECHO-02  | food at (178,355)
[14:41:18.089] [FOOD_CONTEST        ] ECHO-03  | food at (178,355)
[14:41:18.092] [FOOD_CONTEST        ] ECHO-08  | food at (597,283)
[14:41:18.092] [FOOD_CONTEST        ] ECHO-12  | food at (597,283)
[14:41:18.104] [FOOD_CONTEST        ] ECHO-02  | food at (178,355)
[14:41:18.108] [FOOD_CONTEST        ] ECHO-03  | food at (178,355)
[14:41:18.109] [FOOD_CONTEST        ] ECHO-08  | food at (597,283)
[14:41:18.109] [FOOD_CONTEST        ] ECHO-12  | food at (597,283)
[14:41:18.121] [FOOD_CONTEST        ] ECHO-02  | food at (178,355)
[14:41:18.123] [FOOD_CONTEST        ] ECHO-03  | food at (178,355)
[14:41:18.124] [FOOD_CONTEST        ] ECHO-08  | food at (597,283)
[14:41:18.126] [FOOD_CONTEST        ] ECHO-12  | food at (597,283)
[14:41:18.138] [FOOD_CONTEST        ] ECHO-02  | food at (178,355)
[14:41:18.141] [FOOD_CONTEST        ] ECHO-03  | food at (178,355)
[14:41:18.142] [FOOD_CONTEST        ] ECHO-08  | food at (597,283)
[14:41:18.143] [FOOD_CONTEST        ] ECHO-12  | food at (597,283)
[14:41:18.154] [FOOD_CONTEST        ] ECHO-02  | food at (178,355)
[14:41:18.157] [FOOD_CONTEST        ] ECHO-03  | food at (178,355)
[14:41:18.159] [FOOD_CONTEST        ] ECHO-08  | food at (597,283)
[14:41:18.160] [FOOD_CONTEST        ] ECHO-12  | food at (597,283)
[14:41:18.172] [FOOD_CONTEST        ] ECHO-02  | food at (178,355)
[14:41:18.173] [FOOD_CONTEST        ] ECHO-03  | food at (178,355)
[14:41:18.177] [FOOD_CONTEST        ] ECHO-08  | food at (597,283)
[14:41:18.178] [FOOD_CONTEST        ] ECHO-12  | food at (597,283)
[14:41:18.189] [FOOD_CONTEST        ] ECHO-02  | food at (178,355)
[14:41:18.189] [FOOD_CONTEST        ] ECHO-03  | food at (178,355)
[14:41:18.194] [FOOD_CONTEST        ] ECHO-08  | food at (597,283)
[14:41:18.197] [FOOD_CONTEST        ] ECHO-12  | food at (597,283)
[14:41:18.213] [FOOD_CONTEST        ] ECHO-02  | food at (178,355)
[14:41:18.214] [FOOD_CONTEST        ] ECHO-03  | food at (178,355)
[14:41:18.215] [FOOD_CONTEST        ] ECHO-08  | food at (597,283)
[14:41:18.215] [FOOD_CONTEST        ] ECHO-12  | food at (597,283)
[14:41:18.229] [FOOD_CONTEST        ] ECHO-02  | food at (178,355)
[14:41:18.230] [FOOD_CONTEST        ] ECHO-03  | food at (178,355)
[14:41:18.230] [FOOD_CONTEST        ] ECHO-08  | food at (597,283)
[14:41:18.231] [FOOD_CONTEST        ] ECHO-12  | food at (597,283)
[14:41:18.245] [FOOD_CONTEST        ] ECHO-02  | food at (178,355)
[14:41:18.246] [FOOD_CONTEST        ] ECHO-03  | food at (178,355)
[14:41:18.246] [FOOD_CONTEST        ] ECHO-08  | food at (597,283)
[14:41:18.247] [FOOD_CONTEST        ] ECHO-12  | food at (597,283)
[14:41:18.263] [FOOD_CONTEST        ] ECHO-02  | food at (178,355)
[14:41:18.263] [FOOD_CONTEST        ] ECHO-03  | food at (178,355)
[14:41:18.264] [FOOD_CONTEST        ] ECHO-08  | food at (597,283)
[14:41:18.265] [FOOD_CONTEST        ] ECHO-12  | food at (597,283)
[14:41:18.279] [FOOD_CONTEST        ] ECHO-02  | food at (178,355)
[14:41:18.280] [FOOD_CONTEST        ] ECHO-03  | food at (178,355)
[14:41:18.280] [FOOD_CONTEST        ] ECHO-08  | food at (597,283)
[14:41:18.281] [FOOD_CONTEST        ] ECHO-12  | food at (597,283)
[14:41:18.296] [FOOD_CONTEST        ] ECHO-02  | food at (178,355)
[14:41:18.296] [FOOD_CONTEST        ] ECHO-03  | food at (178,355)
[14:41:18.297] [FOOD_CONTEST        ] ECHO-08  | food at (597,283)
[14:41:18.298] [FOOD_CONTEST        ] ECHO-12  | food at (597,283)
[14:41:18.313] [FOOD_CONTEST        ] ECHO-02  | food at (178,355)
[14:41:18.313] [FOOD_CONTEST        ] ECHO-03  | food at (178,355)
[14:41:18.314] [FOOD_CONTEST        ] ECHO-08  | food at (597,283)
[14:41:18.315] [FOOD_CONTEST        ] ECHO-12  | food at (597,283)
[14:41:18.330] [FOOD_CONTEST        ] ECHO-02  | food at (178,355)
[14:41:18.330] [FOOD_CONTEST        ] ECHO-03  | food at (178,355)
[14:41:18.332] [FOOD_CONTEST        ] ECHO-08  | food at (597,283)
[14:41:18.333] [FOOD_CONTEST        ] ECHO-12  | food at (597,283)
[14:41:18.347] [FOOD_CONTEST        ] ECHO-02  | food at (178,355)
[14:41:18.347] [FOOD_CONTEST        ] ECHO-03  | food at (178,355)
[14:41:18.348] [FOOD_CONTEST        ] ECHO-08  | food at (597,283)
[14:41:18.349] [FOOD_CONTEST        ] ECHO-12  | food at (597,283)
[14:41:18.365] [FOOD_CONTEST        ] ECHO-02  | food at (178,355)
[14:41:18.365] [FOOD_CONTEST        ] ECHO-03  | food at (178,355)
[14:41:18.366] [FOOD_CONTEST        ] ECHO-08  | food at (597,283)
[14:41:18.366] [FOOD_CONTEST        ] ECHO-12  | food at (597,283)
[14:41:18.381] [FOOD_CONTEST        ] ECHO-02  | food at (178,355)
[14:41:18.382] [FOOD_CONTEST        ] ECHO-03  | food at (178,355)
[14:41:18.382] [FOOD_CONTEST        ] ECHO-08  | food at (597,283)
[14:41:18.383] [FOOD_CONTEST        ] ECHO-12  | food at (597,283)
[14:41:18.397] [FOOD_CONTEST        ] ECHO-02  | food at (178,355)
[14:41:18.397] [FOOD_CONTEST        ] ECHO-03  | food at (178,355)
[14:41:18.398] [FOOD_CONTEST        ] ECHO-08  | food at (597,283)
[14:41:18.399] [FOOD_CONTEST        ] ECHO-12  | food at (597,283)
[14:41:18.412] [FOOD_CONTEST        ] ECHO-02  | food at (178,355)
[14:41:18.413] [FOOD_CONTEST        ] ECHO-03  | food at (178,355)
[14:41:18.414] [FOOD_CONTEST        ] ECHO-08  | food at (597,283)
[14:41:18.415] [FOOD_CONTEST        ] ECHO-12  | food at (597,283)
[14:41:18.429] [FOOD_CONTEST        ] ECHO-02  | food at (178,355)
[14:41:18.429] [FOOD_CONTEST        ] ECHO-03  | food at (178,355)
[14:41:18.430] [FOOD_CONTEST        ] ECHO-08  | food at (597,283)
[14:41:18.431] [FOOD_CONTEST        ] ECHO-12  | food at (597,283)
[14:41:18.446] [FOOD_CONTEST        ] ECHO-02  | food at (178,355)
[14:41:18.446] [FOOD_CONTEST        ] ECHO-03  | food at (178,355)
[14:41:18.447] [DEATH               ] ECHO-08  | cause=starvation | lifespan=25.6s | state=SEEK_FOOD | hunger=100.0 | energy=37.5
--------------------------------------------------------------
  LIFE SUMMARY  –  ECHO-08
  Lifespan            : 25.6s
  Cause of death      : starvation
  Food eaten          : 0
  Distance travelled  : 293 px
  Social interactions : 0
  Time resting        : 0.0s
  Time socializing    : 0.0s
  Time seeking food   : 17.2s
  Dominant state      : SEEK_FOOD
  Best friend         : ECHO-12  (affinity=0.5)
  Personality         : risk=0.24  lazy=0.62  social=0.31  greed=0.33
--------------------------------------------------------------
[14:41:18.467] [FOOD_CONTEST        ] ECHO-02  | food at (178,355)
[14:41:18.469] [FOOD_CONTEST        ] ECHO-03  | food at (178,355)
[14:41:18.483] [FOOD_CONTEST        ] ECHO-02  | food at (178,355)
[14:41:18.483] [FOOD_CONTEST        ] ECHO-03  | food at (178,355)
[14:41:18.500] [FOOD_CONTEST        ] ECHO-02  | food at (178,355)
[14:41:18.500] [FOOD_CONTEST        ] ECHO-03  | food at (178,355)
[14:41:18.517] [FOOD_CONTEST        ] ECHO-02  | food at (178,355)
[14:41:18.518] [FOOD_CONTEST        ] ECHO-03  | food at (178,355)
[14:41:18.537] [FOOD_CONTEST        ] ECHO-02  | food at (178,355)
[14:41:18.542] [FOOD_CONTEST        ] ECHO-03  | food at (178,355)
[14:41:18.553] [FOOD_CONTEST        ] ECHO-02  | food at (178,355)
[14:41:18.555] [FOOD_CONTEST        ] ECHO-03  | food at (178,355)
[14:41:18.569] [FOOD_CONTEST        ] ECHO-02  | food at (178,355)
[14:41:18.573] [FOOD_CONTEST        ] ECHO-03  | food at (178,355)
[14:41:18.576] [STATE_CHANGE        ] ECHO-09  | SOCIALIZE (4.9s) -> WANDER  [normal]  h=41 e=43 s=50  tgt=16px
[14:41:18.577] [STATE_CHANGE        ] ECHO-11  | SOCIALIZE (3.0s) -> SEEK_FOOD  [normal]  h=62 e=54 s=50  tgt=21px
[14:41:18.577] [TARGET_SWITCH       ] ECHO-11  | (186,364) -> (174,391)
[14:41:18.578] [FOOD_CLAIM          ] ECHO-11  | food at (174,391)
[14:41:18.585] [FOOD_CONTEST        ] ECHO-02  | food at (178,355)
[14:41:18.589] [FOOD_CONTEST        ] ECHO-03  | food at (178,355)
[14:41:18.601] [FOOD_CONTEST        ] ECHO-02  | food at (178,355)
[14:41:18.601] [FOOD_CONTEST        ] ECHO-03  | food at (178,355)
[14:41:18.618] [FOOD_CONTEST        ] ECHO-02  | food at (178,355)
[14:41:18.619] [FOOD_CONTEST        ] ECHO-03  | food at (178,355)
[14:41:18.635] [FOOD_CONTEST        ] ECHO-02  | food at (178,355)
[14:41:18.638] [FOOD_CONTEST        ] ECHO-03  | food at (178,355)
[14:41:18.653] [FOOD_CONTEST        ] ECHO-02  | food at (178,355)
[14:41:18.654] [FOOD_CONTEST        ] ECHO-03  | food at (178,355)
[14:41:18.668] [FOOD_CONTEST        ] ECHO-02  | food at (178,355)
[14:41:18.668] [FOOD_CONTEST        ] ECHO-03  | food at (178,355)
[14:41:18.684] [FOOD_CONTEST        ] ECHO-02  | food at (178,355)
[14:41:18.684] [FOOD_CONTEST        ] ECHO-03  | food at (178,355)
[14:41:18.701] [FOOD_CONTEST        ] ECHO-02  | food at (178,355)
[14:41:18.702] [FOOD_CONTEST        ] ECHO-03  | food at (178,355)
[14:41:18.718] [FOOD_CONTEST        ] ECHO-02  | food at (178,355)
[14:41:18.718] [FOOD_CONTEST        ] ECHO-03  | food at (178,355)
[14:41:18.735] [FOOD_CONTEST        ] ECHO-02  | food at (178,355)
[14:41:18.735] [FOOD_CONTEST        ] ECHO-03  | food at (178,355)
[14:41:18.755] [FOOD_CONTEST        ] ECHO-02  | food at (178,355)
[14:41:18.760] [FOOD_CONTEST        ] ECHO-03  | food at (178,355)
[14:41:18.772] [FOOD_CONTEST        ] ECHO-02  | food at (178,355)
[14:41:18.776] [FOOD_CONTEST        ] ECHO-03  | food at (178,355)
[14:41:18.790] [FOOD_CONTEST        ] ECHO-02  | food at (178,355)
[14:41:18.791] [FOOD_CONTEST        ] ECHO-03  | food at (178,355)
[14:41:18.807] [FOOD_CONTEST        ] ECHO-02  | food at (178,355)
[14:41:18.807] [FOOD_CONTEST        ] ECHO-03  | food at (178,355)
[14:41:18.824] [FOOD_CONTEST        ] ECHO-02  | food at (178,355)
[14:41:18.825] [FOOD_CONTEST        ] ECHO-03  | food at (178,355)
[14:41:18.826] [DEATH               ] ECHO-12  | cause=starvation | lifespan=26.0s | state=SEEK_FOOD | hunger=100.0 | energy=8.0
--------------------------------------------------------------
  LIFE SUMMARY  –  ECHO-12
  Lifespan            : 26.0s
  Cause of death      : starvation
  Food eaten          : 0
  Distance travelled  : 306 px
  Social interactions : 0
  Time resting        : 0.0s
  Time socializing    : 0.0s
  Time seeking food   : 17.2s
  Dominant state      : SEEK_FOOD
  Best friend         : ECHO-08  (affinity=0.5)
  Personality         : risk=0.74  lazy=0.37  social=0.61  greed=0.64
--------------------------------------------------------------
[14:41:18.829] [FOOD_CLAIM_RELEASE  ] ECHO-12  | food at (597,283)
[14:41:18.840] [FOOD_CONTEST        ] ECHO-02  | food at (178,355)
[14:41:18.841] [FOOD_CONTEST        ] ECHO-03  | food at (178,355)
[14:41:18.857] [FOOD_CONTEST        ] ECHO-02  | food at (178,355)
[14:41:18.857] [FOOD_CONTEST        ] ECHO-03  | food at (178,355)
[14:41:18.874] [FOOD_CONTEST        ] ECHO-02  | food at (178,355)
[14:41:18.879] [FOOD_CONTEST        ] ECHO-03  | food at (178,355)
[14:41:18.892] [FOOD_CONTEST        ] ECHO-02  | food at (178,355)
[14:41:18.893] [FOOD_CONTEST        ] ECHO-03  | food at (178,355)
[14:41:18.910] [FOOD_CONTEST        ] ECHO-02  | food at (178,355)
[14:41:18.911] [FOOD_CONTEST        ] ECHO-03  | food at (178,355)
[14:41:18.926] [FOOD_CONTEST        ] ECHO-02  | food at (178,355)
[14:41:18.927] [FOOD_CONTEST        ] ECHO-03  | food at (178,355)
[14:41:18.943] [FOOD_CONTEST        ] ECHO-02  | food at (178,355)
[14:41:18.944] [FOOD_CONTEST        ] ECHO-03  | food at (178,355)
[14:41:18.960] [FOOD_CONTEST        ] ECHO-02  | food at (178,355)
[14:41:18.961] [FOOD_CONTEST        ] ECHO-03  | food at (178,355)
[14:41:18.977] [FOOD_CONTEST        ] ECHO-02  | food at (178,355)
[14:41:18.978] [FOOD_CONTEST        ] ECHO-03  | food at (178,355)
[14:41:18.994] [FOOD_CONTEST        ] ECHO-02  | food at (178,355)
[14:41:18.994] [FOOD_CONTEST        ] ECHO-03  | food at (178,355)
[14:41:18.995] [FOOD_FOUND          ] ECHO-11  | ate at (172, 381)  total=3
[14:41:19.011] [FOOD_CONTEST        ] ECHO-02  | food at (178,355)
[14:41:19.011] [FOOD_CONTEST        ] ECHO-03  | food at (178,355)
[14:41:19.012] [FOOD_CLAIM          ] ECHO-11  | food at (156,363)
[14:41:19.028] [FOOD_CONTEST        ] ECHO-02  | food at (178,355)
[14:41:19.029] [FOOD_CONTEST        ] ECHO-03  | food at (178,355)
[14:41:19.045] [FOOD_CONTEST        ] ECHO-02  | food at (178,355)
[14:41:19.045] [FOOD_CONTEST        ] ECHO-03  | food at (178,355)
[14:41:19.061] [FOOD_CONTEST        ] ECHO-02  | food at (178,355)
[14:41:19.061] [FOOD_CONTEST        ] ECHO-03  | food at (178,355)
[14:41:19.077] [FOOD_CONTEST        ] ECHO-02  | food at (178,355)
[14:41:19.078] [FOOD_CONTEST        ] ECHO-03  | food at (178,355)
[14:41:19.093] [FOOD_CONTEST        ] ECHO-02  | food at (178,355)
[14:41:19.094] [FOOD_CONTEST        ] ECHO-03  | food at (178,355)
[14:41:19.110] [FOOD_CONTEST        ] ECHO-02  | food at (178,355)
[14:41:19.111] [FOOD_CONTEST        ] ECHO-03  | food at (178,355)
[14:41:19.126] [FOOD_CONTEST        ] ECHO-02  | food at (178,355)
[14:41:19.128] [FOOD_CONTEST        ] ECHO-03  | food at (178,355)
[14:41:19.144] [FOOD_CONTEST        ] ECHO-02  | food at (178,355)
[14:41:19.144] [FOOD_CONTEST        ] ECHO-03  | food at (178,355)
[14:41:19.161] [FOOD_CONTEST        ] ECHO-02  | food at (178,355)
[14:41:19.161] [FOOD_CONTEST        ] ECHO-03  | food at (178,355)
[14:41:19.177] [FOOD_CONTEST        ] ECHO-02  | food at (178,355)
[14:41:19.177] [FOOD_CONTEST        ] ECHO-03  | food at (178,355)
[14:41:19.193] [FOOD_CONTEST        ] ECHO-02  | food at (178,355)
[14:41:19.193] [FOOD_CONTEST        ] ECHO-03  | food at (178,355)
[14:41:19.210] [FOOD_CONTEST        ] ECHO-02  | food at (178,355)
[14:41:19.211] [FOOD_CONTEST        ] ECHO-03  | food at (178,355)
[14:41:19.226] [FOOD_CONTEST        ] ECHO-02  | food at (178,355)
[14:41:19.226] [FOOD_CONTEST        ] ECHO-03  | food at (178,355)
[14:41:19.243] [FOOD_CONTEST        ] ECHO-02  | food at (178,355)
[14:41:19.243] [FOOD_CONTEST        ] ECHO-03  | food at (178,355)
[14:41:19.260] [FOOD_CONTEST        ] ECHO-02  | food at (178,355)
[14:41:19.262] [FOOD_CONTEST        ] ECHO-03  | food at (178,355)
[14:41:19.276] [FOOD_CONTEST        ] ECHO-02  | food at (178,355)
[14:41:19.276] [FOOD_CONTEST        ] ECHO-03  | food at (178,355)
[14:41:19.292] [FOOD_CONTEST        ] ECHO-02  | food at (178,355)
[14:41:19.292] [FOOD_CONTEST        ] ECHO-03  | food at (178,355)
[14:41:19.309] [FOOD_CONTEST        ] ECHO-02  | food at (178,355)
[14:41:19.309] [FOOD_CONTEST        ] ECHO-03  | food at (178,355)
[14:41:19.326] [FOOD_CONTEST        ] ECHO-02  | food at (178,355)
[14:41:19.326] [FOOD_CONTEST        ] ECHO-03  | food at (178,355)
[14:41:19.343] [FOOD_CONTEST        ] ECHO-02  | food at (178,355)
[14:41:19.344] [FOOD_CONTEST        ] ECHO-03  | food at (178,355)
[14:41:19.360] [FOOD_CONTEST        ] ECHO-02  | food at (178,355)
[14:41:19.360] [FOOD_CONTEST        ] ECHO-03  | food at (178,355)
[14:41:19.376] [FOOD_CONTEST        ] ECHO-02  | food at (178,355)
[14:41:19.377] [FOOD_CONTEST        ] ECHO-03  | food at (178,355)
[14:41:19.392] [FOOD_CONTEST        ] ECHO-02  | food at (178,355)
[14:41:19.392] [FOOD_CONTEST        ] ECHO-03  | food at (178,355)
[14:41:19.408] [FOOD_CONTEST        ] ECHO-02  | food at (178,355)
[14:41:19.410] [FOOD_CONTEST        ] ECHO-03  | food at (178,355)
[14:41:19.426] [FOOD_CONTEST        ] ECHO-02  | food at (178,355)
[14:41:19.426] [FOOD_CONTEST        ] ECHO-03  | food at (178,355)
[14:41:19.443] [FOOD_CONTEST        ] ECHO-02  | food at (178,355)
[14:41:19.443] [FOOD_CONTEST        ] ECHO-03  | food at (178,355)
[14:41:19.460] [FOOD_CONTEST        ] ECHO-02  | food at (178,355)
[14:41:19.460] [FOOD_CONTEST        ] ECHO-03  | food at (178,355)
[14:41:19.476] [FOOD_CONTEST        ] ECHO-02  | food at (178,355)
[14:41:19.477] [FOOD_CONTEST        ] ECHO-03  | food at (178,355)
[14:41:19.492] [FOOD_CONTEST        ] ECHO-02  | food at (178,355)
[14:41:19.492] [FOOD_CONTEST        ] ECHO-03  | food at (178,355)
[14:41:19.508] [FOOD_CONTEST        ] ECHO-02  | food at (178,355)
[14:41:19.509] [FOOD_CONTEST        ] ECHO-03  | food at (178,355)
[14:41:19.525] [FOOD_CONTEST        ] ECHO-02  | food at (178,355)
[14:41:19.527] [FOOD_CONTEST        ] ECHO-03  | food at (178,355)
[14:41:19.542] [FOOD_CONTEST        ] ECHO-02  | food at (178,355)
[14:41:19.543] [FOOD_CONTEST        ] ECHO-03  | food at (178,355)
[14:41:19.559] [FOOD_CONTEST        ] ECHO-02  | food at (178,355)
[14:41:19.560] [FOOD_CONTEST        ] ECHO-03  | food at (178,355)
[14:41:19.597] [FOOD_CONTEST        ] ECHO-02  | food at (178,355)
[14:41:19.598] [FOOD_CONTEST        ] ECHO-03  | food at (178,355)
[14:41:19.614] [FOOD_CONTEST        ] ECHO-02  | food at (178,355)
[14:41:19.615] [FOOD_CONTEST        ] ECHO-03  | food at (178,355)
[14:41:19.632] [FOOD_CONTEST        ] ECHO-02  | food at (178,355)
[14:41:19.634] [FOOD_CONTEST        ] ECHO-03  | food at (178,355)
[14:41:19.648] [FOOD_CONTEST        ] ECHO-02  | food at (178,355)
[14:41:19.650] [FOOD_CONTEST        ] ECHO-03  | food at (178,355)
[14:41:19.677] [FOOD_CONTEST        ] ECHO-02  | food at (178,355)
[14:41:19.681] [FOOD_CONTEST        ] ECHO-03  | food at (178,355)
[14:41:19.702] [FOOD_CONTEST        ] ECHO-02  | food at (178,355)
[14:41:19.709] [FOOD_CONTEST        ] ECHO-03  | food at (178,355)
[14:41:19.740] [FOOD_CONTEST        ] ECHO-02  | food at (178,355)
[14:41:19.742] [FOOD_CONTEST        ] ECHO-03  | food at (178,355)
[14:41:19.757] [FOOD_CONTEST        ] ECHO-02  | food at (178,355)
[14:41:19.758] [FOOD_CONTEST        ] ECHO-03  | food at (178,355)
[14:41:19.774] [FOOD_CONTEST        ] ECHO-02  | food at (178,355)
[14:41:19.775] [FOOD_CONTEST        ] ECHO-03  | food at (178,355)
[14:41:19.791] [FOOD_CONTEST        ] ECHO-02  | food at (178,355)
[14:41:19.792] [FOOD_CONTEST        ] ECHO-03  | food at (178,355)
[14:41:19.808] [FOOD_CONTEST        ] ECHO-02  | food at (178,355)
[14:41:19.808] [FOOD_CONTEST        ] ECHO-03  | food at (178,355)
[14:41:19.825] [FOOD_CONTEST        ] ECHO-02  | food at (178,355)
[14:41:19.825] [FOOD_CONTEST        ] ECHO-03  | food at (178,355)
[14:41:19.841] [FOOD_CONTEST        ] ECHO-02  | food at (178,355)
[14:41:19.842] [FOOD_CONTEST        ] ECHO-03  | food at (178,355)
[14:41:19.857] [FOOD_CONTEST        ] ECHO-02  | food at (178,355)
[14:41:19.858] [FOOD_CONTEST        ] ECHO-03  | food at (178,355)
[14:41:19.874] [FOOD_CONTEST        ] ECHO-02  | food at (178,355)
[14:41:19.875] [FOOD_CONTEST        ] ECHO-03  | food at (178,355)
[14:41:19.892] [FOOD_CONTEST        ] ECHO-02  | food at (178,355)
[14:41:19.892] [FOOD_CONTEST        ] ECHO-03  | food at (178,355)
[14:41:19.908] [FOOD_CONTEST        ] ECHO-02  | food at (178,355)
[14:41:19.908] [FOOD_CONTEST        ] ECHO-03  | food at (178,355)
[14:41:19.924] [FOOD_CONTEST        ] ECHO-02  | food at (178,355)
[14:41:19.925] [FOOD_CONTEST        ] ECHO-03  | food at (178,355)
[14:41:19.941] [FOOD_CONTEST        ] ECHO-02  | food at (178,355)
[14:41:19.942] [FOOD_CONTEST        ] ECHO-03  | food at (178,355)
[14:41:19.959] [FOOD_CONTEST        ] ECHO-02  | food at (178,355)
[14:41:19.959] [FOOD_CONTEST        ] ECHO-03  | food at (178,355)
[14:41:19.975] [FOOD_CONTEST        ] ECHO-02  | food at (178,355)
[14:41:19.975] [FOOD_CONTEST        ] ECHO-03  | food at (178,355)
[14:41:19.991] [FOOD_CONTEST        ] ECHO-02  | food at (178,355)
[14:41:19.992] [FOOD_CONTEST        ] ECHO-03  | food at (178,355)
[14:41:20.009] [FOOD_CONTEST        ] ECHO-02  | food at (178,355)
[14:41:20.009] [FOOD_CONTEST        ] ECHO-03  | food at (178,355)
[14:41:20.026] [FOOD_CONTEST        ] ECHO-02  | food at (178,355)
[14:41:20.026] [FOOD_CONTEST        ] ECHO-03  | food at (178,355)
[14:41:20.069] [FOOD_CONTEST        ] ECHO-02  | food at (178,355)
[14:41:20.069] [FOOD_CONTEST        ] ECHO-03  | food at (178,355)
[14:41:20.210] [FOOD_CONTEST        ] ECHO-02  | food at (178,355)
[14:41:20.213] [FOOD_CONTEST        ] ECHO-03  | food at (178,355)
[14:41:20.214] [DEATH               ] ECHO-06  | cause=starvation | lifespan=27.3s | state=SEEK_FOOD | hunger=100.0 | energy=32.4
--------------------------------------------------------------
  LIFE SUMMARY  –  ECHO-06
  Lifespan            : 27.3s
  Cause of death      : starvation
  Food eaten          : 1
  Distance travelled  : 369 px
  Social interactions : 0
  Time resting        : 0.0s
  Time socializing    : 0.0s
  Time seeking food   : 20.2s
  Dominant state      : SEEK_FOOD
  Best friend         : ECHO-05  (affinity=0.2)
  Personality         : risk=0.29  lazy=0.54  social=0.75  greed=0.25
--------------------------------------------------------------
[14:41:20.264] [FOOD_CLAIM_RELEASE  ] ECHO-06  | food at (956,533)
[14:41:20.268] [FOOD_CONTEST        ] ECHO-02  | food at (178,355)
[14:41:20.270] [FOOD_CONTEST        ] ECHO-03  | food at (178,355)
[14:41:20.285] [FOOD_CONTEST        ] ECHO-02  | food at (178,355)
[14:41:20.285] [FOOD_CONTEST        ] ECHO-03  | food at (178,355)
[14:41:20.302] [FOOD_CONTEST        ] ECHO-02  | food at (178,355)
[14:41:20.303] [FOOD_CONTEST        ] ECHO-03  | food at (178,355)
[14:41:20.319] [FOOD_CONTEST        ] ECHO-02  | food at (178,355)
[14:41:20.320] [FOOD_CONTEST        ] ECHO-03  | food at (178,355)
[14:41:20.336] [FOOD_CONTEST        ] ECHO-02  | food at (178,355)
[14:41:20.337] [FOOD_CONTEST        ] ECHO-03  | food at (178,355)
[14:41:20.353] [FOOD_CONTEST        ] ECHO-02  | food at (178,355)
[14:41:20.354] [FOOD_CONTEST        ] ECHO-03  | food at (178,355)
[14:41:20.371] [FOOD_CONTEST        ] ECHO-02  | food at (178,355)
[14:41:20.376] [FOOD_CONTEST        ] ECHO-03  | food at (178,355)
[14:41:20.388] [FOOD_CONTEST        ] ECHO-02  | food at (178,355)
[14:41:20.393] [FOOD_CONTEST        ] ECHO-03  | food at (178,355)
[14:41:20.404] [FOOD_CONTEST        ] ECHO-02  | food at (178,355)
[14:41:20.405] [FOOD_CONTEST        ] ECHO-03  | food at (178,355)
[14:41:20.420] [FOOD_CONTEST        ] ECHO-02  | food at (178,355)
[14:41:20.422] [FOOD_CONTEST        ] ECHO-03  | food at (178,355)
[14:41:20.437] [FOOD_CONTEST        ] ECHO-02  | food at (178,355)
[14:41:20.443] [FOOD_CONTEST        ] ECHO-03  | food at (178,355)
[14:41:20.453] [FOOD_CONTEST        ] ECHO-02  | food at (178,355)
[14:41:20.457] [FOOD_CONTEST        ] ECHO-03  | food at (178,355)
[14:41:20.469] [FOOD_CONTEST        ] ECHO-02  | food at (178,355)
[14:41:20.477] [FOOD_CONTEST        ] ECHO-03  | food at (178,355)
[14:41:20.485] [FOOD_CONTEST        ] ECHO-02  | food at (178,355)
[14:41:20.494] [FOOD_CONTEST        ] ECHO-03  | food at (178,355)
[14:41:20.509] [FOOD_CONTEST        ] ECHO-02  | food at (178,355)
[14:41:20.510] [FOOD_CONTEST        ] ECHO-03  | food at (178,355)
[14:41:20.523] [FOOD_CONTEST        ] ECHO-02  | food at (178,355)
[14:41:20.530] [FOOD_CONTEST        ] ECHO-03  | food at (178,355)
[14:41:20.542] [FOOD_CONTEST        ] ECHO-02  | food at (178,355)
[14:41:20.543] [FOOD_CONTEST        ] ECHO-03  | food at (178,355)
[14:41:20.559] [FOOD_CONTEST        ] ECHO-02  | food at (178,355)
[14:41:20.560] [FOOD_CONTEST        ] ECHO-03  | food at (178,355)
[14:41:20.577] [FOOD_CONTEST        ] ECHO-02  | food at (178,355)
[14:41:20.577] [FOOD_CONTEST        ] ECHO-03  | food at (178,355)
[14:41:20.594] [FOOD_CONTEST        ] ECHO-02  | food at (178,355)
[14:41:20.595] [FOOD_CONTEST        ] ECHO-03  | food at (178,355)
[14:41:20.612] [FOOD_CONTEST        ] ECHO-02  | food at (178,355)
[14:41:20.614] [FOOD_CONTEST        ] ECHO-03  | food at (178,355)
[14:41:20.628] [FOOD_CONTEST        ] ECHO-02  | food at (178,355)
[14:41:20.628] [FOOD_CONTEST        ] ECHO-03  | food at (178,355)
[14:41:20.646] [FOOD_CONTEST        ] ECHO-02  | food at (178,355)
[14:41:20.647] [FOOD_CONTEST        ] ECHO-03  | food at (178,355)
[14:41:20.664] [FOOD_CONTEST        ] ECHO-02  | food at (178,355)
[14:41:20.665] [FOOD_CONTEST        ] ECHO-03  | food at (178,355)
[14:41:20.682] [FOOD_CONTEST        ] ECHO-02  | food at (178,355)
[14:41:20.682] [FOOD_CONTEST        ] ECHO-03  | food at (178,355)
[14:41:20.696] [FOOD_CONTEST        ] ECHO-02  | food at (178,355)
[14:41:20.697] [FOOD_CONTEST        ] ECHO-03  | food at (178,355)
[14:41:20.714] [FOOD_CONTEST        ] ECHO-02  | food at (178,355)
[14:41:20.714] [FOOD_CONTEST        ] ECHO-03  | food at (178,355)
[14:41:20.730] [FOOD_CONTEST        ] ECHO-02  | food at (178,355)
[14:41:20.731] [FOOD_CONTEST        ] ECHO-03  | food at (178,355)
[14:41:20.733] [DEATH               ] ECHO-04  | cause=starvation | lifespan=27.8s | state=SEEK_FOOD | hunger=100.0 | energy=0.0
--------------------------------------------------------------
  LIFE SUMMARY  –  ECHO-04
  Lifespan            : 27.8s
  Cause of death      : starvation
  Food eaten          : 1
  Distance travelled  : 265 px
  Social interactions : 0
  Time resting        : 0.0s
  Time socializing    : 0.0s
  Time seeking food   : 25.8s
  Dominant state      : SEEK_FOOD
  Best friend         : none
  Personality         : risk=0.26  lazy=0.50  social=0.21  greed=0.67
--------------------------------------------------------------
[14:41:20.743] [FOOD_CLAIM_RELEASE  ] ECHO-04  | food at (563,331)
[14:41:20.750] [FOOD_CONTEST        ] ECHO-02  | food at (178,355)
[14:41:20.751] [FOOD_CONTEST        ] ECHO-03  | food at (178,355)
[14:41:20.767] [FOOD_CONTEST        ] ECHO-02  | food at (178,355)
[14:41:20.767] [FOOD_CONTEST        ] ECHO-03  | food at (178,355)
[14:41:20.768] [FOOD_FOUND          ] ECHO-10  | ate at (498, 325)  total=4
[14:41:20.783] [FOOD_CONTEST        ] ECHO-02  | food at (178,355)
[14:41:20.783] [FOOD_CONTEST        ] ECHO-03  | food at (178,355)
[14:41:20.784] [SURVIVAL_DECISION   ] ECHO-10  | ignored_social | energy=29.5 hunger=25.6
[14:41:20.784] [STATE_CHANGE        ] ECHO-10  | SEEK_FOOD (10.1s) -> WANDER  [normal]  h=26 e=29 s=12
[14:41:20.799] [FOOD_CONTEST        ] ECHO-02  | food at (178,355)
[14:41:20.799] [FOOD_CONTEST        ] ECHO-03  | food at (178,355)
[14:41:20.816] [FOOD_CONTEST        ] ECHO-02  | food at (178,355)
[14:41:20.823] [FOOD_CONTEST        ] ECHO-03  | food at (178,355)
[14:41:20.929] [FOOD_CONTEST        ] ECHO-02  | food at (178,355)
[14:41:21.002] [FOOD_CONTEST        ] ECHO-03  | food at (178,355)
[14:41:21.065] [FOOD_CONTEST        ] ECHO-02  | food at (178,355)
[14:41:21.095] [FOOD_CONTEST        ] ECHO-03  | food at (178,355)
[14:41:21.183] [FOOD_CONTEST        ] ECHO-02  | food at (178,355)
[14:41:21.200] [FOOD_CONTEST        ] ECHO-03  | food at (178,355)
[14:41:21.210] [FOOD_CONTEST        ] ECHO-02  | food at (178,355)
[14:41:21.214] [FOOD_CONTEST        ] ECHO-03  | food at (178,355)
[14:41:21.226] [FOOD_CONTEST        ] ECHO-02  | food at (178,355)
[14:41:21.226] [FOOD_CONTEST        ] ECHO-03  | food at (178,355)
[14:41:21.243] [FOOD_CONTEST        ] ECHO-02  | food at (178,355)
[14:41:21.265] [FOOD_CONTEST        ] ECHO-03  | food at (178,355)
[14:41:21.280] [FOOD_CONTEST        ] ECHO-02  | food at (178,355)
[14:41:21.280] [FOOD_CONTEST        ] ECHO-03  | food at (178,355)
[14:41:21.298] [FOOD_CONTEST        ] ECHO-02  | food at (178,355)
[14:41:21.301] [FOOD_CONTEST        ] ECHO-03  | food at (178,355)
[14:41:21.315] [FOOD_CONTEST        ] ECHO-02  | food at (178,355)
[14:41:21.315] [FOOD_CONTEST        ] ECHO-03  | food at (178,355)
[14:41:21.332] [FOOD_CONTEST        ] ECHO-02  | food at (178,355)
[14:41:21.332] [FOOD_CONTEST        ] ECHO-03  | food at (178,355)
[14:41:21.348] [FOOD_CONTEST        ] ECHO-02  | food at (178,355)
[14:41:21.348] [FOOD_CONTEST        ] ECHO-03  | food at (178,355)
[14:41:21.364] [FOOD_CONTEST        ] ECHO-02  | food at (178,355)
[14:41:21.365] [FOOD_CONTEST        ] ECHO-03  | food at (178,355)
[14:41:21.380] [FOOD_CONTEST        ] ECHO-02  | food at (178,355)
[14:41:21.381] [FOOD_CONTEST        ] ECHO-03  | food at (178,355)
[14:41:21.396] [FOOD_CONTEST        ] ECHO-02  | food at (178,355)
[14:41:21.397] [FOOD_CONTEST        ] ECHO-03  | food at (178,355)
[14:41:21.412] [FOOD_CONTEST        ] ECHO-02  | food at (178,355)
[14:41:21.413] [FOOD_CONTEST        ] ECHO-03  | food at (178,355)
[14:41:21.428] [FOOD_CONTEST        ] ECHO-02  | food at (178,355)
[14:41:21.429] [FOOD_CONTEST        ] ECHO-03  | food at (178,355)
[14:41:21.445] [FOOD_CONTEST        ] ECHO-02  | food at (178,355)
[14:41:21.446] [FOOD_CONTEST        ] ECHO-03  | food at (178,355)
[14:41:21.462] [FOOD_CONTEST        ] ECHO-02  | food at (178,355)
[14:41:21.462] [FOOD_CONTEST        ] ECHO-03  | food at (178,355)
[14:41:21.478] [FOOD_CONTEST        ] ECHO-02  | food at (178,355)
[14:41:21.480] [FOOD_CONTEST        ] ECHO-03  | food at (178,355)
[14:41:21.495] [FOOD_CONTEST        ] ECHO-02  | food at (178,355)
[14:41:21.495] [FOOD_CONTEST        ] ECHO-03  | food at (178,355)
[14:41:21.512] [FOOD_CONTEST        ] ECHO-02  | food at (178,355)
[14:41:21.512] [FOOD_CONTEST        ] ECHO-03  | food at (178,355)
[14:41:21.528] [FOOD_CONTEST        ] ECHO-02  | food at (178,355)
[14:41:21.529] [FOOD_CONTEST        ] ECHO-03  | food at (178,355)
[14:41:21.546] [FOOD_CONTEST        ] ECHO-02  | food at (178,355)
[14:41:21.546] [FOOD_CONTEST        ] ECHO-03  | food at (178,355)
[14:41:21.562] [FOOD_CONTEST        ] ECHO-02  | food at (178,355)
[14:41:21.563] [FOOD_CONTEST        ] ECHO-03  | food at (178,355)
[14:41:21.578] [FOOD_CONTEST        ] ECHO-02  | food at (178,355)
[14:41:21.578] [FOOD_CONTEST        ] ECHO-03  | food at (178,355)
[14:41:21.594] [FOOD_CONTEST        ] ECHO-02  | food at (178,355)
[14:41:21.596] [FOOD_CONTEST        ] ECHO-03  | food at (178,355)
[14:41:21.610] [FOOD_CONTEST        ] ECHO-02  | food at (178,355)
[14:41:21.610] [FOOD_CONTEST        ] ECHO-03  | food at (178,355)
[14:41:21.626] [FOOD_CONTEST        ] ECHO-02  | food at (178,355)
[14:41:21.627] [FOOD_CONTEST        ] ECHO-03  | food at (178,355)
[14:41:21.643] [FOOD_CONTEST        ] ECHO-02  | food at (178,355)
[14:41:21.644] [FOOD_CONTEST        ] ECHO-03  | food at (178,355)
[14:41:21.659] [FOOD_CONTEST        ] ECHO-02  | food at (178,355)
[14:41:21.660] [FOOD_CONTEST        ] ECHO-03  | food at (178,355)
[14:41:21.676] [FOOD_CONTEST        ] ECHO-02  | food at (178,355)
[14:41:21.677] [FOOD_CONTEST        ] ECHO-03  | food at (178,355)
[14:41:21.695] [FOOD_CONTEST        ] ECHO-02  | food at (178,355)
[14:41:21.698] [FOOD_CONTEST        ] ECHO-03  | food at (178,355)
[14:41:21.700] [FOOD_FOUND          ] ECHO-11  | ate at (163, 371)  total=4
[14:41:21.714] [FOOD_CONTEST        ] ECHO-02  | food at (178,355)
[14:41:21.714] [FOOD_CONTEST        ] ECHO-03  | food at (178,355)
[14:41:21.715] [STATE_CHANGE        ] ECHO-11  | SEEK_FOOD (2.8s) -> WANDER  [normal]  h=3 e=47 s=46
[14:41:21.730] [FOOD_CONTEST        ] ECHO-02  | food at (178,355)
[14:41:21.730] [FOOD_CONTEST        ] ECHO-03  | food at (178,355)
[14:41:21.746] [FOOD_CONTEST        ] ECHO-02  | food at (178,355)
[14:41:21.746] [FOOD_CONTEST        ] ECHO-03  | food at (178,355)
[14:41:21.764] [FOOD_CONTEST        ] ECHO-02  | food at (178,355)
[14:41:21.766] [FOOD_CONTEST        ] ECHO-03  | food at (178,355)
[14:41:21.782] [FOOD_CONTEST        ] ECHO-02  | food at (178,355)
[14:41:21.782] [FOOD_CONTEST        ] ECHO-03  | food at (178,355)
[14:41:21.797] [FOOD_CONTEST        ] ECHO-02  | food at (178,355)
[14:41:21.798] [FOOD_CONTEST        ] ECHO-03  | food at (178,355)
[14:41:21.814] [FOOD_CONTEST        ] ECHO-02  | food at (178,355)
[14:41:21.815] [FOOD_CONTEST        ] ECHO-03  | food at (178,355)
[14:41:21.832] [FOOD_CONTEST        ] ECHO-02  | food at (178,355)
[14:41:21.832] [FOOD_CONTEST        ] ECHO-03  | food at (178,355)
[14:41:21.848] [FOOD_CONTEST        ] ECHO-02  | food at (178,355)
[14:41:21.849] [FOOD_CONTEST        ] ECHO-03  | food at (178,355)
[14:41:21.866] [FOOD_CONTEST        ] ECHO-02  | food at (178,355)
[14:41:21.866] [FOOD_CONTEST        ] ECHO-03  | food at (178,355)
[14:41:21.883] [FOOD_CONTEST        ] ECHO-02  | food at (178,355)
[14:41:21.884] [FOOD_CONTEST        ] ECHO-03  | food at (178,355)
[14:41:21.899] [FOOD_CONTEST        ] ECHO-02  | food at (178,355)
[14:41:21.900] [FOOD_CONTEST        ] ECHO-03  | food at (178,355)
[14:41:21.915] [FOOD_CONTEST        ] ECHO-02  | food at (178,355)
[14:41:21.916] [FOOD_CONTEST        ] ECHO-03  | food at (178,355)
[14:41:21.931] [FOOD_CONTEST        ] ECHO-02  | food at (178,355)
[14:41:21.932] [FOOD_CONTEST        ] ECHO-03  | food at (178,355)
[14:41:21.948] [FOOD_CONTEST        ] ECHO-02  | food at (178,355)
[14:41:21.949] [FOOD_CONTEST        ] ECHO-03  | food at (178,355)
[14:41:21.949] [STATE_CHANGE        ] ECHO-05  | SOCIALIZE (5.7s) -> WANDER  [normal]  h=51 e=53 s=50  tgt=34px
[14:41:21.965] [FOOD_CONTEST        ] ECHO-02  | food at (178,355)
[14:41:21.965] [FOOD_CONTEST        ] ECHO-03  | food at (178,355)
[14:41:21.981] [FOOD_CONTEST        ] ECHO-02  | food at (178,355)
[14:41:21.982] [FOOD_CONTEST        ] ECHO-03  | food at (178,355)
[14:41:21.997] [FOOD_CONTEST        ] ECHO-02  | food at (178,355)
[14:41:21.998] [FOOD_CONTEST        ] ECHO-03  | food at (178,355)
[14:41:22.013] [FOOD_CONTEST        ] ECHO-02  | food at (178,355)
[14:41:22.014] [FOOD_CONTEST        ] ECHO-03  | food at (178,355)
[14:41:22.029] [FOOD_CONTEST        ] ECHO-02  | food at (178,355)
[14:41:22.030] [FOOD_CONTEST        ] ECHO-03  | food at (178,355)
[14:41:22.047] [FOOD_CONTEST        ] ECHO-02  | food at (178,355)
[14:41:22.047] [FOOD_CONTEST        ] ECHO-03  | food at (178,355)
[14:41:22.065] [FOOD_CONTEST        ] ECHO-02  | food at (178,355)
[14:41:22.068] [FOOD_CONTEST        ] ECHO-03  | food at (178,355)
[14:41:22.085] [FOOD_CONTEST        ] ECHO-02  | food at (178,355)
[14:41:22.093] [FOOD_CONTEST        ] ECHO-03  | food at (178,355)
[14:41:22.112] [FOOD_CONTEST        ] ECHO-02  | food at (178,355)
[14:41:22.112] [FOOD_CONTEST        ] ECHO-03  | food at (178,355)
[14:41:22.127] [FOOD_CONTEST        ] ECHO-02  | food at (178,355)
[14:41:22.127] [FOOD_CONTEST        ] ECHO-03  | food at (178,355)
[14:41:22.144] [FOOD_CONTEST        ] ECHO-02  | food at (178,355)
[14:41:22.145] [FOOD_CONTEST        ] ECHO-03  | food at (178,355)
[14:41:22.160] [FOOD_CONTEST        ] ECHO-02  | food at (178,355)
[14:41:22.162] [FOOD_CONTEST        ] ECHO-03  | food at (178,355)
[14:41:22.177] [FOOD_CONTEST        ] ECHO-02  | food at (178,355)
[14:41:22.177] [FOOD_CONTEST        ] ECHO-03  | food at (178,355)
[14:41:22.194] [FOOD_CONTEST        ] ECHO-02  | food at (178,355)
[14:41:22.194] [FOOD_CONTEST        ] ECHO-03  | food at (178,355)
[14:41:22.211] [FOOD_CONTEST        ] ECHO-02  | food at (178,355)
[14:41:22.213] [FOOD_CONTEST        ] ECHO-03  | food at (178,355)
[14:41:22.228] [FOOD_CONTEST        ] ECHO-02  | food at (178,355)
[14:41:22.229] [FOOD_CONTEST        ] ECHO-03  | food at (178,355)
[14:41:22.246] [FOOD_CONTEST        ] ECHO-02  | food at (178,355)
[14:41:22.246] [FOOD_CONTEST        ] ECHO-03  | food at (178,355)
[14:41:22.261] [FOOD_CONTEST        ] ECHO-02  | food at (178,355)
[14:41:22.261] [FOOD_CONTEST        ] ECHO-03  | food at (178,355)
[14:41:22.278] [FOOD_CONTEST        ] ECHO-02  | food at (178,355)
[14:41:22.278] [FOOD_CONTEST        ] ECHO-03  | food at (178,355)
[14:41:22.295] [FOOD_CONTEST        ] ECHO-02  | food at (178,355)
[14:41:22.297] [FOOD_CONTEST        ] ECHO-03  | food at (178,355)
[14:41:22.312] [FOOD_CONTEST        ] ECHO-02  | food at (178,355)
[14:41:22.312] [FOOD_CONTEST        ] ECHO-03  | food at (178,355)
[14:41:22.328] [FOOD_CONTEST        ] ECHO-02  | food at (178,355)
[14:41:22.330] [FOOD_CONTEST        ] ECHO-03  | food at (178,355)
[14:41:22.344] [FOOD_CONTEST        ] ECHO-02  | food at (178,355)
[14:41:22.345] [FOOD_CONTEST        ] ECHO-03  | food at (178,355)
[14:41:22.361] [FOOD_CONTEST        ] ECHO-02  | food at (178,355)
[14:41:22.362] [FOOD_CONTEST        ] ECHO-03  | food at (178,355)
[14:41:22.378] [FOOD_CONTEST        ] ECHO-02  | food at (178,355)
[14:41:22.378] [FOOD_CONTEST        ] ECHO-03  | food at (178,355)
[14:41:22.394] [FOOD_CONTEST        ] ECHO-02  | food at (178,355)
[14:41:22.394] [FOOD_CONTEST        ] ECHO-03  | food at (178,355)
[14:41:22.410] [FOOD_CONTEST        ] ECHO-02  | food at (178,355)
[14:41:22.411] [FOOD_CONTEST        ] ECHO-03  | food at (178,355)
[14:41:22.426] [FOOD_CONTEST        ] ECHO-02  | food at (178,355)
[14:41:22.427] [FOOD_CONTEST        ] ECHO-03  | food at (178,355)
[14:41:22.443] [FOOD_CONTEST        ] ECHO-02  | food at (178,355)
[14:41:22.446] [FOOD_CONTEST        ] ECHO-03  | food at (178,355)
[14:41:22.462] [FOOD_CONTEST        ] ECHO-02  | food at (178,355)
[14:41:22.464] [FOOD_CONTEST        ] ECHO-03  | food at (178,355)
[14:41:22.480] [FOOD_CONTEST        ] ECHO-02  | food at (178,355)
[14:41:22.481] [FOOD_CONTEST        ] ECHO-03  | food at (178,355)
[14:41:22.482] [STATE_CHANGE        ] ECHO-09  | WANDER (3.6s) -> SEEK_FOOD  [normal]  h=55 e=39 s=45
[14:41:22.482] [FOOD_CLAIM          ] ECHO-09  | food at (520,345)
[14:41:22.497] [FOOD_CONTEST        ] ECHO-02  | food at (178,355)
[14:41:22.497] [FOOD_CONTEST        ] ECHO-03  | food at (178,355)
[14:41:22.514] [FOOD_CONTEST        ] ECHO-02  | food at (178,355)
[14:41:22.515] [FOOD_CONTEST        ] ECHO-03  | food at (178,355)
[14:41:22.530] [FOOD_CONTEST        ] ECHO-02  | food at (178,355)
[14:41:22.531] [FOOD_CONTEST        ] ECHO-03  | food at (178,355)
[14:41:22.547] [FOOD_CONTEST        ] ECHO-02  | food at (178,355)
[14:41:22.547] [FOOD_CONTEST        ] ECHO-03  | food at (178,355)
[14:41:22.563] [FOOD_CONTEST        ] ECHO-02  | food at (178,355)
[14:41:22.564] [FOOD_CONTEST        ] ECHO-03  | food at (178,355)
[14:41:22.580] [FOOD_CONTEST        ] ECHO-02  | food at (178,355)
[14:41:22.581] [FOOD_CONTEST        ] ECHO-03  | food at (178,355)
[14:41:22.596] [FOOD_CONTEST        ] ECHO-02  | food at (178,355)
[14:41:22.597] [FOOD_CONTEST        ] ECHO-03  | food at (178,355)
[14:41:22.612] [FOOD_CONTEST        ] ECHO-02  | food at (178,355)
[14:41:22.613] [FOOD_CONTEST        ] ECHO-03  | food at (178,355)
[14:41:22.630] [FOOD_CONTEST        ] ECHO-02  | food at (178,355)
[14:41:22.630] [FOOD_CONTEST        ] ECHO-03  | food at (178,355)
[14:41:22.646] [FOOD_CONTEST        ] ECHO-02  | food at (178,355)
[14:41:22.646] [FOOD_CONTEST        ] ECHO-03  | food at (178,355)
[14:41:22.663] [FOOD_CONTEST        ] ECHO-02  | food at (178,355)
[14:41:22.663] [FOOD_CONTEST        ] ECHO-03  | food at (178,355)
[14:41:22.681] [FOOD_CONTEST        ] ECHO-02  | food at (178,355)
[14:41:22.681] [FOOD_CONTEST        ] ECHO-03  | food at (178,355)
[14:41:22.699] [FOOD_CONTEST        ] ECHO-02  | food at (178,355)
[14:41:22.700] [FOOD_CONTEST        ] ECHO-03  | food at (178,355)
[14:41:22.718] [FOOD_CONTEST        ] ECHO-02  | food at (178,355)
[14:41:22.726] [FOOD_CONTEST        ] ECHO-03  | food at (178,355)
[14:41:22.735] [FOOD_CONTEST        ] ECHO-02  | food at (178,355)
[14:41:22.735] [FOOD_CONTEST        ] ECHO-03  | food at (178,355)
[14:41:22.752] [FOOD_CONTEST        ] ECHO-02  | food at (178,355)
[14:41:22.760] [FOOD_CONTEST        ] ECHO-03  | food at (178,355)
[14:41:22.769] [FOOD_CONTEST        ] ECHO-02  | food at (178,355)
[14:41:22.777] [FOOD_CONTEST        ] ECHO-03  | food at (178,355)
[14:41:22.785] [FOOD_CONTEST        ] ECHO-02  | food at (178,355)
[14:41:22.785] [FOOD_CONTEST        ] ECHO-03  | food at (178,355)
[14:41:22.806] [FOOD_CONTEST        ] ECHO-02  | food at (178,355)
[14:41:22.807] [FOOD_CONTEST        ] ECHO-03  | food at (178,355)
[14:41:22.818] [FOOD_CONTEST        ] ECHO-02  | food at (178,355)
[14:41:22.818] [FOOD_CONTEST        ] ECHO-03  | food at (178,355)
[14:41:22.834] [FOOD_CONTEST        ] ECHO-02  | food at (178,355)
[14:41:22.834] [FOOD_CONTEST        ] ECHO-03  | food at (178,355)
[14:41:22.850] [FOOD_CONTEST        ] ECHO-02  | food at (178,355)
[14:41:22.850] [FOOD_CONTEST        ] ECHO-03  | food at (178,355)
[14:41:22.866] [FOOD_CONTEST        ] ECHO-02  | food at (178,355)
[14:41:22.867] [FOOD_CONTEST        ] ECHO-03  | food at (178,355)
[14:41:22.883] [FOOD_CONTEST        ] ECHO-02  | food at (178,355)
[14:41:22.883] [FOOD_CONTEST        ] ECHO-03  | food at (178,355)
[14:41:22.900] [FOOD_CONTEST        ] ECHO-02  | food at (178,355)
[14:41:22.903] [FOOD_CONTEST        ] ECHO-03  | food at (178,355)
[14:41:22.917] [FOOD_CONTEST        ] ECHO-02  | food at (178,355)
[14:41:22.917] [FOOD_CONTEST        ] ECHO-03  | food at (178,355)
[14:41:22.935] [FOOD_CONTEST        ] ECHO-02  | food at (178,355)
[14:41:22.935] [FOOD_CONTEST        ] ECHO-03  | food at (178,355)
[14:41:22.951] [FOOD_CONTEST        ] ECHO-02  | food at (178,355)
[14:41:22.951] [FOOD_CONTEST        ] ECHO-03  | food at (178,355)
[14:41:22.967] [FOOD_CONTEST        ] ECHO-02  | food at (178,355)
[14:41:22.968] [FOOD_CONTEST        ] ECHO-03  | food at (178,355)
[14:41:22.983] [FOOD_CONTEST        ] ECHO-02  | food at (178,355)
[14:41:22.984] [FOOD_CONTEST        ] ECHO-03  | food at (178,355)
[14:41:23.000] [FOOD_CONTEST        ] ECHO-02  | food at (178,355)
[14:41:23.000] [FOOD_CONTEST        ] ECHO-03  | food at (178,355)
[14:41:23.015] [FOOD_CONTEST        ] ECHO-02  | food at (178,355)
[14:41:23.016] [FOOD_CONTEST        ] ECHO-03  | food at (178,355)
[14:41:23.017] [STATE_CHANGE        ] ECHO-10  | WANDER (2.0s) -> REST  [normal]  h=34 e=27 s=9
[14:41:23.017] [REST_REASON         ] ECHO-10  | low_energy | energy=27.0 laziness=0.27
[14:41:23.032] [FOOD_CONTEST        ] ECHO-02  | food at (178,355)
[14:41:23.032] [FOOD_CONTEST        ] ECHO-03  | food at (178,355)
[14:41:23.048] [FOOD_CONTEST        ] ECHO-02  | food at (178,355)
[14:41:23.049] [FOOD_CONTEST        ] ECHO-03  | food at (178,355)
[14:41:23.065] [FOOD_CONTEST        ] ECHO-02  | food at (178,355)
[14:41:23.065] [FOOD_CONTEST        ] ECHO-03  | food at (178,355)
[14:41:23.081] [FOOD_CONTEST        ] ECHO-02  | food at (178,355)
[14:41:23.081] [FOOD_CONTEST        ] ECHO-03  | food at (178,355)
[14:41:23.097] [FOOD_CONTEST        ] ECHO-02  | food at (178,355)
[14:41:23.098] [FOOD_CONTEST        ] ECHO-03  | food at (178,355)
[14:41:23.114] [FOOD_CONTEST        ] ECHO-02  | food at (178,355)
[14:41:23.115] [FOOD_CONTEST        ] ECHO-03  | food at (178,355)
[14:41:23.130] [FOOD_CONTEST        ] ECHO-02  | food at (178,355)
[14:41:23.131] [FOOD_CONTEST        ] ECHO-03  | food at (178,355)
[14:41:23.146] [FOOD_CONTEST        ] ECHO-02  | food at (178,355)
[14:41:23.146] [FOOD_CONTEST        ] ECHO-03  | food at (178,355)
[14:41:23.162] [FOOD_CONTEST        ] ECHO-02  | food at (178,355)
[14:41:23.162] [FOOD_CONTEST        ] ECHO-03  | food at (178,355)
[14:41:23.178] [FOOD_CONTEST        ] ECHO-02  | food at (178,355)
[14:41:23.179] [FOOD_CONTEST        ] ECHO-03  | food at (178,355)
[14:41:23.195] [FOOD_CONTEST        ] ECHO-02  | food at (178,355)
[14:41:23.195] [FOOD_CONTEST        ] ECHO-03  | food at (178,355)
[14:41:23.213] [FOOD_CONTEST        ] ECHO-02  | food at (178,355)
[14:41:23.215] [FOOD_CONTEST        ] ECHO-03  | food at (178,355)
[14:41:23.230] [FOOD_CONTEST        ] ECHO-02  | food at (178,355)
[14:41:23.232] [FOOD_CONTEST        ] ECHO-03  | food at (178,355)
[14:41:23.249] [FOOD_CONTEST        ] ECHO-02  | food at (178,355)
[14:41:23.250] [FOOD_CONTEST        ] ECHO-03  | food at (178,355)
[14:41:23.252] [STATS               ]          | pop=7  avg_hunger= 56.2  avg_energy= 30.8  hungry=4  social_events=0
[14:41:23.331] [FOOD_CONTEST        ] ECHO-02  | food at (178,355)
[14:41:23.334] [FOOD_CONTEST        ] ECHO-03  | food at (178,355)
[14:41:23.348] [FOOD_CONTEST        ] ECHO-02  | food at (178,355)
[14:41:23.357] [FOOD_CONTEST        ] ECHO-03  | food at (178,355)
[14:41:23.364] [FOOD_CONTEST        ] ECHO-02  | food at (178,355)
[14:41:23.365] [FOOD_CONTEST        ] ECHO-03  | food at (178,355)
[14:41:23.380] [FOOD_CONTEST        ] ECHO-02  | food at (178,355)
[14:41:23.381] [FOOD_CONTEST        ] ECHO-03  | food at (178,355)
[14:41:23.397] [FOOD_CONTEST        ] ECHO-02  | food at (178,355)
[14:41:23.398] [FOOD_CONTEST        ] ECHO-03  | food at (178,355)
[14:41:23.414] [FOOD_CONTEST        ] ECHO-02  | food at (178,355)
[14:41:23.414] [FOOD_CONTEST        ] ECHO-03  | food at (178,355)
[14:41:23.430] [FOOD_CONTEST        ] ECHO-02  | food at (178,355)
[14:41:23.431] [FOOD_CONTEST        ] ECHO-03  | food at (178,355)
[14:41:23.446] [FOOD_CONTEST        ] ECHO-02  | food at (178,355)
[14:41:23.446] [FOOD_CONTEST        ] ECHO-03  | food at (178,355)
[14:41:23.463] [FOOD_CONTEST        ] ECHO-02  | food at (178,355)
[14:41:23.463] [FOOD_CONTEST        ] ECHO-03  | food at (178,355)
[14:41:23.480] [FOOD_CONTEST        ] ECHO-02  | food at (178,355)
[14:41:23.480] [FOOD_CONTEST        ] ECHO-03  | food at (178,355)
[14:41:23.496] [FOOD_CONTEST        ] ECHO-02  | food at (178,355)
[14:41:23.496] [FOOD_CONTEST        ] ECHO-03  | food at (178,355)
[14:41:23.512] [FOOD_CONTEST        ] ECHO-02  | food at (178,355)
[14:41:23.513] [FOOD_CONTEST        ] ECHO-03  | food at (178,355)
[14:41:23.530] [FOOD_CONTEST        ] ECHO-02  | food at (178,355)
[14:41:23.530] [FOOD_CONTEST        ] ECHO-03  | food at (178,355)
[14:41:23.547] [FOOD_CONTEST        ] ECHO-02  | food at (178,355)
[14:41:23.548] [FOOD_CONTEST        ] ECHO-03  | food at (178,355)
[14:41:23.563] [FOOD_CONTEST        ] ECHO-02  | food at (178,355)
[14:41:23.563] [FOOD_CONTEST        ] ECHO-03  | food at (178,355)
[14:41:23.580] [FOOD_CONTEST        ] ECHO-02  | food at (178,355)
[14:41:23.580] [FOOD_CONTEST        ] ECHO-03  | food at (178,355)
[14:41:23.597] [FOOD_CONTEST        ] ECHO-02  | food at (178,355)
[14:41:23.597] [FOOD_CONTEST        ] ECHO-03  | food at (178,355)
[14:41:23.614] [FOOD_CONTEST        ] ECHO-02  | food at (178,355)
[14:41:23.614] [FOOD_CONTEST        ] ECHO-03  | food at (178,355)
[14:41:23.630] [FOOD_CONTEST        ] ECHO-02  | food at (178,355)
[14:41:23.631] [FOOD_CONTEST        ] ECHO-03  | food at (178,355)
[14:41:23.665] [FOOD_CONTEST        ] ECHO-02  | food at (178,355)
[14:41:23.669] [FOOD_CONTEST        ] ECHO-03  | food at (178,355)
[14:41:23.682] [FOOD_CONTEST        ] ECHO-02  | food at (178,355)
[14:41:23.684] [FOOD_CONTEST        ] ECHO-03  | food at (178,355)
[14:41:23.702] [FOOD_CONTEST        ] ECHO-02  | food at (178,355)
[14:41:23.746] [FOOD_CONTEST        ] ECHO-03  | food at (178,355)
[14:41:23.785] [FOOD_CONTEST        ] ECHO-02  | food at (178,355)
[14:41:23.799] [FOOD_CONTEST        ] ECHO-03  | food at (178,355)
[14:41:23.815] [IDLE_ENTER          ] ECHO-05  | pausing for 4.6s
[14:41:23.863] [FOOD_CONTEST        ] ECHO-02  | food at (178,355)
[14:41:23.864] [FOOD_CONTEST        ] ECHO-03  | food at (178,355)
[14:41:23.880] [FOOD_CONTEST        ] ECHO-02  | food at (178,355)
[14:41:23.882] [FOOD_CONTEST        ] ECHO-03  | food at (178,355)
[14:41:23.897] [FOOD_CONTEST        ] ECHO-02  | food at (178,355)
[14:41:23.900] [FOOD_CONTEST        ] ECHO-03  | food at (178,355)
[14:41:23.914] [FOOD_CONTEST        ] ECHO-02  | food at (178,355)
[14:41:23.914] [FOOD_CONTEST        ] ECHO-03  | food at (178,355)
[14:41:23.930] [FOOD_CONTEST        ] ECHO-02  | food at (178,355)
[14:41:23.933] [FOOD_CONTEST        ] ECHO-03  | food at (178,355)
[14:41:23.963] [FOOD_CONTEST        ] ECHO-02  | food at (178,355)
[14:41:23.965] [FOOD_CONTEST        ] ECHO-03  | food at (178,355)
[14:41:23.979] [FOOD_CONTEST        ] ECHO-02  | food at (178,355)
[14:41:23.981] [FOOD_CONTEST        ] ECHO-03  | food at (178,355)
[14:41:23.995] [FOOD_CONTEST        ] ECHO-02  | food at (178,355)
[14:41:23.996] [FOOD_CONTEST        ] ECHO-03  | food at (178,355)
[14:41:24.012] [FOOD_CONTEST        ] ECHO-02  | food at (178,355)
[14:41:24.018] [FOOD_CONTEST        ] ECHO-03  | food at (178,355)
[14:41:24.029] [FOOD_CONTEST        ] ECHO-02  | food at (178,355)
[14:41:24.030] [FOOD_CONTEST        ] ECHO-03  | food at (178,355)
[14:41:24.046] [FOOD_CONTEST        ] ECHO-02  | food at (178,355)
[14:41:24.051] [FOOD_CONTEST        ] ECHO-03  | food at (178,355)
[14:41:24.058] [STATE_CHANGE        ] ECHO-05  | WANDER (2.0s) -> SEEK_FOOD  [normal]  h=59 e=50 s=47
[14:41:24.060] [FOOD_CLAIM          ] ECHO-05  | food at (990,537)
[14:41:24.066] [FOOD_CONTEST        ] ECHO-02  | food at (178,355)
[14:41:24.067] [FOOD_CONTEST        ] ECHO-03  | food at (178,355)
[14:41:24.084] [FOOD_CONTEST        ] ECHO-02  | food at (178,355)
[14:41:24.084] [FOOD_CONTEST        ] ECHO-03  | food at (178,355)
[14:41:24.100] [FOOD_CONTEST        ] ECHO-02  | food at (178,355)
[14:41:24.100] [FOOD_CONTEST        ] ECHO-03  | food at (178,355)
[14:41:24.116] [FOOD_CONTEST        ] ECHO-02  | food at (178,355)
[14:41:24.117] [FOOD_CONTEST        ] ECHO-03  | food at (178,355)
[14:41:24.132] [FOOD_CONTEST        ] ECHO-02  | food at (178,355)
[14:41:24.133] [FOOD_CONTEST        ] ECHO-03  | food at (178,355)
[14:41:24.149] [FOOD_CONTEST        ] ECHO-02  | food at (178,355)
[14:41:24.149] [FOOD_CONTEST        ] ECHO-03  | food at (178,355)
[14:41:24.165] [FOOD_CONTEST        ] ECHO-02  | food at (178,355)
[14:41:24.166] [FOOD_CONTEST        ] ECHO-03  | food at (178,355)
[14:41:24.182] [FOOD_CONTEST        ] ECHO-02  | food at (178,355)
[14:41:24.183] [FOOD_CONTEST        ] ECHO-03  | food at (178,355)
[14:41:24.199] [FOOD_CONTEST        ] ECHO-02  | food at (178,355)
[14:41:24.199] [FOOD_CONTEST        ] ECHO-03  | food at (178,355)
[14:41:24.216] [FOOD_CONTEST        ] ECHO-02  | food at (178,355)
[14:41:24.216] [FOOD_CONTEST        ] ECHO-03  | food at (178,355)
[14:41:24.233] [FOOD_CONTEST        ] ECHO-02  | food at (178,355)
[14:41:24.233] [FOOD_CONTEST        ] ECHO-03  | food at (178,355)
[14:41:24.249] [FOOD_CONTEST        ] ECHO-02  | food at (178,355)
[14:41:24.249] [FOOD_CONTEST        ] ECHO-03  | food at (178,355)
[14:41:24.265] [FOOD_CONTEST        ] ECHO-02  | food at (178,355)
[14:41:24.265] [FOOD_CONTEST        ] ECHO-03  | food at (178,355)
[14:41:24.281] [FOOD_CONTEST        ] ECHO-02  | food at (178,355)
[14:41:24.281] [FOOD_CONTEST        ] ECHO-03  | food at (178,355)
[14:41:24.297] [FOOD_CONTEST        ] ECHO-02  | food at (178,355)
[14:41:24.297] [FOOD_CONTEST        ] ECHO-03  | food at (178,355)
[14:41:24.314] [FOOD_CONTEST        ] ECHO-02  | food at (178,355)
[14:41:24.314] [FOOD_CONTEST        ] ECHO-03  | food at (178,355)
[14:41:24.331] [FOOD_CONTEST        ] ECHO-02  | food at (178,355)
[14:41:24.332] [FOOD_CONTEST        ] ECHO-03  | food at (178,355)
[14:41:24.348] [FOOD_CONTEST        ] ECHO-02  | food at (178,355)
[14:41:24.349] [FOOD_CONTEST        ] ECHO-03  | food at (178,355)
[14:41:24.364] [FOOD_CONTEST        ] ECHO-02  | food at (178,355)
[14:41:24.364] [FOOD_CONTEST        ] ECHO-03  | food at (178,355)
[14:41:24.380] [FOOD_CONTEST        ] ECHO-02  | food at (178,355)
[14:41:24.381] [FOOD_CONTEST        ] ECHO-03  | food at (178,355)
[14:41:24.397] [FOOD_CONTEST        ] ECHO-02  | food at (178,355)
[14:41:24.398] [FOOD_CONTEST        ] ECHO-03  | food at (178,355)
[14:41:24.415] [FOOD_CONTEST        ] ECHO-02  | food at (178,355)
[14:41:24.416] [FOOD_CONTEST        ] ECHO-03  | food at (178,355)
[14:41:24.431] [FOOD_CONTEST        ] ECHO-02  | food at (178,355)
[14:41:24.431] [FOOD_CONTEST        ] ECHO-03  | food at (178,355)
[14:41:24.448] [FOOD_CONTEST        ] ECHO-02  | food at (178,355)
[14:41:24.448] [FOOD_CONTEST        ] ECHO-03  | food at (178,355)
[14:41:24.464] [FOOD_CONTEST        ] ECHO-02  | food at (178,355)
[14:41:24.464] [FOOD_CONTEST        ] ECHO-03  | food at (178,355)
[14:41:24.480] [FOOD_CONTEST        ] ECHO-02  | food at (178,355)
[14:41:24.480] [FOOD_CONTEST        ] ECHO-03  | food at (178,355)
[14:41:24.495] [FOOD_CONTEST        ] ECHO-02  | food at (178,355)
[14:41:24.496] [FOOD_CONTEST        ] ECHO-03  | food at (178,355)
[14:41:24.512] [FOOD_CONTEST        ] ECHO-02  | food at (178,355)
[14:41:24.513] [FOOD_CONTEST        ] ECHO-03  | food at (178,355)
[14:41:24.528] [FOOD_CONTEST        ] ECHO-02  | food at (178,355)
[14:41:24.529] [FOOD_CONTEST        ] ECHO-03  | food at (178,355)
[14:41:24.546] [FOOD_CONTEST        ] ECHO-02  | food at (178,355)
[14:41:24.547] [FOOD_CONTEST        ] ECHO-03  | food at (178,355)
[14:41:24.562] [FOOD_CONTEST        ] ECHO-02  | food at (178,355)
[14:41:24.563] [FOOD_CONTEST        ] ECHO-03  | food at (178,355)
[14:41:24.578] [FOOD_CONTEST        ] ECHO-02  | food at (178,355)
[14:41:24.579] [FOOD_CONTEST        ] ECHO-03  | food at (178,355)
[14:41:24.595] [FOOD_CONTEST        ] ECHO-02  | food at (178,355)
[14:41:24.596] [FOOD_CONTEST        ] ECHO-03  | food at (178,355)
[14:41:24.613] [FOOD_CONTEST        ] ECHO-02  | food at (178,355)
[14:41:24.613] [FOOD_CONTEST        ] ECHO-03  | food at (178,355)
[14:41:24.629] [FOOD_CONTEST        ] ECHO-02  | food at (178,355)
[14:41:24.629] [FOOD_CONTEST        ] ECHO-03  | food at (178,355)
[14:41:24.646] [FOOD_CONTEST        ] ECHO-02  | food at (178,355)
[14:41:24.647] [FOOD_CONTEST        ] ECHO-03  | food at (178,355)
[14:41:24.663] [FOOD_CONTEST        ] ECHO-02  | food at (178,355)
[14:41:24.663] [FOOD_CONTEST        ] ECHO-03  | food at (178,355)
[14:41:24.681] [FOOD_CONTEST        ] ECHO-02  | food at (178,355)
[14:41:24.682] [FOOD_CONTEST        ] ECHO-03  | food at (178,355)
[14:41:24.699] [FOOD_CONTEST        ] ECHO-02  | food at (178,355)
[14:41:24.699] [FOOD_CONTEST        ] ECHO-03  | food at (178,355)
[14:41:24.716] [FOOD_CONTEST        ] ECHO-02  | food at (178,355)
[14:41:24.717] [FOOD_CONTEST        ] ECHO-03  | food at (178,355)
[14:41:24.733] [FOOD_CONTEST        ] ECHO-02  | food at (178,355)
[14:41:24.733] [FOOD_CONTEST        ] ECHO-03  | food at (178,355)
[14:41:24.750] [FOOD_CONTEST        ] ECHO-02  | food at (178,355)
[14:41:24.751] [FOOD_CONTEST        ] ECHO-03  | food at (178,355)
[14:41:24.751] [FOOD_FOUND          ] ECHO-09  | ate at (526, 353)  total=4
[14:41:24.780] [FOOD_CONTEST        ] ECHO-02  | food at (178,355)
[14:41:24.782] [FOOD_CONTEST        ] ECHO-03  | food at (178,355)
[14:41:24.782] [STATE_CHANGE        ] ECHO-09  | SEEK_FOOD (2.2s) -> WANDER  [normal]  h=29 e=33 s=41
[14:41:24.798] [FOOD_CONTEST        ] ECHO-02  | food at (178,355)
[14:41:24.798] [DEATH               ] ECHO-03  | cause=starvation | lifespan=31.5s | state=SEEK_FOOD | hunger=100.0 | energy=0.0
--------------------------------------------------------------
  LIFE SUMMARY  –  ECHO-03
  Lifespan            : 31.5s
  Cause of death      : starvation
  Food eaten          : 1
  Distance travelled  : 308 px
  Social interactions : 0
  Time resting        : 0.0s
  Time socializing    : 0.0s
  Time seeking food   : 26.0s
  Dominant state      : SEEK_FOOD
  Best friend         : none
  Personality         : risk=0.75  lazy=0.27  social=0.22  greed=0.21
--------------------------------------------------------------
[14:41:25.113] [STATE_CHANGE        ] ECHO-10  | REST (2.0s) -> SOCIALIZE  [normal]  h=42 e=63 s=6
[14:41:25.113] [SOCIAL              ] ECHO-10  | interacting with ECHO-09  total=1
[14:41:25.625] [DEATH               ] ECHO-02  | cause=exhaustion | lifespan=32.4s | state=SEEK_FOOD | hunger=99.5 | energy=0.0
--------------------------------------------------------------
  LIFE SUMMARY  –  ECHO-02
  Lifespan            : 32.4s
  Cause of death      : exhaustion
  Food eaten          : 2
  Distance travelled  : 230 px
  Social interactions : 0
  Time resting        : 0.0s
  Time socializing    : 0.0s
  Time seeking food   : 28.6s
  Dominant state      : SEEK_FOOD
  Best friend         : ECHO-11  (affinity=1.0)
  Personality         : risk=0.59  lazy=0.64  social=0.50  greed=0.41
--------------------------------------------------------------
[14:41:25.659] [FOOD_CLAIM_RELEASE  ] ECHO-02  | food at (178,355)
[14:41:25.962] [STATE_CHANGE        ] ECHO-07  | WANDER (7.9s) -> SEEK_FOOD  [normal]  h=55 e=49 s=26
[14:41:25.963] [FOOD_CLAIM          ] ECHO-07  | food at (1058,466)
[14:41:27.074] [FOOD_FOUND          ] ECHO-05  | ate at (1000, 535)  total=4
[14:41:27.092] [FOOD_CLAIM          ] ECHO-05  | food at (992,507)
[14:41:28.385] [STATS               ]          | pop=5  avg_hunger= 46.7  avg_energy= 41.3  hungry=1  social_events=1
[14:41:28.808] [STATE_CHANGE        ] ECHO-09  | WANDER (4.0s) -> REST  [normal]  h=45 e=28 s=35
[14:41:28.809] [REST_REASON         ] ECHO-09  | low_energy | energy=28.2 laziness=0.21
[14:41:29.640] [FOOD_FOUND          ] ECHO-05  | ate at (994, 517)  total=5
[14:41:29.657] [STATE_CHANGE        ] ECHO-05  | SEEK_FOOD (5.6s) -> WANDER  [normal]  h=11 e=35 s=39
[14:41:30.740] [STATE_CHANGE        ] ECHO-10  | SOCIALIZE (5.6s) -> SEEK_FOOD  [normal]  h=64 e=56 s=50  tgt=21px
[14:41:30.741] [TARGET_SWITCH       ] ECHO-10  | (558,356) -> (532,337)
[14:41:30.742] [FOOD_CLAIM          ] ECHO-10  | food at (532,337)
[14:41:30.823] [STATE_CHANGE        ] ECHO-09  | REST (2.0s) -> WANDER  [normal]  h=53 e=64 s=32
[14:41:31.159] [FOOD_FOUND          ] ECHO-10  | ate at (540, 344)  total=5
[14:41:31.175] [FOOD_CLAIM          ] ECHO-10  | food at (523,335)
[14:41:31.635] [STATE_CHANGE        ] ECHO-11  | WANDER (9.8s) -> REST  [normal]  h=43 e=35 s=31
[14:41:31.635] [REST_REASON         ] ECHO-11  | low_energy | energy=34.9 laziness=0.66
[14:41:31.667] [STATE_CHANGE        ] ECHO-05  | WANDER (2.0s) -> REST  [normal]  h=19 e=32 s=36
[14:41:31.667] [REST_REASON         ] ECHO-05  | low_energy | energy=32.1 laziness=0.60
[14:41:32.365] [FOOD_FOUND          ] ECHO-07  | ate at (1061, 476)  total=4
[14:41:32.417] [FOOD_CLAIM          ] ECHO-07  | food at (1004,498)
[14:41:32.475] [FOOD_FOUND          ] ECHO-10  | ate at (532, 340)  total=6
[14:41:32.497] [FOOD_CLAIM          ] ECHO-10  | food at (539,322)
[14:41:32.778] [FOOD_CLAIM_RELEASE  ] ECHO-10  | food at (539,322)
[14:41:32.778] [STATE_CHANGE        ] ECHO-10  | SEEK_FOOD (2.0s) -> WANDER  [normal]  h=2 e=51 s=47  tgt=17px
[14:41:32.859] [STATE_CHANGE        ] ECHO-09  | WANDER (2.0s) -> SEEK_FOOD  [normal]  h=61 e=62 s=29
[14:41:32.859] [FOOD_CLAIM          ] ECHO-09  | food at (559,406)
[14:41:33.455] [STATS               ]          | pop=5  avg_hunger= 38.7  avg_energy= 53.8  hungry=1  social_events=0
[14:41:33.669] [STATE_CHANGE        ] ECHO-11  | REST (2.0s) -> WANDER  [normal]  h=51 e=71 s=28
[14:41:33.701] [STATE_CHANGE        ] ECHO-05  | REST (2.0s) -> WANDER  [normal]  h=27 e=68 s=33
[14:41:34.360] [IDLE_ENTER          ] ECHO-10  | pausing for 3.8s
[14:41:34.542] [IDLE_ENTER          ] ECHO-11  | pausing for 2.5s
[14:41:34.975] [FOOD_FOUND          ] ECHO-09  | ate at (566, 399)  total=5
[14:41:34.992] [STATE_CHANGE        ] ECHO-09  | SEEK_FOOD (2.1s) -> WANDER  [normal]  h=34 e=56 s=26
[14:41:35.322] [IDLE_ENTER          ] ECHO-09  | pausing for 1.9s
[14:41:35.672] [STATE_CHANGE        ] ECHO-11  | WANDER (2.0s) -> SEEK_FOOD  [normal]  h=59 e=68 s=25
[14:41:35.672] [FOOD_CLAIM          ] ECHO-11  | food at (178,355)
[14:41:36.689] [FOOD_FOUND          ] ECHO-07  | ate at (1013, 495)  total=5
[14:41:36.705] [STATE_CHANGE        ] ECHO-07  | SEEK_FOOD (10.7s) -> REST  [normal]  h=28 e=19 s=10
[14:41:36.708] [REST_REASON         ] ECHO-07  | low_energy | energy=18.8 laziness=0.51
[14:41:37.001] [STATE_CHANGE        ] ECHO-09  | WANDER (2.0s) -> SOCIALIZE  [normal]  h=42 e=54 s=23
[14:41:38.456] [STATS               ]          | pop=5  avg_hunger= 44.7  avg_energy= 53.9  hungry=1  social_events=0
[14:41:38.871] [STATE_CHANGE        ] ECHO-07  | REST (2.2s) -> SOCIALIZE  [normal]  h=36 e=58 s=7
[14:41:39.356] [SOCIAL              ] ECHO-09  | interacting with ECHO-10  total=2
[14:41:39.556] [STATE_CHANGE        ] ECHO-05  | WANDER (5.9s) -> SOCIALIZE  [normal]  h=51 e=61 s=24
[14:41:40.306] [FOOD_FOUND          ] ECHO-11  | ate at (175, 346)  total=5
[14:41:40.324] [FOOD_CLAIM          ] ECHO-11  | food at (159,403)
[14:41:42.720] [STATE_CHANGE        ] ECHO-09  | SOCIALIZE (5.7s) -> SEEK_FOOD  [normal]  h=65 e=47 s=50  tgt=42px
[14:41:42.723] [TARGET_SWITCH       ] ECHO-09  | (566,273) -> (547,325)
[14:41:42.723] [FOOD_CLAIM          ] ECHO-09  | food at (547,325)
[14:41:42.825] [STATE_CHANGE        ] ECHO-05  | SOCIALIZE (3.3s) -> SEEK_FOOD  [normal]  h=64 e=57 s=50  tgt=2px
[14:41:42.825] [TARGET_SWITCH       ] ECHO-05  | (1030,490) -> (984,508)
[14:41:42.825] [FOOD_CLAIM          ] ECHO-05  | food at (984,508)
[14:41:43.475] [STATS               ]          | pop=5  avg_hunger= 57.8  avg_energy= 47.4  hungry=2  social_events=1
[14:41:43.675] [FOOD_FOUND          ] ECHO-09  | ate at (554, 317)  total=6
[14:41:43.692] [FOOD_CLAIM          ] ECHO-09  | food at (545,324)
[14:41:43.876] [FOOD_FOUND          ] ECHO-09  | ate at (553, 318)  total=7
[14:41:43.894] [FOOD_CLAIM          ] ECHO-09  | food at (539,322)
[14:41:44.289] [STATE_CHANGE        ] ECHO-07  | SOCIALIZE (5.4s) -> SEEK_FOOD  [normal]  h=58 e=51 s=50  tgt=20px
[14:41:44.290] [TARGET_SWITCH       ] ECHO-07  | (1008,499) -> (977,501)
[14:41:44.290] [FOOD_CLAIM          ] ECHO-07  | food at (977,501)
[14:41:44.589] [FOOD_FOUND          ] ECHO-11  | ate at (162, 394)  total=6
[14:41:44.606] [STATE_CHANGE        ] ECHO-11  | SEEK_FOOD (8.9s) -> SOCIALIZE  [normal]  h=24 e=43 s=12
[14:41:44.640] [FOOD_FOUND          ] ECHO-09  | ate at (549, 319)  total=8
[14:41:44.657] [FOOD_CLAIM          ] ECHO-09  | food at (547,320)
[14:41:44.673] [FOOD_FOUND          ] ECHO-09  | ate at (548, 319)  total=9
[14:41:44.690] [FOOD_CLAIM          ] ECHO-09  | food at (539,322)
[14:41:44.707] [FOOD_FOUND          ] ECHO-09  | ate at (548, 319)  total=10
[14:41:44.723] [STATE_CHANGE        ] ECHO-09  | SEEK_FOOD (2.0s) -> WANDER  [normal]  h=0 e=41 s=47
[14:41:46.040] [STATE_CHANGE        ] ECHO-10  | WANDER (13.3s) -> SEEK_FOOD  [normal]  h=55 e=35 s=27
[14:41:46.044] [FOOD_CLAIM          ] ECHO-10  | food at (560,243)
[14:41:46.073] [FOOD_FOUND          ] ECHO-05  | ate at (993, 505)  total=6
[14:41:46.090] [FOOD_CLAIM          ] ECHO-05  | food at (988,528)
[14:41:47.420] [FOOD_FOUND          ] ECHO-07  | ate at (987, 499)  total=6
[14:41:47.436] [FOOD_CLAIM          ] ECHO-07  | food at (956,533)
[14:41:47.646] [FOOD_FOUND          ] ECHO-10  | ate at (569, 239)  total=7
[14:41:47.663] [FOOD_CLAIM          ] ECHO-10  | food at (597,283)
[14:41:47.959] [FOOD_FOUND          ] ECHO-05  | ate at (990, 519)  total=7
[14:41:47.976] [STATE_CHANGE        ] ECHO-05  | SEEK_FOOD (5.2s) -> WANDER  [normal]  h=14 e=43 s=42
[14:41:48.043] [SURVIVAL_DECISION   ] ECHO-10  | ignored_social | energy=29.3 hunger=28.0
[14:41:48.046] [FOOD_CLAIM_RELEASE  ] ECHO-10  | food at (597,283)
[14:41:48.046] [STATE_CHANGE        ] ECHO-10  | SEEK_FOOD (2.0s) -> WANDER  [normal]  h=28 e=29 s=24  tgt=46px
[14:41:48.474] [STATS               ]          | pop=5  avg_hunger= 28.1  avg_energy= 37.2  hungry=0  social_events=0
[14:41:48.952] [IDLE_ENTER          ] ECHO-05  | pausing for 1.5s
[14:41:49.238] [IDLE_ENTER          ] ECHO-10  | pausing for 3.7s
[14:41:50.052] [STATE_CHANGE        ] ECHO-10  | WANDER (2.0s) -> REST  [normal]  h=36 e=27 s=21
[14:41:50.054] [REST_REASON         ] ECHO-10  | low_energy | energy=26.9 laziness=0.27
[14:41:50.596] [FOOD_FOUND          ] ECHO-07  | ate at (963, 525)  total=7
[14:41:50.612] [STATE_CHANGE        ] ECHO-07  | SEEK_FOOD (6.3s) -> WANDER  [normal]  h=13 e=34 s=41
[14:41:52.056] [STATE_CHANGE        ] ECHO-10  | REST (2.0s) -> SOCIALIZE  [normal]  h=44 e=63 s=18
[14:41:52.622] [STATE_CHANGE        ] ECHO-07  | WANDER (2.0s) -> REST  [normal]  h=21 e=31 s=38
[14:41:52.622] [REST_REASON         ] ECHO-07  | low_energy | energy=31.2 laziness=0.51
[14:41:53.484] [STATS               ]          | pop=5  avg_hunger= 41.2  avg_energy= 41.5  hungry=1  social_events=0
[14:41:54.683] [STATE_CHANGE        ] ECHO-07  | REST (2.0s) -> WANDER  [normal]  h=30 e=68 s=34
[14:41:55.016] [IDLE_ENTER          ] ECHO-05  | pausing for 1.9s
[14:41:55.263] [STATE_CHANGE        ] ECHO-05  | WANDER (7.3s) -> REST  [normal]  h=43 e=34 s=31
[14:41:55.263] [REST_REASON         ] ECHO-05  | low_energy | energy=34.1 laziness=0.60
[14:41:55.564] [STATE_CHANGE        ] ECHO-09  | WANDER (10.8s) -> REST  [normal]  h=43 e=28 s=31
[14:41:55.565] [REST_REASON         ] ECHO-09  | low_energy | energy=28.2 laziness=0.21
[14:41:57.273] [STATE_CHANGE        ] ECHO-05  | REST (2.0s) -> WANDER  [normal]  h=51 e=70 s=28
[14:41:57.572] [STATE_CHANGE        ] ECHO-09  | REST (2.0s) -> WANDER  [normal]  h=51 e=64 s=28
[14:41:58.503] [STATS               ]          | pop=5  avg_hunger= 61.2  avg_energy= 55.5  hungry=4  social_events=0
[14:41:58.554] [STATE_CHANGE        ] ECHO-11  | SOCIALIZE (13.9s) -> SEEK_FOOD  [emergency_hunger]  h=80 e=27 s=12
[14:41:58.555] [FOOD_CLAIM          ] ECHO-11  | food at (127,382)
[14:41:59.286] [STATE_CHANGE        ] ECHO-05  | WANDER (2.0s) -> SEEK_FOOD  [normal]  h=59 e=68 s=25
[14:41:59.286] [FOOD_CLAIM          ] ECHO-05  | food at (1057,555)
[14:41:59.456] [IDLE_ENTER          ] ECHO-10  | pausing for 2.9s
[14:41:59.573] [STATE_CHANGE        ] ECHO-09  | WANDER (2.0s) -> SEEK_FOOD  [normal]  h=59 e=62 s=25
[14:41:59.573] [FOOD_CLAIM          ] ECHO-09  | food at (545,391)
[14:42:01.040] [STATE_CHANGE        ] ECHO-07  | WANDER (6.4s) -> SEEK_FOOD  [normal]  h=55 e=60 s=25
[14:42:01.040] [FOOD_CLAIM          ] ECHO-07  | food at (977,566)
[14:42:01.057] [STATE_CHANGE        ] ECHO-10  | SOCIALIZE (9.0s) -> SEEK_FOOD  [emergency_hunger]  h=80 e=52 s=18
[14:42:01.058] [FOOD_CLAIM          ] ECHO-10  | food at (597,283)
[14:42:03.325] [FOOD_FOUND          ] ECHO-05  | ate at (1056, 545)  total=8
[14:42:03.341] [FOOD_CLAIM          ] ECHO-05  | food at (971,536)
[14:42:03.512] [STATS               ]          | pop=5  avg_hunger= 74.2  avg_energy= 43.7  hungry=4  social_events=0
[14:42:04.248] [FOOD_FOUND          ] ECHO-09  | ate at (551, 399)  total=11
[14:42:04.264] [FOOD_CLAIM          ] ECHO-09  | food at (556,370)
[14:42:05.854] [FOOD_FOUND          ] ECHO-07  | ate at (987, 569)  total=8
[14:42:05.872] [FOOD_CLAIM          ] ECHO-07  | food at (960,546)
[14:42:06.313] [FOOD_FOUND          ] ECHO-09  | ate at (554, 380)  total=12
[14:42:06.330] [STATE_CHANGE        ] ECHO-09  | SEEK_FOOD (6.8s) -> SOCIALIZE  [normal]  h=16 e=43 s=15
[14:42:06.397] [FOOD_FOUND          ] ECHO-10  | ate at (595, 274)  total=8
[14:42:06.414] [FOOD_CLAIM          ] ECHO-10  | food at (552,298)
[14:42:08.090] [FOOD_FOUND          ] ECHO-05  | ate at (981, 537)  total=9
[14:42:08.106] [STATE_CHANGE        ] ECHO-05  | SEEK_FOOD (8.8s) -> SOCIALIZE  [normal]  h=25 e=43 s=12
[14:42:08.375] [FOOD_FOUND          ] ECHO-07  | ate at (967, 553)  total=9
[14:42:08.392] [STATE_CHANGE        ] ECHO-07  | SEEK_FOOD (7.3s) -> SOCIALIZE  [normal]  h=14 e=40 s=14
[14:42:08.576] [STATS               ]          | pop=5  avg_hunger= 48.1  avg_energy= 30.8  hungry=2  social_events=0
[14:42:08.743] [SOCIAL              ] ECHO-09  | interacting with ECHO-10  total=3
[14:42:09.709] [DEATH               ] ECHO-11  | cause=starvation | lifespan=76.2s | state=SEEK_FOOD | hunger=100.0 | energy=0.0
--------------------------------------------------------------
  LIFE SUMMARY  –  ECHO-11
  Lifespan            : 76.2s
  Cause of death      : starvation
  Food eaten          : 6
  Distance travelled  : 642 px
  Social interactions : 1
  Time resting        : 4.0s
  Time socializing    : 20.0s
  Time seeking food   : 34.6s
  Dominant state      : SEEK_FOOD
  Best friend         : ECHO-02  (affinity=2.1)
  Personality         : risk=0.67  lazy=0.66  social=0.42  greed=0.39
--------------------------------------------------------------
[14:42:09.714] [FOOD_CLAIM_RELEASE  ] ECHO-11  | food at (127,382)
[14:42:10.141] [FOOD_FOUND          ] ECHO-10  | ate at (561, 294)  total=9
[14:42:10.157] [FOOD_CLAIM          ] ECHO-10  | food at (543,292)
[14:42:11.427] [FOOD_FOUND          ] ECHO-10  | ate at (553, 293)  total=10
[14:42:11.443] [STATE_CHANGE        ] ECHO-10  | SEEK_FOOD (10.2s) -> REST  [normal]  h=15 e=24 s=3
[14:42:11.444] [REST_REASON         ] ECHO-10  | low_energy | energy=23.5 laziness=0.27
[14:42:13.008] [STATE_CHANGE        ] ECHO-05  | SOCIALIZE (4.7s) -> WANDER  [normal]  h=44 e=37 s=50  tgt=1px
[14:42:13.129] [STATE_CHANGE        ] ECHO-07  | SOCIALIZE (4.6s) -> WANDER  [normal]  h=33 e=34 s=50  tgt=1px
[14:42:13.177] [STATE_CHANGE        ] ECHO-09  | SOCIALIZE (6.7s) -> WANDER  [normal]  h=43 e=35 s=50  tgt=15px
[14:42:13.463] [STATE_CHANGE        ] ECHO-10  | REST (2.0s) -> SOCIALIZE  [normal]  h=23 e=60 s=0
[14:42:13.466] [SOCIAL              ] ECHO-10  | interacting with ECHO-09  total=2
[14:42:13.730] [STATS               ]          | pop=4  avg_hunger= 37.6  avg_energy= 41.0  hungry=0  social_events=2
[14:42:15.139] [STATE_CHANGE        ] ECHO-07  | WANDER (2.0s) -> REST  [normal]  h=41 e=32 s=47
[14:42:15.140] [REST_REASON         ] ECHO-07  | low_energy | energy=32.0 laziness=0.51
[14:42:15.856] [STATE_CHANGE        ] ECHO-05  | WANDER (2.8s) -> SEEK_FOOD  [normal]  h=55 e=34 s=46
[14:42:15.857] [FOOD_CLAIM          ] ECHO-05  | food at (1046,523)
[14:42:16.161] [STATE_CHANGE        ] ECHO-09  | WANDER (3.0s) -> SEEK_FOOD  [normal]  h=55 e=31 s=46
[14:42:16.162] [FOOD_CLAIM          ] ECHO-09  | food at (563,331)
[14:42:16.162] [FOOD_FOUND          ] ECHO-09  | ate at (554, 329)  total=13
[14:42:16.181] [FOOD_CLAIM          ] ECHO-09  | food at (562,317)
[14:42:17.146] [STATE_CHANGE        ] ECHO-07  | REST (2.0s) -> WANDER  [normal]  h=49 e=68 s=44
[14:42:17.230] [FOOD_FOUND          ] ECHO-09  | ate at (557, 326)  total=14
[14:42:17.247] [FOOD_CLAIM          ] ECHO-09  | food at (538,330)
[14:42:18.176] [FOOD_CLAIM_RELEASE  ] ECHO-09  | food at (538,330)
[14:42:18.177] [STATE_CHANGE        ] ECHO-09  | SEEK_FOOD (2.0s) -> REST  [normal]  h=4 e=26 s=43  tgt=13px
[14:42:18.178] [REST_REASON         ] ECHO-09  | low_energy | energy=25.7 laziness=0.21
[14:42:18.745] [STATS               ]          | pop=4  avg_hunger= 42.9  avg_energy= 45.3  hungry=2  social_events=0
[14:42:19.148] [STATE_CHANGE        ] ECHO-07  | WANDER (2.0s) -> SEEK_FOOD  [normal]  h=57 e=66 s=41
[14:42:19.149] [FOOD_CLAIM          ] ECHO-07  | food at (962,553)
[14:42:19.284] [FOOD_FOUND          ] ECHO-05  | ate at (1036, 524)  total=10
[14:42:19.300] [STATE_CHANGE        ] ECHO-05  | SEEK_FOOD (3.4s) -> REST  [normal]  h=34 e=24 s=41
[14:42:19.306] [REST_REASON         ] ECHO-05  | low_energy | energy=24.4 laziness=0.60
[14:42:19.729] [STATE_CHANGE        ] ECHO-10  | SOCIALIZE (6.3s) -> WANDER  [normal]  h=48 e=52 s=50  tgt=8px
[14:42:20.190] [STATE_CHANGE        ] ECHO-09  | REST (2.0s) -> WANDER  [normal]  h=12 e=62 s=40
[14:42:21.307] [STATE_CHANGE        ] ECHO-05  | REST (2.0s) -> WANDER  [normal]  h=42 e=61 s=38
[14:42:21.744] [STATE_CHANGE        ] ECHO-10  | WANDER (2.0s) -> SEEK_FOOD  [normal]  h=56 e=50 s=47
[14:42:21.745] [FOOD_CLAIM          ] ECHO-10  | food at (534,305)
[14:42:22.243] [FOOD_FOUND          ] ECHO-07  | ate at (971, 558)  total=10
[14:42:22.262] [STATE_CHANGE        ] ECHO-07  | SEEK_FOOD (3.1s) -> WANDER  [normal]  h=34 e=57 s=37
[14:42:22.677] [IDLE_ENTER          ] ECHO-09  | pausing for 4.9s
[14:42:22.893] [FOOD_FOUND          ] ECHO-10  | ate at (543, 309)  total=11
[14:42:22.909] [FOOD_CLAIM          ] ECHO-10  | food at (529,317)
[14:42:23.757] [FOOD_CLAIM_RELEASE  ] ECHO-10  | food at (529,317)
[14:42:23.758] [STATE_CHANGE        ] ECHO-10  | SEEK_FOOD (2.0s) -> WANDER  [normal]  h=29 e=44 s=44  tgt=10px
[14:42:23.758] [STATS               ]          | pop=4  avg_hunger= 36.7  avg_energy= 53.6  hungry=0  social_events=0
[14:42:24.606] [STATE_CHANGE        ] ECHO-05  | WANDER (3.3s) -> SEEK_FOOD  [normal]  h=55 e=57 s=33
[14:42:24.606] [FOOD_CLAIM          ] ECHO-05  | food at (1024,504)
[14:42:27.541] [STATE_CHANGE        ] ECHO-07  | WANDER (5.2s) -> SEEK_FOOD  [normal]  h=55 e=51 s=29
[14:42:27.541] [FOOD_CLAIM          ] ECHO-07  | food at (987,529)
[14:42:27.657] [IDLE_ENTER          ] ECHO-10  | pausing for 4.3s
[14:42:28.451] [FOOD_FOUND          ] ECHO-05  | ate at (1034, 505)  total=11
[14:42:28.469] [FOOD_CLAIM          ] ECHO-05  | food at (1016,515)
[14:42:28.838] [STATS               ]          | pop=4  avg_hunger= 48.0  avg_energy= 45.4  hungry=1  social_events=0
[14:42:30.003] [FOOD_FOUND          ] ECHO-05  | ate at (1025, 510)  total=12
[14:42:30.021] [STATE_CHANGE        ] ECHO-05  | SEEK_FOOD (5.3s) -> WANDER  [normal]  h=6 e=42 s=25
[14:42:30.391] [STATE_CHANGE        ] ECHO-10  | WANDER (6.6s) -> SEEK_FOOD  [normal]  h=55 e=36 s=34
[14:42:30.391] [FOOD_CLAIM          ] ECHO-10  | food at (509,273)
[14:42:30.392] [FOOD_FOUND          ] ECHO-10  | ate at (517, 272)  total=12
[14:42:30.407] [FOOD_CLAIM          ] ECHO-10  | food at (514,280)
[14:42:30.423] [FOOD_FOUND          ] ECHO-10  | ate at (517, 272)  total=13
[14:42:30.440] [FOOD_CLAIM          ] ECHO-10  | food at (534,283)
[14:42:30.922] [STATE_CHANGE        ] ECHO-09  | WANDER (10.7s) -> SOCIALIZE  [normal]  h=54 e=49 s=24
[14:42:31.929] [FOOD_FOUND          ] ECHO-07  | ate at (992, 537)  total=11
[14:42:31.948] [FOOD_CLAIM          ] ECHO-07  | food at (986,526)
[14:42:32.030] [FOOD_FOUND          ] ECHO-10  | ate at (525, 278)  total=14
[14:42:32.047] [STATE_CHANGE        ] ECHO-05  | WANDER (2.0s) -> SOCIALIZE  [normal]  h=14 e=39 s=22
[14:42:32.048] [FOOD_CLAIM          ] ECHO-10  | food at (530,294)
[14:42:32.412] [FOOD_CLAIM_RELEASE  ] ECHO-10  | food at (530,294)
[14:42:32.412] [STATE_CHANGE        ] ECHO-10  | SEEK_FOOD (2.0s) -> WANDER  [normal]  h=2 e=30 s=31  tgt=14px
[14:42:32.505] [FOOD_FOUND          ] ECHO-07  | ate at (991, 535)  total=12
[14:42:32.521] [STATE_CHANGE        ] ECHO-07  | SEEK_FOOD (5.0s) -> SOCIALIZE  [normal]  h=5 e=37 s=21
[14:42:33.880] [STATS               ]          | pop=4  avg_hunger= 26.4  avg_energy= 36.7  hungry=1  social_events=0
[14:42:34.423] [STATE_CHANGE        ] ECHO-10  | WANDER (2.0s) -> REST  [normal]  h=10 e=28 s=28
[14:42:34.424] [REST_REASON         ] ECHO-10  | low_energy | energy=28.1 laziness=0.27
[14:42:35.590] [STATE_CHANGE        ] ECHO-05  | SOCIALIZE (3.5s) -> WANDER  [normal]  h=29 e=35 s=50  tgt=10px
[14:42:36.157] [STATE_CHANGE        ] ECHO-07  | SOCIALIZE (3.6s) -> REST  [normal]  h=19 e=33 s=50  tgt=7px
[14:42:36.195] [REST_REASON         ] ECHO-07  | low_energy | energy=32.5 laziness=0.51
[14:42:36.492] [STATE_CHANGE        ] ECHO-10  | REST (2.0s) -> WANDER  [normal]  h=18 e=64 s=25
[14:42:37.391] [STATE_CHANGE        ] ECHO-09  | SOCIALIZE (6.4s) -> SEEK_FOOD  [emergency_hunger]  h=80 e=42 s=24
[14:42:37.392] [FOOD_CLAIM          ] ECHO-09  | food at (467,495)
[14:42:37.658] [STATE_CHANGE        ] ECHO-05  | WANDER (2.0s) -> REST  [normal]  h=37 e=33 s=47
[14:42:37.658] [REST_REASON         ] ECHO-05  | low_energy | energy=32.5 laziness=0.60
[14:42:38.221] [STATE_CHANGE        ] ECHO-07  | REST (2.0s) -> WANDER  [normal]  h=27 e=69 s=47
[14:42:38.493] [STATE_CHANGE        ] ECHO-10  | WANDER (2.0s) -> SOCIALIZE  [normal]  h=26 e=62 s=22
[14:42:38.948] [STATS               ]          | pop=4  avg_hunger= 46.5  avg_energy= 55.5  hungry=1  social_events=0
[14:42:39.674] [STATE_CHANGE        ] ECHO-05  | REST (2.0s) -> WANDER  [normal]  h=45 e=69 s=44
[14:42:42.257] [STATE_CHANGE        ] ECHO-05  | WANDER (2.6s) -> SEEK_FOOD  [normal]  h=55 e=66 s=40
[14:42:42.258] [FOOD_CLAIM          ] ECHO-05  | food at (1050,509)
[14:42:43.956] [STATS               ]          | pop=4  avg_hunger= 64.9  avg_energy= 50.3  hungry=2  social_events=0
[14:42:44.088] [FOOD_FOUND          ] ECHO-09  | ate at (477, 496)  total=15
[14:42:44.178] [FOOD_CLAIM          ] ECHO-09  | food at (405,525)
[14:42:44.589] [FOOD_FOUND          ] ECHO-05  | ate at (1058, 514)  total=13
[14:42:44.605] [STATE_CHANGE        ] ECHO-05  | SEEK_FOOD (2.1s) -> WANDER  [normal]  h=28 e=60 s=37
[14:42:45.370] [STATE_CHANGE        ] ECHO-07  | WANDER (6.9s) -> SEEK_FOOD  [normal]  h=55 e=60 s=37
[14:42:45.371] [FOOD_CLAIM          ] ECHO-07  | food at (1030,517)
[14:42:49.238] [STATS               ]          | pop=4  avg_hunger= 67.4  avg_energy= 40.6  hungry=3  social_events=0
[14:42:49.597] [IDLE_ENTER          ] ECHO-05  | pausing for 4.2s
[14:42:49.795] [IDLE_ENTER          ] ECHO-10  | pausing for 3.5s
[14:42:50.428] [FOOD_FOUND          ] ECHO-07  | ate at (1039, 518)  total=13
[14:42:50.445] [FOOD_CLAIM          ] ECHO-07  | food at (1009,527)
[14:42:51.260] [STATE_CHANGE        ] ECHO-05  | WANDER (6.7s) -> SEEK_FOOD  [normal]  h=55 e=52 s=27
[14:42:51.261] [FOOD_CLAIM          ] ECHO-05  | food at (986,479)
[14:42:52.363] [STATE_CHANGE        ] ECHO-10  | SOCIALIZE (13.6s) -> SEEK_FOOD  [emergency_hunger]  h=80 e=45 s=22
[14:42:52.365] [FOOD_CLAIM          ] ECHO-10  | food at (505,251)
[14:42:52.781] [FOOD_FOUND          ] ECHO-07  | ate at (1018, 524)  total=14
[14:42:52.798] [STATE_CHANGE        ] ECHO-07  | SEEK_FOOD (7.4s) -> WANDER  [normal]  h=15 e=40 s=26
[14:42:54.236] [STATS               ]          | pop=4  avg_hunger= 68.7  avg_energy= 30.4  hungry=3  social_events=0
[14:42:54.806] [STATE_CHANGE        ] ECHO-07  | WANDER (2.0s) -> SOCIALIZE  [normal]  h=23 e=37 s=23
[14:42:58.246] [STATE_CHANGE        ] ECHO-07  | SOCIALIZE (3.4s) -> WANDER  [normal]  h=37 e=33 s=50  tgt=38px
[14:42:58.471] [DEATH               ] ECHO-09  | cause=starvation | lifespan=124.5s | state=SEEK_FOOD | hunger=100.0 | energy=0.0
--------------------------------------------------------------
  LIFE SUMMARY  –  ECHO-09
  Lifespan            : 124.5s
  Cause of death      : starvation
  Food eaten          : 15
  Distance travelled  : 1507 px
  Social interactions : 3
  Time resting        : 6.0s
  Time socializing    : 23.6s
  Time seeking food   : 48.6s
  Dominant state      : SEEK_FOOD
  Best friend         : ECHO-10  (affinity=4.5)
  Personality         : risk=0.28  lazy=0.21  social=0.64  greed=0.26
--------------------------------------------------------------
[14:42:58.476] [FOOD_CLAIM_RELEASE  ] ECHO-09  | food at (405,525)
[14:42:58.860] [FOOD_FOUND          ] ECHO-05  | ate at (996, 480)  total=14
[14:42:58.877] [FOOD_CLAIM          ] ECHO-05  | food at (972,476)
[14:42:59.245] [STATS               ]          | pop=3  avg_hunger= 64.2  avg_energy= 29.2  hungry=1  social_events=0
[14:42:59.576] [FOOD_FOUND          ] ECHO-10  | ate at (502, 242)  total=15
[14:42:59.594] [FOOD_CLAIM          ] ECHO-10  | food at (530,294)
[14:43:00.258] [STATE_CHANGE        ] ECHO-07  | WANDER (2.0s) -> REST  [normal]  h=45 e=31 s=47
[14:43:00.259] [REST_REASON         ] ECHO-07  | low_energy | energy=30.7 laziness=0.51
[14:43:00.981] [FOOD_FOUND          ] ECHO-05  | ate at (982, 478)  total=15
[14:43:00.999] [STATE_CHANGE        ] ECHO-05  | SEEK_FOOD (9.7s) -> REST  [normal]  h=24 e=25 s=12
[14:43:01.000] [REST_REASON         ] ECHO-05  | low_energy | energy=24.6 laziness=0.60
[14:43:02.272] [STATE_CHANGE        ] ECHO-07  | REST (2.0s) -> WANDER  [normal]  h=53 e=67 s=44
[14:43:03.007] [STATE_CHANGE        ] ECHO-05  | REST (2.0s) -> SOCIALIZE  [normal]  h=32 e=61 s=9
[14:43:03.909] [FOOD_FOUND          ] ECHO-10  | ate at (525, 285)  total=16
[14:43:03.926] [FOOD_CLAIM          ] ECHO-10  | food at (538,293)
[14:43:04.261] [STATS               ]          | pop=3  avg_hunger= 48.8  avg_energy= 45.3  hungry=1  social_events=0
[14:43:04.277] [STATE_CHANGE        ] ECHO-07  | WANDER (2.0s) -> SEEK_FOOD  [normal]  h=61 e=65 s=41
[14:43:04.278] [FOOD_CLAIM          ] ECHO-07  | food at (976,514)
[14:43:04.810] [SOCIAL              ] ECHO-05  | interacting with ECHO-07  total=2
[14:43:05.062] [FOOD_FOUND          ] ECHO-10  | ate at (530, 288)  total=17
[14:43:05.080] [STATE_CHANGE        ] ECHO-10  | SEEK_FOOD (12.7s) -> REST  [normal]  h=17 e=10 s=3
[14:43:05.084] [REST_REASON         ] ECHO-10  | low_energy | energy=9.9 laziness=0.27
[14:43:07.539] [STATE_CHANGE        ] ECHO-10  | REST (2.5s) -> SOCIALIZE  [normal]  h=27 e=54 s=0
[14:43:09.056] [FOOD_FOUND          ] ECHO-07  | ate at (986, 513)  total=15
[14:43:09.074] [FOOD_CLAIM          ] ECHO-07  | food at (965,524)
[14:43:09.277] [STATS               ]          | pop=3  avg_hunger= 45.5  avg_energy= 52.0  hungry=1  social_events=1
[14:43:09.896] [STATE_CHANGE        ] ECHO-05  | SOCIALIZE (6.9s) -> SEEK_FOOD  [normal]  h=60 e=52 s=50  tgt=26px
[14:43:09.897] [TARGET_SWITCH       ] ECHO-05  | (979,516) -> (959,532)
[14:43:09.898] [FOOD_CLAIM          ] ECHO-05  | food at (959,532)
[14:43:10.772] [FOOD_FOUND          ] ECHO-07  | ate at (974, 519)  total=16
[14:43:10.793] [STATE_CHANGE        ] ECHO-07  | SEEK_FOOD (6.5s) -> WANDER  [normal]  h=17 e=46 s=31
[14:43:11.826] [IDLE_ENTER          ] ECHO-07  | pausing for 2.0s
[14:43:12.978] [IDLE_ENTER          ] ECHO-10  | pausing for 2.9s
[14:43:13.194] [FOOD_FOUND          ] ECHO-05  | ate at (967, 527)  total=16
[14:43:13.211] [FOOD_CLAIM          ] ECHO-05  | food at (957,544)
[14:43:14.290] [STATS               ]          | pop=3  avg_hunger= 42.2  avg_energy= 42.8  hungry=0  social_events=0
[14:43:14.853] [FOOD_FOUND          ] ECHO-05  | ate at (962, 536)  total=17
[14:43:14.870] [STATE_CHANGE        ] ECHO-05  | SEEK_FOOD (5.0s) -> WANDER  [normal]  h=9 e=39 s=43
[14:43:16.342] [STATE_CHANGE        ] ECHO-07  | WANDER (5.5s) -> SOCIALIZE  [normal]  h=39 e=40 s=23
[14:43:18.634] [STATE_CHANGE        ] ECHO-05  | WANDER (3.8s) -> REST  [normal]  h=24 e=34 s=37
[14:43:18.635] [REST_REASON         ] ECHO-05  | low_energy | energy=34.1 laziness=0.60
[14:43:19.317] [STATS               ]          | pop=3  avg_hunger= 50.6  avg_energy= 40.8  hungry=1  social_events=0
[14:43:19.723] [STATE_CHANGE        ] ECHO-07  | SOCIALIZE (3.4s) -> WANDER  [normal]  h=52 e=36 s=50  tgt=13px
[14:43:20.638] [STATE_CHANGE        ] ECHO-05  | REST (2.0s) -> WANDER  [normal]  h=32 e=70 s=34
[14:43:20.853] [STATE_CHANGE        ] ECHO-10  | SOCIALIZE (13.3s) -> SEEK_FOOD  [emergency_hunger]  h=80 e=38 s=0
[14:43:20.853] [FOOD_CLAIM          ] ECHO-10  | food at (502,267)
[14:43:21.738] [STATE_CHANGE        ] ECHO-07  | WANDER (2.0s) -> SEEK_FOOD  [normal]  h=60 e=33 s=47
[14:43:21.739] [FOOD_CLAIM          ] ECHO-07  | food at (991,564)
[14:43:22.922] [FOOD_FOUND          ] ECHO-07  | ate at (996, 555)  total=17
[14:43:22.938] [FOOD_CLAIM          ] ECHO-07  | food at (949,551)
[14:43:23.758] [FOOD_CLAIM_RELEASE  ] ECHO-07  | food at (949,551)
[14:43:23.758] [STATE_CHANGE        ] ECHO-07  | SEEK_FOOD (2.0s) -> REST  [normal]  h=34 e=28 s=44  tgt=35px
[14:43:23.759] [REST_REASON         ] ECHO-07  | low_energy | energy=27.5 laziness=0.51
[14:43:23.971] [IDLE_ENTER          ] ECHO-05  | pausing for 2.7s
[14:43:24.379] [STATS               ]          | pop=3  avg_hunger= 59.0  avg_energy= 44.0  hungry=1  social_events=0
[14:43:25.824] [STATE_CHANGE        ] ECHO-07  | REST (2.0s) -> WANDER  [normal]  h=42 e=64 s=41
[14:43:26.324] [FOOD_FOUND          ] ECHO-10  | ate at (502, 257)  total=18
[14:43:26.341] [STATE_CHANGE        ] ECHO-05  | WANDER (5.6s) -> SEEK_FOOD  [normal]  h=55 e=63 s=26
[14:43:26.342] [FOOD_CLAIM          ] ECHO-05  | food at (949,551)
[14:43:26.343] [FOOD_CLAIM          ] ECHO-10  | food at (516,306)
[14:43:29.203] [STATE_CHANGE        ] ECHO-07  | WANDER (3.4s) -> SEEK_FOOD  [normal]  h=55 e=60 s=36
[14:43:29.203] [FOOD_CLAIM          ] ECHO-07  | food at (967,465)
[14:43:29.386] [STATS               ]          | pop=3  avg_hunger= 66.8  avg_energy= 42.8  hungry=3  social_events=0
[14:43:30.257] [FOOD_FOUND          ] ECHO-10  | ate at (513, 296)  total=19
[14:43:30.273] [FOOD_CLAIM          ] ECHO-10  | food at (521,307)
[14:43:30.589] [FOOD_FOUND          ] ECHO-05  | ate at (959, 549)  total=18
[14:43:30.605] [FOOD_CLAIM          ] ECHO-05  | food at (976,533)
[14:43:31.037] [FOOD_FOUND          ] ECHO-10  | ate at (515, 299)  total=20
[14:43:31.057] [STATE_CHANGE        ] ECHO-10  | SEEK_FOOD (10.1s) -> REST  [normal]  h=14 e=10 s=0
[14:43:31.057] [REST_REASON         ] ECHO-10  | low_energy | energy=9.8 laziness=0.27
[14:43:32.572] [FOOD_FOUND          ] ECHO-05  | ate at (969, 539)  total=19
[14:43:32.589] [STATE_CHANGE        ] ECHO-05  | SEEK_FOOD (6.2s) -> SOCIALIZE  [normal]  h=10 e=46 s=16
[14:43:33.532] [STATE_CHANGE        ] ECHO-10  | REST (2.5s) -> SOCIALIZE  [normal]  h=24 e=54 s=0
[14:43:34.389] [STATS               ]          | pop=3  avg_hunger= 40.1  avg_energy= 47.4  hungry=1  social_events=0
[14:43:34.522] [BEST_FRIEND         ] ECHO-05  | with ECHO-07  | affinity=  15.0
[14:43:35.571] [FOOD_FOUND          ] ECHO-07  | ate at (972, 473)  total=18
[14:43:35.591] [FOOD_CLAIM          ] ECHO-07  | food at (988,529)
[14:43:36.829] [STATE_CHANGE        ] ECHO-05  | SOCIALIZE (4.2s) -> WANDER  [normal]  h=27 e=41 s=50  tgt=4px
[14:43:39.404] [STATS               ]          | pop=3  avg_hunger= 48.5  avg_energy= 38.7  hungry=1  social_events=0
[14:43:39.523] [FOOD_FOUND          ] ECHO-07  | ate at (986, 520)  total=19
[14:43:39.545] [STATE_CHANGE        ] ECHO-07  | SEEK_FOOD (10.3s) -> REST  [normal]  h=26 e=31 s=20
[14:43:39.546] [REST_REASON         ] ECHO-07  | low_energy | energy=30.7 laziness=0.51
[14:43:41.558] [STATE_CHANGE        ] ECHO-07  | REST (2.0s) -> SOCIALIZE  [normal]  h=34 e=67 s=17
[14:43:41.720] [IDLE_ENTER          ] ECHO-05  | pausing for 4.2s
[14:43:42.421] [STATE_CHANGE        ] ECHO-05  | WANDER (5.6s) -> REST  [normal]  h=49 e=34 s=42
[14:43:42.421] [REST_REASON         ] ECHO-05  | low_energy | energy=34.1 laziness=0.60
[14:43:44.420] [STATS               ]          | pop=3  avg_hunger= 56.9  avg_energy= 58.3  hungry=2  social_events=0
[14:43:44.436] [STATE_CHANGE        ] ECHO-05  | REST (2.0s) -> SEEK_FOOD  [normal]  h=57 e=70 s=39
[14:43:44.436] [FOOD_CLAIM          ] ECHO-05  | food at (1004,513)
[14:43:45.637] [STATE_CHANGE        ] ECHO-07  | SOCIALIZE (4.1s) -> WANDER  [normal]  h=51 e=62 s=50  tgt=1px
[14:43:46.389] [FOOD_FOUND          ] ECHO-05  | ate at (1014, 511)  total=20
[14:43:46.405] [FOOD_CLAIM          ] ECHO-05  | food at (873,567)
[14:43:46.439] [FOOD_CLAIM_RELEASE  ] ECHO-05  | food at (873,567)
[14:43:46.440] [STATE_CHANGE        ] ECHO-05  | SEEK_FOOD (2.0s) -> WANDER  [normal]  h=30 e=65 s=36  tgt=150px
[14:43:46.639] [IDLE_ENTER          ] ECHO-10  | pausing for 4.8s
[14:43:46.755] [IDLE_ENTER          ] ECHO-07  | pausing for 4.7s
[14:43:47.586] [STATE_CHANGE        ] ECHO-10  | SOCIALIZE (14.1s) -> SEEK_FOOD  [emergency_hunger]  h=80 e=37 s=0
[14:43:47.589] [FOOD_CLAIM          ] ECHO-10  | food at (555,266)
[14:43:47.654] [STATE_CHANGE        ] ECHO-07  | WANDER (2.0s) -> SEEK_FOOD  [normal]  h=59 e=60 s=47
[14:43:47.655] [FOOD_CLAIM          ] ECHO-07  | food at (873,567)
[14:43:49.421] [STATS               ]          | pop=3  avg_hunger= 65.2  avg_energy= 49.4  hungry=2  social_events=0
[14:43:52.592] [STATE_CHANGE        ] ECHO-05  | WANDER (6.2s) -> SEEK_FOOD  [normal]  h=55 e=57 s=26
[14:43:54.426] [STATS               ]          | pop=3  avg_hunger= 82.8  avg_energy= 37.1  hungry=3  social_events=0
[14:43:55.322] [FOOD_FOUND          ] ECHO-10  | ate at (552, 257)  total=21
[14:43:55.339] [FOOD_CLAIM          ] ECHO-10  | food at (544,271)
[14:43:55.553] [FOOD_FOUND          ] ECHO-07  | ate at (883, 564)  total=20
[14:43:55.572] [FOOD_CLAIM          ] ECHO-07  | food at (761,423)
[14:43:56.595] [FOOD_FOUND          ] ECHO-10  | ate at (549, 262)  total=22
[14:43:56.611] [FOOD_CLAIM          ] ECHO-10  | food at (525,306)
[14:43:57.680] [FOOD_CLAIM          ] ECHO-05  | food at (949,530)
[14:43:59.470] [STATS               ]          | pop=3  avg_hunger= 66.6  avg_energy= 23.0  hungry=2  social_events=0
[14:44:03.770] [FOOD_FOUND          ] ECHO-05  | ate at (955, 539)  total=21
[14:44:04.473] [STATS               ]          | pop=3  avg_hunger= 75.0  avg_energy= 12.3  hungry=3  social_events=0
[14:44:05.118] [FOOD_CLAIM          ] ECHO-05  | food at (692,314)
[14:44:06.989] [DEATH               ] ECHO-10  | cause=exhaustion | lifespan=192.9s | state=SEEK_FOOD | hunger=76.5 | energy=0.0
--------------------------------------------------------------
  LIFE SUMMARY  –  ECHO-10
  Lifespan            : 192.9s
  Cause of death      : exhaustion
  Food eaten          : 22
  Distance travelled  : 1849 px
  Social interactions : 2
  Time resting        : 15.0s
  Time socializing    : 61.8s
  Time seeking food   : 80.9s
  Dominant state      : SEEK_FOOD
  Best friend         : ECHO-09  (affinity=3.3)
  Personality         : risk=0.78  lazy=0.27  social=0.49  greed=0.35
--------------------------------------------------------------
[14:44:06.992] [FOOD_CLAIM_RELEASE  ] ECHO-10  | food at (525,306)
[14:44:09.475] [STATS               ]          | pop=2  avg_hunger= 93.7  avg_energy=  5.1  hungry=2  social_events=0
[14:44:12.722] [DEATH               ] ECHO-07  | cause=starvation | lifespan=198.7s | state=SEEK_FOOD | hunger=100.0 | energy=0.0
--------------------------------------------------------------
  LIFE SUMMARY  –  ECHO-07
  Lifespan            : 198.7s
  Cause of death      : starvation
  Food eaten          : 20
  Distance travelled  : 2374 px
  Social interactions : 1
  Time resting        : 16.3s
  Time socializing    : 27.9s
  Time seeking food   : 93.1s
  Dominant state      : SEEK_FOOD
  Best friend         : ECHO-05  (affinity=12.8)
  Personality         : risk=0.27  lazy=0.51  social=0.70  greed=0.30
--------------------------------------------------------------
[14:44:12.725] [FOOD_CLAIM_RELEASE  ] ECHO-07  | food at (761,423)
[14:44:14.561] [STATS               ]          | pop=1  avg_hunger=100.0  avg_energy=  0.0  hungry=1  social_events=0
[14:44:18.712] [DEATH               ] ECHO-05  | cause=starvation | lifespan=204.6s | state=SEEK_FOOD | hunger=100.0 | energy=0.0
--------------------------------------------------------------
  LIFE SUMMARY  –  ECHO-05
  Lifespan            : 204.6s
  Cause of death      : starvation
  Food eaten          : 21
  Distance travelled  : 2091 px
  Social interactions : 2
  Time resting        : 16.8s
  Time socializing    : 28.4s
  Time seeking food   : 97.0s
  Dominant state      : SEEK_FOOD
  Best friend         : ECHO-07  (affinity=15.8)
  Personality         : risk=0.21  lazy=0.60  social=0.61  greed=0.64
--------------------------------------------------------------
[14:44:18.719] [FOOD_CLAIM_RELEASE  ] ECHO-05  | food at (692,314)

==============================================================
  SESSION SUMMARY
==============================================================
  Max population         : 12
  Final population       : 0
  Creatures that died    : 12
  Total food consumed    : 89
  Total social events    : 9
--------------------------------------------------------------
  Avg lifespan (dead)    : 82.2s
  Longest survivor       : ECHO-05  (204.6s, 21 meals)
  Most social            : ECHO-09  (3 interactions)
  Best forager           : ECHO-10  (22 meals)
  Most travelled         : ECHO-07  (2374 px)
==============================================================
