==============================================================
  PROJECT ECHO  –  Session 2026-05-17 16:26:00
==============================================================
  File              : logs\echo_2026-05-17_16-26-00.log
--------------------------------------------------------------
  Mode              : RESEARCH
  World seed        : 1337
--------------------------------------------------------------
  Initial population: 12
  Biomes            : 5  →  fertile(3.0x)  fertile(3.0x)  barren(0.2x)  neutral(1.0x)  neutral(1.0x)
  Initial food      : 20  (cap 60, spawn 3 / 3.0s)
--------------------------------------------------------------
  Hunger decay      : 4.0/s
  Energy wander/seek: 1.2/2.8 /s
  Energy rest rate  : 18.0/s
  Target FPS        : 60
--------------------------------------------------------------
  Max population    : 40  (pair reproduction only)
  Repro gates       : affinity>6, age>45s
==============================================================

[16:26:02.683] [STATE_CHANGE        ] ECHO-03  | WANDER (2.0s) -> SEEK_FOOD  [normal]  h=58 e=68 s=58
[16:26:02.685] [STATE_CHANGE        ] ECHO-05  | WANDER (2.0s) -> SEEK_FOOD  [normal]  h=68 e=69 s=69
[16:26:02.686] [FOOD_CLAIM          ] ECHO-05  | food at (226,231)
[16:26:02.687] [STATE_CHANGE        ] ECHO-11  | WANDER (2.0s) -> SEEK_FOOD  [normal]  h=63 e=97 s=70
[16:26:02.687] [FOOD_CLAIM          ] ECHO-11  | food at (590,223)
[16:26:02.687] [STATE_CHANGE        ] ECHO-12  | WANDER (2.0s) -> SEEK_FOOD  [normal]  h=68 e=75 s=64
[16:26:02.687] [FOOD_CLAIM          ] ECHO-12  | food at (806,396)
[16:26:02.948] [FOOD_CLAIM          ] ECHO-03  | food at (1003,498)
[16:26:04.164] [STATE_CHANGE        ] ECHO-04  | WANDER (3.5s) -> SEEK_FOOD  [normal]  h=55 e=90 s=31
[16:26:04.814] [STATE_CHANGE        ] ECHO-02  | WANDER (4.1s) -> SEEK_FOOD  [normal]  h=55 e=60 s=45
[16:26:04.816] [FOOD_CLAIM          ] ECHO-02  | food at (170,221)
[16:26:05.183] [IDLE_ENTER          ] ECHO-06  | pausing for 2.1s
[16:26:05.183] [IDLE_ENTER          ] ECHO-08  | pausing for 3.6s
[16:26:05.682] [STATS               ]          | pop=12  avg_hunger= 60.0  avg_energy= 66.0  hungry=6  social_events=0  contested_food=22%
[16:26:05.684] [GENERATION_STATS    ]          | max_gen=0  avg_gen=0.0  total_births=0
[16:26:05.685] [ECOLOGY_SNAPSHOT    ]          | bonded_pairs=0  avg_best_bond=0.5  top=[ECHO-06<->ECHO-12:0.5]  lineages=[none]
[16:26:05.766] [STATE_CHANGE        ] ECHO-07  | WANDER (5.1s) -> SEEK_FOOD  [normal]  h=55 e=81 s=29
[16:26:05.832] [FOOD_FOUND          ] ECHO-05  | ate at (229, 240)  total=1
[16:26:05.848] [FOOD_CLAIM          ] ECHO-05  | food at (178,238)
[16:26:06.334] [MIGRATION_DECISION  ] ECHO-12  | avoided contested zone  chose (806,396)
[16:26:06.450] [STATE_CHANGE        ] ECHO-08  | WANDER (5.8s) -> SEEK_FOOD  [normal]  h=55 e=52 s=42
[16:26:06.451] [MIGRATION_DECISION  ] ECHO-08  | avoided contested zone  chose (899,507)
[16:26:06.451] [FOOD_CLAIM          ] ECHO-08  | food at (899,507)
[16:26:06.899] [STATE_CHANGE        ] ECHO-06  | WANDER (6.2s) -> SEEK_FOOD  [normal]  h=55 e=57 s=61
[16:26:06.899] [FOOD_CLAIM          ] ECHO-06  | food at (748,403)
[16:26:06.900] [CROWD_AVOIDANCE     ] ECHO-09  | seekers_nearby=3 pressure=0.00
[16:26:07.290] [FOOD_FOUND          ] ECHO-12  | ate at (807, 386)  total=1
[16:26:07.307] [MIGRATION_DECISION  ] ECHO-12  | avoided contested zone  chose (941,419)
[16:26:07.307] [FOOD_CLAIM          ] ECHO-12  | food at (941,419)
[16:26:07.372] [STATE_CHANGE        ] ECHO-01  | WANDER (6.7s) -> SEEK_FOOD  [normal]  h=55 e=43 s=35
[16:26:07.804] [STATE_CHANGE        ] ECHO-09  | WANDER (7.1s) -> SEEK_FOOD  [normal]  h=55 e=69 s=71
[16:26:07.805] [MIGRATION_DECISION  ] ECHO-09  | avoided contested zone  chose (961,188)
[16:26:07.805] [FOOD_CLAIM          ] ECHO-09  | food at (961,188)
[16:26:07.918] [FOOD_CLAIM          ] ECHO-04  | food at (132,230)
[16:26:08.448] [STATE_CHANGE        ] ECHO-10  | WANDER (7.8s) -> SEEK_FOOD  [normal]  h=55 e=62 s=42
[16:26:08.615] [FOOD_FOUND          ] ECHO-05  | ate at (188, 238)  total=2
[16:26:08.631] [STATE_CHANGE        ] ECHO-05  | SEEK_FOOD (5.9s) -> WANDER  [normal]  h=22 e=52 s=60
[16:26:08.850] [MIGRATION_DECISION  ] ECHO-11  | avoided contested zone  chose (590,223)
[16:26:09.144] [MIGRATION_DECISION  ] ECHO-03  | avoided contested zone  chose (1003,498)
[16:26:10.125] [FOOD_FOUND          ] ECHO-03  | ate at (1012, 501)  total=1
[16:26:10.170] [FOOD_CLAIM          ] ECHO-03  | food at (952,483)
[16:26:10.441] [FOOD_FOUND          ] ECHO-11  | ate at (581, 218)  total=1
[16:26:10.689] [STATS               ]          | pop=12  avg_hunger= 65.4  avg_energy= 53.4  hungry=11  social_events=0  contested_food=29%
[16:26:10.689] [GENERATION_STATS    ]          | max_gen=0  avg_gen=0.0  total_births=0
[16:26:10.690] [ECOLOGY_SNAPSHOT    ]          | bonded_pairs=0  avg_best_bond=0.4  top=[ECHO-06<->ECHO-12:1.0  ECHO-02<->ECHO-05:0.3  ECHO-02<->ECHO-04:0.2]  lineages=[none]
[16:26:11.124] [IDLE_ENTER          ] ECHO-05  | pausing for 3.1s
[16:26:12.187] [MIGRATION_DECISION  ] ECHO-10  | avoided contested zone  chose (935,107)
[16:26:12.188] [FOOD_CLAIM          ] ECHO-10  | food at (935,107)
[16:26:13.240] [FOOD_CLAIM          ] ECHO-11  | food at (717,449)
[16:26:13.459] [FOOD_FOUND          ] ECHO-03  | ate at (961, 486)  total=2
[16:26:13.475] [STATE_CHANGE        ] ECHO-03  | SEEK_FOOD (10.8s) -> WANDER  [normal]  h=31 e=37 s=41
[16:26:13.476] [CROWD_AVOIDANCE     ] ECHO-03  | seekers_nearby=3 pressure=0.00
[16:26:13.509] [FOOD_FOUND          ] ECHO-06  | ate at (754, 396)  total=1
[16:26:13.526] [MIGRATION_DECISION  ] ECHO-06  | avoided contested zone  chose (717,449)
[16:26:13.526] [FOOD_CONTEST        ] ECHO-06  | food at (717,449)
[16:26:13.624] [EMERGENCY_OVERRIDE  ] ECHO-01  | contesting food at (717,449)  hunger=80
[16:26:13.625] [FOOD_CONTEST        ] ECHO-01  | food at (717,449)
[16:26:14.272] [FOOD_CONTEST        ] ECHO-11  | food at (717,449)
[16:26:14.571] [FOOD_FOUND          ] ECHO-08  | ate at (889, 509)  total=1
[16:26:14.587] [FOOD_CLAIM          ] ECHO-08  | food at (939,496)
[16:26:14.939] [MIGRATION_DECISION  ] ECHO-09  | avoided contested zone  chose (961,188)
[16:26:15.055] [MIGRATION_DECISION  ] ECHO-10  | avoided contested zone  chose (935,107)
[16:26:15.186] [FOOD_FOUND          ] ECHO-04  | ate at (128, 221)  total=1
[16:26:15.203] [FOOD_CLAIM          ] ECHO-04  | food at (164,233)
[16:26:15.684] [FOOD_FOUND          ] ECHO-12  | ate at (931, 417)  total=2
[16:26:15.701] [FOOD_CLAIM          ] ECHO-12  | food at (944,449)
[16:26:15.701] [STATS               ]          | pop=12  avg_hunger= 70.9  avg_energy= 40.4  hungry=9  social_events=0  contested_food=32%
[16:26:15.701] [GENERATION_STATS    ]          | max_gen=0  avg_gen=0.0  total_births=0
[16:26:15.702] [ECOLOGY_SNAPSHOT    ]          | bonded_pairs=0  avg_best_bond=0.6  top=[ECHO-06<->ECHO-12:1.0  ECHO-02<->ECHO-05:0.7  ECHO-02<->ECHO-04:0.7]  lineages=[none]
[16:26:16.732] [TARGET_SWITCH       ] ECHO-01  | (717,449) -> (671,474)
[16:26:16.733] [FOOD_CLAIM          ] ECHO-01  | food at (671,474)
[16:26:16.982] [EMERGENCY_OVERRIDE  ] ECHO-07  | contesting food at (170,221)  hunger=100
[16:26:16.984] [FOOD_CONTEST        ] ECHO-07  | food at (170,221)
[16:26:17.016] [STATE_CHANGE        ] ECHO-05  | WANDER (8.4s) -> SEEK_FOOD  [normal]  h=55 e=42 s=47
[16:26:17.017] [FOOD_CLAIM          ] ECHO-05  | food at (221,211)
[16:26:17.364] [FOOD_FOUND          ] ECHO-04  | ate at (154, 230)  total=2
[16:26:17.382] [FOOD_CLAIM          ] ECHO-04  | food at (170,233)
[16:26:17.936] [FOOD_CONTEST        ] ECHO-02  | food at (170,221)
[16:26:18.002] [FOOD_CONTEST        ] ECHO-06  | food at (717,449)
[16:26:18.199] [FOOD_FOUND          ] ECHO-04  | ate at (160, 231)  total=3
[16:26:18.216] [STATE_CHANGE        ] ECHO-04  | SEEK_FOOD (14.1s) -> SOCIALIZE  [normal]  h=6 e=50 s=10
[16:26:18.216] [SOCIAL              ] ECHO-04  | interacting with ECHO-02  total=1
[16:26:18.316] [FOOD_CONTEST        ] ECHO-11  | food at (717,449)
[16:26:18.500] [EMERGENCY_OVERRIDE  ] ECHO-02  | contesting food at (170,221)  hunger=100
[16:26:18.517] [MIGRATION_DECISION  ] ECHO-09  | avoided contested zone  chose (961,188)
[16:26:18.618] [STATE_CHANGE        ] ECHO-03  | WANDER (5.1s) -> REST  [normal]  h=52 e=31 s=34
[16:26:18.618] [REST_REASON         ] ECHO-03  | low_energy | energy=31.1 laziness=0.41
[16:26:19.031] [FOOD_FOUND          ] ECHO-06  | ate at (723, 441)  total=2
[16:26:19.031] [RIVALRY             ] ECHO-06  | with ECHO-11  | affinity=  -1.5 (Δ-1.5)
[16:26:19.032] [MIGRATION_DECISION  ] ECHO-11  | avoided contested zone  chose (561,218)
[16:26:19.033] [TARGET_SWITCH       ] ECHO-11  | (717,449) -> (561,218)
[16:26:19.033] [FOOD_CLAIM          ] ECHO-11  | food at (561,218)
[16:26:19.047] [STATE_CHANGE        ] ECHO-06  | SEEK_FOOD (12.1s) -> REST  [normal]  h=34 e=23 s=42
[16:26:19.050] [REST_REASON         ] ECHO-06  | low_energy | energy=22.7 laziness=0.65
[16:26:19.130] [FOOD_FOUND          ] ECHO-12  | ate at (941, 440)  total=3
[16:26:19.147] [STATE_CHANGE        ] ECHO-12  | SEEK_FOOD (16.5s) -> REST  [normal]  h=29 e=29 s=39
[16:26:19.149] [REST_REASON         ] ECHO-12  | low_energy | energy=28.9 laziness=0.72
[16:26:19.443] [FOOD_FOUND          ] ECHO-02  | ate at (168, 211)  total=1
[16:26:19.444] [RIVALRY             ] ECHO-02  | with ECHO-07  | affinity=  -1.5 (Δ-1.5)
[16:26:19.461] [FOOD_CLAIM          ] ECHO-02  | food at (167,241)
[16:26:19.467] [EMERGENCY_OVERRIDE  ] ECHO-07  | contesting food at (221,211)  hunger=100
[16:26:19.467] [TARGET_SWITCH       ] ECHO-07  | (170,221) -> (221,211)
[16:26:20.042] [FOOD_CONTEST        ] ECHO-05  | food at (221,211)
[16:26:20.488] [FOOD_FOUND          ] ECHO-05  | ate at (225, 220)  total=3
[16:26:20.489] [RIVALRY             ] ECHO-05  | with ECHO-07  | affinity=  -1.5 (Δ-1.5)
[16:26:20.489] [EMERGENCY_OVERRIDE  ] ECHO-07  | contesting food at (221,211)  hunger=100
[16:26:20.504] [STATE_CHANGE        ] ECHO-05  | SEEK_FOOD (3.5s) -> WANDER  [normal]  h=34 e=33 s=42
[16:26:20.505] [EMERGENCY_OVERRIDE  ] ECHO-07  | contesting food at (167,241)  hunger=100
[16:26:20.505] [TARGET_SWITCH       ] ECHO-07  | (221,211) -> (167,241)
[16:26:20.620] [STATE_CHANGE        ] ECHO-03  | REST (2.0s) -> SEEK_FOOD  [normal]  h=60 e=67 s=31
[16:26:20.621] [MIGRATION_DECISION  ] ECHO-03  | avoided contested zone  chose (768,438)
[16:26:20.621] [FOOD_CLAIM          ] ECHO-03  | food at (768,438)
[16:26:20.637] [FOOD_FOUND          ] ECHO-08  | ate at (930, 498)  total=2
[16:26:20.653] [FOOD_CLAIM          ] ECHO-08  | food at (1008,500)
[16:26:20.703] [STATS               ]          | pop=12  avg_hunger= 66.3  avg_energy= 36.3  hungry=7  social_events=1  contested_food=33%
[16:26:20.703] [GENERATION_STATS    ]          | max_gen=0  avg_gen=0.0  total_births=0
[16:26:20.704] [ECOLOGY_SNAPSHOT    ]          | bonded_pairs=0  avg_best_bond=1.0  top=[ECHO-02<->ECHO-05:1.2  ECHO-02<->ECHO-04:1.2  ECHO-08<->ECHO-12:1.1]  lineages=[none]
[16:26:21.038] [FOOD_CONTEST        ] ECHO-07  | food at (167,241)
[16:26:21.122] [STATE_CHANGE        ] ECHO-06  | REST (2.1s) -> WANDER  [normal]  h=42 e=60 s=39
[16:26:21.155] [STATE_CHANGE        ] ECHO-12  | REST (2.0s) -> WANDER  [normal]  h=37 e=65 s=36
[16:26:21.484] [CROWD_AVOIDANCE     ] ECHO-06  | seekers_nearby=3 pressure=0.00
[16:26:21.982] [FOOD_CONTEST        ] ECHO-02  | food at (167,241)
[16:26:22.084] [MIGRATION_DECISION  ] ECHO-09  | avoided contested zone  chose (961,188)
[16:26:22.116] [MIGRATION_DECISION  ] ECHO-11  | avoided contested zone  chose (561,218)
[16:26:22.347] [FOOD_FOUND          ] ECHO-09  | ate at (965, 197)  total=1
[16:26:22.364] [MIGRATION_DECISION  ] ECHO-09  | avoided contested zone  chose (966,182)
[16:26:22.366] [FOOD_CLAIM          ] ECHO-09  | food at (966,182)
[16:26:22.516] [STATE_CHANGE        ] ECHO-05  | WANDER (2.0s) -> REST  [normal]  h=42 e=30 s=39
[16:26:22.517] [REST_REASON         ] ECHO-05  | low_energy | energy=30.2 laziness=0.36
[16:26:23.014] [DEATH               ] ECHO-07  | cause=starvation | lifespan=22.3s | state=SEEK_FOOD | hunger=100.0 | energy=32.8
--------------------------------------------------------------
  LIFE SUMMARY  –  ECHO-07
  Lifespan            : 22.3s
  Cause of death      : starvation
  Food eaten          : 0
  Distance travelled  : 390 px
  Social interactions : 0
  Time resting        : 0.0s
  Time socializing    : 0.0s
  Time seeking food   : 17.2s
  Dominant state      : SEEK_FOOD
  Best bond           : none
  Peak bond (memory)  : 0.0
  Personality         : risk=0.50  lazy=0.65  social=0.54  greed=0.42
  Generation          : 0
  Lineage             : c315cf0e
  Offspring produced  : 0
--------------------------------------------------------------
[16:26:23.197] [STATE_CHANGE        ] ECHO-04  | SOCIALIZE (5.0s) -> WANDER  [normal]  h=20 e=44 s=50  tgt=3px
[16:26:23.849] [FOOD_FOUND          ] ECHO-09  | ate at (965, 192)  total=2
[16:26:23.865] [MIGRATION_DECISION  ] ECHO-09  | avoided contested zone  chose (980,158)
[16:26:23.866] [FOOD_CLAIM          ] ECHO-09  | food at (980,158)
[16:26:24.410] [STATE_CHANGE        ] ECHO-06  | WANDER (3.3s) -> SEEK_FOOD  [normal]  h=55 e=56 s=34
[16:26:24.410] [FOOD_CONTEST        ] ECHO-06  | food at (671,474)
[16:26:24.410] [CROWD_AVOIDANCE     ] ECHO-12  | seekers_nearby=3 pressure=0.00
[16:26:24.524] [STATE_CHANGE        ] ECHO-05  | REST (2.0s) -> WANDER  [normal]  h=50 e=66 s=36
[16:26:24.604] [DEATH               ] ECHO-01  | cause=starvation | lifespan=23.9s | state=SEEK_FOOD | hunger=100.0 | energy=0.0
--------------------------------------------------------------
  LIFE SUMMARY  –  ECHO-01
  Lifespan            : 23.9s
  Cause of death      : starvation
  Food eaten          : 0
  Distance travelled  : 325 px
  Social interactions : 0
  Time resting        : 0.0s
  Time socializing    : 0.0s
  Time seeking food   : 17.2s
  Dominant state      : SEEK_FOOD
  Best bond           : none
  Peak bond (memory)  : 0.0
  Personality         : risk=0.60  lazy=0.70  social=0.26  greed=0.33
  Generation          : 0
  Lineage             : 038c0246
  Offspring produced  : 0
--------------------------------------------------------------
[16:26:25.201] [MIGRATION_DECISION  ] ECHO-11  | avoided contested zone  chose (561,218)
[16:26:25.464] [BOND_STRENGTHENED   ] ECHO-04  | with ECHO-02  tier=3  mutual=3.0
[16:26:25.677] [DEATH               ] ECHO-10  | cause=starvation | lifespan=25.0s | state=SEEK_FOOD | hunger=100.0 | energy=13.8
--------------------------------------------------------------
  LIFE SUMMARY  –  ECHO-10
  Lifespan            : 25.0s
  Cause of death      : starvation
  Food eaten          : 0
  Distance travelled  : 349 px
  Social interactions : 0
  Time resting        : 0.0s
  Time socializing    : 0.0s
  Time seeking food   : 17.2s
  Dominant state      : SEEK_FOOD
  Best bond           : none
  Peak bond (memory)  : 0.0
  Personality         : risk=0.76  lazy=0.28  social=0.63  greed=0.47
  Generation          : 0
  Lineage             : 8f05e5cf
  Offspring produced  : 0
--------------------------------------------------------------
[16:26:25.684] [FOOD_CLAIM_RELEASE  ] ECHO-10  | food at (935,107)
[16:26:25.710] [STATS               ]          | pop=9  avg_hunger= 64.0  avg_energy= 36.0  hungry=5  social_events=0  contested_food=24%
[16:26:25.711] [GENERATION_STATS    ]          | max_gen=0  avg_gen=0.0  total_births=0
[16:26:25.711] [ECOLOGY_SNAPSHOT    ]          | bonded_pairs=0  avg_best_bond=1.3  top=[ECHO-02<->ECHO-05:1.7  ECHO-02<->ECHO-04:1.7  ECHO-08<->ECHO-12:1.5]  lineages=[none]
[16:26:25.744] [STATE_CHANGE        ] ECHO-12  | WANDER (4.6s) -> SEEK_FOOD  [normal]  h=55 e=60 s=29
[16:26:25.745] [FOOD_CLAIM          ] ECHO-12  | food at (1005,475)
[16:26:25.877] [FOOD_FOUND          ] ECHO-03  | ate at (777, 441)  total=3
[16:26:25.893] [FOOD_CLAIM          ] ECHO-03  | food at (784,425)
[16:26:26.298] [TARGET_SWITCH       ] ECHO-02  | (167,241) -> (160,234)
[16:26:26.298] [FOOD_CLAIM          ] ECHO-02  | food at (160,234)
[16:26:26.529] [STATE_CHANGE        ] ECHO-05  | WANDER (2.0s) -> SEEK_FOOD  [normal]  h=58 e=64 s=33
[16:26:26.531] [FOOD_CLAIM          ] ECHO-05  | food at (233,207)
[16:26:26.727] [DEATH               ] ECHO-11  | cause=starvation | lifespan=26.1s | state=SEEK_FOOD | hunger=100.0 | energy=29.9
--------------------------------------------------------------
  LIFE SUMMARY  –  ECHO-11
  Lifespan            : 26.1s
  Cause of death      : starvation
  Food eaten          : 1
  Distance travelled  : 410 px
  Social interactions : 0
  Time resting        : 0.0s
  Time socializing    : 0.0s
  Time seeking food   : 24.0s
  Dominant state      : SEEK_FOOD
  Best bond           : none
  Peak bond (memory)  : 0.0
  Personality         : risk=0.61  lazy=0.28  social=0.79  greed=0.69
  Generation          : 0
  Lineage             : 91fab422
  Offspring produced  : 0
--------------------------------------------------------------
[16:26:26.732] [FOOD_CLAIM_RELEASE  ] ECHO-11  | food at (561,218)
[16:26:26.858] [FOOD_FOUND          ] ECHO-03  | ate at (779, 434)  total=4
[16:26:26.875] [STATE_CHANGE        ] ECHO-03  | SEEK_FOOD (6.3s) -> SOCIALIZE  [normal]  h=15 e=50 s=21
[16:26:27.990] [FOOD_FOUND          ] ECHO-06  | ate at (680, 475)  total=3
[16:26:28.006] [STATE_CHANGE        ] ECHO-06  | SEEK_FOOD (3.6s) -> WANDER  [normal]  h=34 e=46 s=29
[16:26:28.718] [IDLE_ENTER          ] ECHO-04  | pausing for 3.3s
[16:26:28.967] [FOOD_FOUND          ] ECHO-05  | ate at (242, 211)  total=4
[16:26:28.984] [STATE_CHANGE        ] ECHO-05  | SEEK_FOOD (2.5s) -> WANDER  [normal]  h=33 e=57 s=29
[16:26:29.465] [FOOD_FOUND          ] ECHO-09  | ate at (976, 167)  total=3
[16:26:29.482] [STATE_CHANGE        ] ECHO-09  | SEEK_FOOD (21.7s) -> REST  [normal]  h=24 e=8 s=38
[16:26:29.486] [REST_REASON         ] ECHO-09  | low_energy | energy=8.0 laziness=0.27
[16:26:29.567] [IDLE_ENTER          ] ECHO-06  | pausing for 3.7s
[16:26:29.719] [TARGET_SWITCH       ] ECHO-02  | (160,234) -> (177,230)
[16:26:29.719] [FOOD_CLAIM          ] ECHO-02  | food at (177,230)
[16:26:30.018] [STATE_CHANGE        ] ECHO-06  | WANDER (2.0s) -> SOCIALIZE  [normal]  h=42 e=44 s=26
[16:26:30.701] [SOCIAL              ] ECHO-06  | interacting with ECHO-03  total=1
[16:26:30.701] [COOPERATIVE_SURVIVAL] ECHO-06  | with ECHO-03  mutual_affinity=2.2
[16:26:30.719] [SOCIAL              ] ECHO-03  | interacting with ECHO-06  total=1
[16:26:30.719] [STATS               ]          | pop=8  avg_hunger= 55.7  avg_energy= 31.8  hungry=3  social_events=2  contested_food=17%
[16:26:30.720] [GENERATION_STATS    ]          | max_gen=0  avg_gen=0.0  total_births=0
[16:26:30.721] [ECOLOGY_SNAPSHOT    ]          | bonded_pairs=0  avg_best_bond=1.6  top=[ECHO-02<->ECHO-05:2.2  ECHO-02<->ECHO-04:2.1  ECHO-08<->ECHO-12:2.0]  lineages=[none]
[16:26:31.046] [DEATH               ] ECHO-08  | cause=exhaustion | lifespan=30.4s | state=SEEK_FOOD | hunger=83.4 | energy=0.0
--------------------------------------------------------------
  LIFE SUMMARY  –  ECHO-08
  Lifespan            : 30.4s
  Cause of death      : exhaustion
  Food eaten          : 2
  Distance travelled  : 187 px
  Social interactions : 0
  Time resting        : 0.0s
  Time socializing    : 0.0s
  Time seeking food   : 24.6s
  Dominant state      : SEEK_FOOD
  Best bond           : ECHO-12  (affinity=2.1)
  Peak bond (memory)  : 2.1
  Personality         : risk=0.30  lazy=0.61  social=0.78  greed=0.69
  Generation          : 0
  Lineage             : ce548ae5
  Offspring produced  : 0
--------------------------------------------------------------
[16:26:31.050] [FOOD_CLAIM_RELEASE  ] ECHO-08  | food at (1008,500)
[16:26:31.181] [FOOD_FOUND          ] ECHO-12  | ate at (996, 478)  total=4
[16:26:31.197] [FOOD_CLAIM          ] ECHO-12  | food at (1008,500)
[16:26:31.230] [IDLE_ENTER          ] ECHO-05  | pausing for 3.4s
[16:26:31.614] [BOND_STRENGTHENED   ] ECHO-06  | with ECHO-03  tier=3  mutual=3.0
[16:26:31.910] [STATE_CHANGE        ] ECHO-04  | WANDER (8.7s) -> SEEK_FOOD  [normal]  h=55 e=34 s=37
[16:26:31.911] [FOOD_CLAIM          ] ECHO-04  | food at (176,210)
[16:26:31.991] [DEATH               ] ECHO-02  | cause=starvation | lifespan=31.3s | state=SEEK_FOOD | hunger=100.0 | energy=0.0
--------------------------------------------------------------
  LIFE SUMMARY  –  ECHO-02
  Lifespan            : 31.3s
  Cause of death      : starvation
  Food eaten          : 1
  Distance travelled  : 173 px
  Social interactions : 0
  Time resting        : 0.0s
  Time socializing    : 0.0s
  Time seeking food   : 27.2s
  Dominant state      : SEEK_FOOD
  Best bond           : ECHO-05  (affinity=2.3)
  Peak bond (memory)  : 2.3
  Personality         : risk=0.39  lazy=0.46  social=0.23  greed=0.24
  Generation          : 0
  Lineage             : a6e7dea3
  Offspring produced  : 0
--------------------------------------------------------------
[16:26:31.994] [FOOD_CLAIM_RELEASE  ] ECHO-02  | food at (177,230)
[16:26:32.043] [STATE_CHANGE        ] ECHO-09  | REST (2.6s) -> WANDER  [normal]  h=34 e=54 s=34
[16:26:33.121] [PAIR_BOND           ] ECHO-06  | with ECHO-03  mutual_affinity=4.4
[16:26:33.492] [STATE_CHANGE        ] ECHO-05  | WANDER (4.5s) -> SOCIALIZE  [normal]  h=51 e=52 s=23
[16:26:33.492] [SOCIAL              ] ECHO-05  | interacting with ECHO-04  total=1
[16:26:33.654] [FOOD_FOUND          ] ECHO-12  | ate at (1004, 492)  total=5
[16:26:33.672] [STATE_CHANGE        ] ECHO-12  | SEEK_FOOD (7.9s) -> SOCIALIZE  [normal]  h=17 e=37 s=17
[16:26:33.723] [STATE_CHANGE        ] ECHO-06  | SOCIALIZE (3.7s) -> WANDER  [normal]  h=52 e=42 s=50  tgt=9px
[16:26:33.923] [IDLE_ENTER          ] ECHO-09  | pausing for 4.1s
[16:26:34.316] [STATE_CHANGE        ] ECHO-03  | SOCIALIZE (7.4s) -> WANDER  [normal]  h=35 e=45 s=50  tgt=7px
[16:26:35.728] [STATE_CHANGE        ] ECHO-06  | WANDER (2.0s) -> SEEK_FOOD  [normal]  h=59 e=45 s=47
[16:26:35.729] [FOOD_CLAIM          ] ECHO-06  | food at (793,490)
[16:26:35.731] [STATS               ]          | pop=6  avg_hunger= 49.9  avg_energy= 41.4  hungry=3  social_events=1  contested_food=7%
[16:26:35.732] [GENERATION_STATS    ]          | max_gen=0  avg_gen=0.0  total_births=0
[16:26:35.732] [ECOLOGY_SNAPSHOT    ]          | bonded_pairs=0  avg_best_bond=2.5  top=[ECHO-03<->ECHO-06:4.2  ECHO-04<->ECHO-05:2.2  ECHO-03<->ECHO-12:1.1]  lineages=[none]
[16:26:36.110] [FOOD_FOUND          ] ECHO-04  | ate at (186, 209)  total=4
[16:26:36.126] [FOOD_CLAIM          ] ECHO-04  | food at (177,230)
[16:26:36.258] [BOND_STRENGTHENED   ] ECHO-05  | with ECHO-04  tier=3  mutual=3.0
[16:26:36.937] [STATE_CHANGE        ] ECHO-05  | SOCIALIZE (3.4s) -> SEEK_FOOD  [normal]  h=61 e=47 s=50  tgt=37px
[16:26:36.937] [TARGET_SWITCH       ] ECHO-05  | (183,215) -> (185,187)
[16:26:36.937] [FOOD_CLAIM          ] ECHO-05  | food at (185,187)
[16:26:37.003] [STATE_CHANGE        ] ECHO-09  | WANDER (5.0s) -> SOCIALIZE  [normal]  h=54 e=48 s=27
[16:26:37.953] [FOOD_FOUND          ] ECHO-04  | ate at (180, 221)  total=5
[16:26:37.970] [STATE_CHANGE        ] ECHO-04  | SEEK_FOOD (6.1s) -> REST  [normal]  h=9 e=17 s=28
[16:26:37.970] [REST_REASON         ] ECHO-04  | low_energy | energy=17.0 laziness=0.48
[16:26:39.544] [FOOD_FOUND          ] ECHO-05  | ate at (193, 193)  total=5
[16:26:39.560] [FOOD_CLAIM          ] ECHO-05  | food at (158,211)
[16:26:40.074] [STATE_CHANGE        ] ECHO-03  | WANDER (5.8s) -> SEEK_FOOD  [normal]  h=55 e=50 s=41
[16:26:40.075] [FOOD_CLAIM          ] ECHO-03  | food at (808,497)
[16:26:40.208] [STATE_CHANGE        ] ECHO-04  | REST (2.2s) -> WANDER  [normal]  h=18 e=57 s=25
[16:26:40.734] [STATS               ]          | pop=6  avg_hunger= 51.6  avg_energy= 42.1  hungry=3  social_events=0  contested_food=10%
[16:26:40.735] [GENERATION_STATS    ]          | max_gen=0  avg_gen=0.0  total_births=0
[16:26:40.735] [ECOLOGY_SNAPSHOT    ]          | bonded_pairs=0  avg_best_bond=2.7  top=[ECHO-03<->ECHO-06:4.5  ECHO-04<->ECHO-05:2.7  ECHO-03<->ECHO-12:1.1]  lineages=[none]
[16:26:42.218] [STATE_CHANGE        ] ECHO-04  | WANDER (2.0s) -> SOCIALIZE  [normal]  h=26 e=55 s=22
[16:26:42.234] [FOOD_FOUND          ] ECHO-05  | ate at (167, 206)  total=6
[16:26:42.252] [STATE_CHANGE        ] ECHO-05  | SEEK_FOOD (5.3s) -> WANDER  [normal]  h=12 e=33 s=42
[16:26:42.599] [FOOD_FOUND          ] ECHO-06  | ate at (783, 488)  total=4
[16:26:42.616] [FOOD_CONTEST        ] ECHO-06  | food at (808,497)
[16:26:43.100] [FOOD_CONTEST        ] ECHO-03  | food at (808,497)
[16:26:43.166] [FOOD_CLAIM_RELEASE  ] ECHO-03  | food at (808,497)
[16:26:43.166] [TARGET_SWITCH       ] ECHO-03  | (808,497) -> (656,541)
[16:26:43.166] [FOOD_CLAIM          ] ECHO-03  | food at (656,541)
[16:26:43.281] [PAIR_BOND           ] ECHO-05  | with ECHO-04  mutual_affinity=4.2
[16:26:43.611] [STATE_CHANGE        ] ECHO-09  | SOCIALIZE (6.6s) -> SEEK_FOOD  [emergency_hunger]  h=80 e=40 s=27
[16:26:43.612] [FOOD_CLAIM          ] ECHO-09  | food at (991,195)
[16:26:43.796] [FOOD_CLAIM          ] ECHO-06  | food at (808,497)
[16:26:45.319] [FOOD_FOUND          ] ECHO-06  | ate at (798, 494)  total=5
[16:26:45.336] [STATE_CHANGE        ] ECHO-06  | SEEK_FOOD (9.6s) -> REST  [normal]  h=24 e=33 s=33
[16:26:45.337] [REST_REASON         ] ECHO-06  | low_energy | energy=32.9 laziness=0.65
[16:26:45.737] [STATS               ]          | pop=6  avg_hunger= 52.2  avg_energy= 38.9  hungry=3  social_events=0  contested_food=7%
[16:26:45.737] [GENERATION_STATS    ]          | max_gen=0  avg_gen=0.0  total_births=0
[16:26:45.738] [ECOLOGY_SNAPSHOT    ]          | bonded_pairs=0  avg_best_bond=3.6  top=[ECHO-04<->ECHO-05:5.1  ECHO-03<->ECHO-06:4.8  ECHO-03<->ECHO-12:1.0]  lineages=[none]
[16:26:45.786] [STATE_CHANGE        ] ECHO-04  | SOCIALIZE (3.6s) -> WANDER  [normal]  h=34 e=59 s=50  tgt=6px
[16:26:46.671] [FOOD_FOUND          ] ECHO-03  | ate at (663, 534)  total=5
[16:26:46.688] [FOOD_CLAIM          ] ECHO-03  | food at (832,478)
[16:26:47.354] [STATE_CHANGE        ] ECHO-06  | REST (2.0s) -> WANDER  [normal]  h=32 e=69 s=30
[16:26:47.863] [IDLE_ENTER          ] ECHO-05  | pausing for 2.3s
[16:26:48.128] [SURVIVAL_DECISION   ] ECHO-12  | emergency_rest | energy=20.0
[16:26:48.128] [STATE_CHANGE        ] ECHO-12  | SOCIALIZE (14.5s) -> REST  [emergency_rest]  h=75 e=20 s=17
[16:26:48.131] [REST_REASON         ] ECHO-12  | emergency_rest | energy=20.0
[16:26:48.308] [FOOD_FOUND          ] ECHO-09  | ate at (995, 204)  total=4
[16:26:48.324] [FOOD_CLAIM          ] ECHO-09  | food at (979,185)
[16:26:48.356] [IDLE_ENTER          ] ECHO-04  | pausing for 4.2s
[16:26:49.334] [BOND_STRENGTHENED   ] ECHO-06  | with ECHO-03  tier=6  mutual=6.0
[16:26:49.368] [STATE_CHANGE        ] ECHO-06  | WANDER (2.0s) -> SOCIALIZE  [normal]  h=39 e=71 s=27
[16:26:49.499] [STATE_CHANGE        ] ECHO-12  | REST (1.4s) -> SEEK_FOOD  [emergency_hunger]  h=80 e=45 s=15
[16:26:49.499] [MIGRATION_DECISION  ] ECHO-12  | avoided contested zone  chose (989,491)
[16:26:49.500] [FOOD_CLAIM          ] ECHO-12  | food at (989,491)
[16:26:49.666] [SOCIAL              ] ECHO-06  | interacting with ECHO-03  total=2
[16:26:50.748] [STATS               ]          | pop=6  avg_hunger= 58.6  avg_energy= 46.2  hungry=3  social_events=1  contested_food=9%
[16:26:50.749] [GENERATION_STATS    ]          | max_gen=0  avg_gen=0.0  total_births=0
[16:26:50.750] [ECOLOGY_SNAPSHOT    ]          | bonded_pairs=0  avg_best_bond=4.1  top=[ECHO-03<->ECHO-06:5.9  ECHO-04<->ECHO-05:5.5  ECHO-03<->ECHO-12:1.0]  lineages=[none]
[16:26:50.982] [NESTING             ] ECHO-06  | with ECHO-03  dist=13px
[16:26:51.794] [FOOD_FOUND          ] ECHO-09  | ate at (985, 192)  total=5
[16:26:51.812] [FOOD_CLAIM          ] ECHO-09  | food at (982,175)
[16:26:51.877] [STATE_CHANGE        ] ECHO-04  | WANDER (6.1s) -> SEEK_FOOD  [normal]  h=55 e=67 s=41
[16:26:51.877] [FOOD_CLAIM          ] ECHO-04  | food at (194,211)
[16:26:52.606] [STATE_CHANGE        ] ECHO-06  | SOCIALIZE (3.2s) -> WANDER  [normal]  h=44 e=79 s=50  tgt=26px
[16:26:53.152] [MIGRATION_DECISION  ] ECHO-12  | avoided contested zone  chose (989,491)
[16:26:53.911] [FOOD_FOUND          ] ECHO-04  | ate at (202, 205)  total=6
[16:26:53.927] [STATE_CHANGE        ] ECHO-04  | SEEK_FOOD (2.1s) -> WANDER  [normal]  h=27 e=66 s=38
[16:26:54.189] [FOOD_FOUND          ] ECHO-09  | ate at (984, 185)  total=6
[16:26:54.205] [STATE_CHANGE        ] ECHO-09  | SEEK_FOOD (10.6s) -> REST  [normal]  h=17 e=11 s=11
[16:26:54.205] [REST_REASON         ] ECHO-09  | low_energy | energy=10.6 laziness=0.27
[16:26:54.288] [FOOD_FOUND          ] ECHO-03  | ate at (822, 481)  total=6
[16:26:54.305] [STATE_CHANGE        ] ECHO-03  | SEEK_FOOD (14.2s) -> SOCIALIZE  [normal]  h=32 e=40 s=20
[16:26:54.896] [STATE_CHANGE        ] ECHO-05  | WANDER (12.6s) -> SEEK_FOOD  [normal]  h=55 e=48 s=23
[16:26:54.898] [FOOD_CLAIM          ] ECHO-05  | food at (187,261)
[16:26:55.078] [BEST_FRIEND         ] ECHO-03  | with ECHO-06  | affinity=   8.0
[16:26:55.261] [BOND_STRENGTHENED   ] ECHO-05  | with ECHO-04  tier=6  mutual=6.0
[16:26:55.609] [NESTING             ] ECHO-05  | with ECHO-04  dist=68px
[16:26:55.756] [STATS               ]          | pop=6  avg_hunger= 49.5  avg_energy= 52.8  hungry=2  social_events=0  contested_food=6%
[16:26:55.757] [GENERATION_STATS    ]          | max_gen=0  avg_gen=0.0  total_births=0
[16:26:55.757] [ECOLOGY_SNAPSHOT    ]          | bonded_pairs=2  avg_best_bond=4.7  top=[ECHO-03<->ECHO-06:7.4  ECHO-04<->ECHO-05:6.0  ECHO-03<->ECHO-12:1.0]  lineages=[none]
[16:26:56.635] [STATE_CHANGE        ] ECHO-09  | REST (2.4s) -> SOCIALIZE  [normal]  h=27 e=54 s=7
[16:26:57.432] [FOOD_FOUND          ] ECHO-12  | ate at (989, 501)  total=6
[16:26:57.449] [FOOD_CLAIM          ] ECHO-12  | food at (948,452)
[16:26:58.059] [STATE_CHANGE        ] ECHO-03  | SOCIALIZE (3.8s) -> WANDER  [normal]  h=35 e=53 s=50  tgt=48px
[16:26:58.256] [STATE_CHANGE        ] ECHO-06  | WANDER (5.7s) -> SEEK_FOOD  [normal]  h=55 e=97 s=42
[16:26:58.256] [MIGRATION_DECISION  ] ECHO-06  | avoided contested zone  chose (749,436)
[16:26:58.256] [FOOD_CLAIM          ] ECHO-06  | food at (749,436)
[16:26:59.675] [FOOD_FOUND          ] ECHO-05  | ate at (197, 258)  total=7
[16:26:59.691] [STATE_CHANGE        ] ECHO-05  | SEEK_FOOD (4.8s) -> WANDER  [normal]  h=34 e=49 s=16
[16:27:00.075] [STATE_CHANGE        ] ECHO-05  | WANDER (0.4s) -> SEEK_PARTNER  [partner_separated]  h=36 e=49 s=15
[16:27:00.092] [STATE_CHANGE        ] ECHO-04  | WANDER (6.2s) -> SEEK_PARTNER  [partner_separated]  h=46 e=75 s=29
[16:27:00.766] [STATS               ]          | pop=6  avg_hunger= 51.6  avg_energy= 57.8  hungry=2  social_events=0  contested_food=5%
[16:27:00.767] [GENERATION_STATS    ]          | max_gen=0  avg_gen=0.0  total_births=0
[16:27:00.767] [ECOLOGY_SNAPSHOT    ]          | bonded_pairs=2  avg_best_bond=5.0  top=[ECHO-03<->ECHO-06:7.9  ECHO-04<->ECHO-05:6.3  ECHO-03<->ECHO-12:1.0]  lineages=[none]
[16:27:01.997] [STATE_CHANGE        ] ECHO-04  | SEEK_PARTNER (1.9s) -> WANDER  [partner_regroup]  h=53 e=76 s=26  tgt=84px
[16:27:01.998] [STATE_CHANGE        ] ECHO-05  | SEEK_PARTNER (1.9s) -> WANDER  [partner_regroup]  h=43 e=49 s=13  tgt=84px
[16:27:02.263] [BEST_FRIEND         ] ECHO-06  | with ECHO-03  | affinity=   8.0
[16:27:04.004] [STATE_CHANGE        ] ECHO-04  | WANDER (2.0s) -> SEEK_FOOD  [normal]  h=59 e=80 s=23
[16:27:04.004] [FOOD_CLAIM          ] ECHO-04  | food at (214,276)
[16:27:04.138] [STATE_CHANGE        ] ECHO-05  | WANDER (2.1s) -> SOCIALIZE  [normal]  h=49 e=54 s=9
[16:27:04.402] [SOCIAL              ] ECHO-05  | interacting with ECHO-04  total=2
[16:27:04.542] [IDLE_ENTER          ] ECHO-09  | pausing for 3.2s
[16:27:05.303] [FOOD_FOUND          ] ECHO-06  | ate at (752, 446)  total=6
[16:27:05.321] [MIGRATION_DECISION  ] ECHO-06  | avoided contested zone  chose (758,424)
[16:27:05.321] [FOOD_CLAIM          ] ECHO-06  | food at (758,424)
[16:27:05.469] [STATE_CHANGE        ] ECHO-03  | WANDER (7.4s) -> SEEK_FOOD  [normal]  h=55 e=67 s=39
[16:27:05.469] [FOOD_CLAIM          ] ECHO-03  | food at (722,443)
[16:27:05.769] [STATS               ]          | pop=6  avg_hunger= 62.0  avg_energy= 57.8  hungry=4  social_events=1  contested_food=10%
[16:27:05.769] [GENERATION_STATS    ]          | max_gen=0  avg_gen=0.0  total_births=0
[16:27:05.769] [ECOLOGY_SNAPSHOT    ]          | bonded_pairs=2  avg_best_bond=5.3  top=[ECHO-03<->ECHO-06:8.2  ECHO-04<->ECHO-05:6.9  ECHO-03<->ECHO-12:1.0]  lineages=[none]
[16:27:06.236] [BEST_FRIEND         ] ECHO-05  | with ECHO-04  | affinity=   8.0
[16:27:06.917] [FOOD_FOUND          ] ECHO-06  | ate at (755, 433)  total=7
[16:27:06.934] [STATE_CHANGE        ] ECHO-06  | SEEK_FOOD (8.7s) -> WANDER  [normal]  h=11 e=93 s=29
[16:27:08.165] [FOOD_FOUND          ] ECHO-04  | ate at (222, 270)  total=7
[16:27:08.182] [STATE_CHANGE        ] ECHO-04  | SEEK_FOOD (4.2s) -> SOCIALIZE  [normal]  h=32 e=87 s=16
[16:27:08.183] [COOPERATIVE_SURVIVAL] ECHO-05  | with ECHO-04  mutual_affinity=8.2
[16:27:08.947] [STATE_CHANGE        ] ECHO-06  | WANDER (2.0s) -> SOCIALIZE  [normal]  h=17 e=97 s=26
[16:27:09.182] [BEST_FRIEND         ] ECHO-04  | with ECHO-05  | affinity=   8.0
[16:27:09.501] [STATE_CHANGE        ] ECHO-05  | SOCIALIZE (5.4s) -> WANDER  [normal]  h=53 e=72 s=50  tgt=12px
[16:27:09.863] [STATE_CHANGE        ] ECHO-09  | SOCIALIZE (13.2s) -> SEEK_FOOD  [emergency_hunger]  h=80 e=38 s=7
[16:27:09.864] [MIGRATION_DECISION  ] ECHO-09  | avoided contested zone  chose (950,217)
[16:27:09.864] [FOOD_CLAIM          ] ECHO-09  | food at (950,217)
[16:27:10.093] [BOND_STRENGTHENED   ] ECHO-06  | with ECHO-03  tier=10  mutual=10.0
[16:27:10.242] [FOOD_FOUND          ] ECHO-03  | ate at (719, 453)  total=7
[16:27:10.258] [STATE_CHANGE        ] ECHO-03  | SEEK_FOOD (4.8s) -> WANDER  [normal]  h=34 e=67 s=32
[16:27:10.783] [STATS               ]          | pop=6  avg_hunger= 54.5  avg_energy= 62.7  hungry=3  social_events=0  contested_food=4%
[16:27:10.784] [GENERATION_STATS    ]          | max_gen=0  avg_gen=0.0  total_births=0
[16:27:10.784] [ECOLOGY_SNAPSHOT    ]          | bonded_pairs=2  avg_best_bond=6.5  top=[ECHO-03<->ECHO-06:9.6  ECHO-04<->ECHO-05:9.1  ECHO-03<->ECHO-12:0.9]  lineages=[none]
[16:27:10.995] [NESTING             ] ECHO-06  | with ECHO-03  dist=36px
[16:27:10.996] [REPRODUCTION_ATTEMPT] ECHO-03  | ECHO-03 + ECHO-06  affinity=10.9/9.7  dist=36px
[16:27:11.175] [BOND_STRENGTHENED   ] ECHO-05  | with ECHO-04  tier=10  mutual=10.0
[16:27:11.257] [IDLE_ENTER          ] ECHO-05  | pausing for 4.3s
[16:27:11.457] [DEATH               ] ECHO-12  | cause=starvation | lifespan=70.8s | state=SEEK_FOOD | hunger=100.0 | energy=0.0
--------------------------------------------------------------
  LIFE SUMMARY  –  ECHO-12
  Lifespan            : 70.8s
  Cause of death      : starvation
  Food eaten          : 6
  Distance travelled  : 667 px
  Social interactions : 0
  Time resting        : 3.4s
  Time socializing    : 14.5s
  Time seeking food   : 46.3s
  Dominant state      : SEEK_FOOD
  Best bond           : ECHO-08  (affinity=1.9)
  Peak bond (memory)  : 2.1
  Personality         : risk=0.24  lazy=0.72  social=0.63  greed=0.74
  Generation          : 0
  Lineage             : fab51bf7
  Offspring produced  : 0
--------------------------------------------------------------
[16:27:11.459] [FOOD_CLAIM_RELEASE  ] ECHO-12  | food at (948,452)
[16:27:11.505] [STATE_CHANGE        ] ECHO-05  | WANDER (2.0s) -> SEEK_FOOD  [normal]  h=57 e=78 s=47
[16:27:11.505] [FOOD_CLAIM          ] ECHO-05  | food at (168,245)
[16:27:12.004] [STATE_CHANGE        ] ECHO-06  | SOCIALIZE (3.1s) -> WANDER  [normal]  h=19 e=100 s=50  tgt=41px
[16:27:12.385] [STATE_CHANGE        ] ECHO-04  | SOCIALIZE (4.2s) -> WANDER  [normal]  h=36 e=100 s=50  tgt=7px
[16:27:13.000] [REPRODUCTION_ATTEMPT] ECHO-03  | ECHO-03 + ECHO-06  affinity=11.1/10.5  dist=52px
[16:27:15.289] [FOOD_FOUND          ] ECHO-05  | ate at (178, 247)  total=8
[16:27:15.306] [STATE_CHANGE        ] ECHO-05  | SEEK_FOOD (3.8s) -> WANDER  [normal]  h=32 e=80 s=41
[16:27:15.720] [SEEK_PARTNER        ] ECHO-05  | with ECHO-04  dist=140px
[16:27:15.720] [STATE_CHANGE        ] ECHO-05  | WANDER (0.4s) -> SEEK_PARTNER  [partner_separated]  h=34 e=80 s=41
[16:27:15.736] [STATE_CHANGE        ] ECHO-04  | WANDER (3.4s) -> SEEK_PARTNER  [partner_separated]  h=46 e=99 s=45
[16:27:15.787] [STATS               ]          | pop=5  avg_hunger= 51.4  avg_energy= 76.4  hungry=1  social_events=0  contested_food=2%
[16:27:15.787] [GENERATION_STATS    ]          | max_gen=0  avg_gen=0.0  total_births=0
[16:27:15.787] [ECOLOGY_SNAPSHOT    ]          | bonded_pairs=2  avg_best_bond=10.6  top=[ECHO-03<->ECHO-06:10.8  ECHO-04<->ECHO-05:10.4]  lineages=[none]
[16:27:16.972] [IDLE_ENTER          ] ECHO-03  | pausing for 3.3s
[16:27:17.384] [STATE_CHANGE        ] ECHO-04  | SEEK_PARTNER (1.6s) -> WANDER  [partner_regroup]  h=52 e=100 s=43  tgt=84px
[16:27:17.385] [STATE_CHANGE        ] ECHO-05  | SEEK_PARTNER (1.7s) -> WANDER  [partner_regroup]  h=40 e=80 s=38  tgt=84px
[16:27:17.901] [STATE_CHANGE        ] ECHO-03  | WANDER (7.6s) -> SEEK_FOOD  [normal]  h=55 e=84 s=20
[16:27:17.902] [FOOD_CLAIM          ] ECHO-03  | food at (717,439)
[16:27:19.214] [FOOD_FOUND          ] ECHO-09  | ate at (958, 222)  total=7
[16:27:19.232] [FOOD_CLAIM          ] ECHO-09  | food at (949,174)
[16:27:19.399] [STATE_CHANGE        ] ECHO-04  | WANDER (2.0s) -> SEEK_FOOD  [normal]  h=59 e=100 s=40
[16:27:19.400] [FOOD_CLAIM          ] ECHO-04  | food at (207,177)
[16:27:20.791] [STATS               ]          | pop=5  avg_hunger= 59.6  avg_energy= 74.6  hungry=3  social_events=0  contested_food=6%
[16:27:20.792] [GENERATION_STATS    ]          | max_gen=0  avg_gen=0.0  total_births=0
[16:27:20.792] [ECOLOGY_SNAPSHOT    ]          | bonded_pairs=2  avg_best_bond=11.0  top=[ECHO-03<->ECHO-06:11.2  ECHO-04<->ECHO-05:10.8]  lineages=[none]
[16:27:20.941] [STATE_CHANGE        ] ECHO-06  | WANDER (8.9s) -> SEEK_PARTNER  [partner_separated]  h=47 e=99 s=37
[16:27:21.885] [FOOD_FOUND          ] ECHO-03  | ate at (708, 444)  total=8
[16:27:21.902] [STATE_CHANGE        ] ECHO-03  | SEEK_FOOD (4.0s) -> WANDER  [normal]  h=35 e=78 s=14
[16:27:22.283] [STATE_CHANGE        ] ECHO-05  | WANDER (4.9s) -> SEEK_FOOD  [normal]  h=55 e=89 s=31
[16:27:22.283] [FOOD_CLAIM          ] ECHO-05  | food at (167,241)
[16:27:22.794] [FOOD_FOUND          ] ECHO-04  | ate at (216, 180)  total=8
[16:27:22.810] [STATE_CHANGE        ] ECHO-04  | SEEK_FOOD (3.4s) -> WANDER  [normal]  h=33 e=100 s=34
[16:27:22.958] [STATE_CHANGE        ] ECHO-06  | SEEK_PARTNER (2.0s) -> WANDER  [normal]  h=55 e=97 s=34  tgt=118px
[16:27:24.775] [FOOD_FOUND          ] ECHO-05  | ate at (177, 243)  total=9
[16:27:24.791] [STATE_CHANGE        ] ECHO-05  | SEEK_FOOD (2.5s) -> WANDER  [normal]  h=27 e=90 s=27
[16:27:24.970] [STATE_CHANGE        ] ECHO-06  | WANDER (2.0s) -> SEEK_FOOD  [normal]  h=62 e=100 s=31
[16:27:24.970] [FOOD_CLAIM          ] ECHO-06  | food at (747,544)
[16:27:25.799] [STATS               ]          | pop=5  avg_hunger= 55.8  avg_energy= 73.8  hungry=2  social_events=0  contested_food=4%
[16:27:25.800] [GENERATION_STATS    ]          | max_gen=0  avg_gen=0.0  total_births=0
[16:27:25.800] [ECOLOGY_SNAPSHOT    ]          | bonded_pairs=2  avg_best_bond=11.3  top=[ECHO-03<->ECHO-06:11.4  ECHO-04<->ECHO-05:11.3]  lineages=[none]
[16:27:27.392] [DEATH               ] ECHO-09  | cause=exhaustion | lifespan=86.7s | state=SEEK_FOOD | hunger=97.7 | energy=0.0
--------------------------------------------------------------
  LIFE SUMMARY  –  ECHO-09
  Lifespan            : 86.7s
  Cause of death      : exhaustion
  Food eaten          : 7
  Distance travelled  : 606 px
  Social interactions : 0
  Time resting        : 5.0s
  Time socializing    : 19.8s
  Time seeking food   : 49.8s
  Dominant state      : SEEK_FOOD
  Best bond           : none
  Peak bond (memory)  : 0.0
  Personality         : risk=0.29  lazy=0.27  social=0.30  greed=0.20
  Generation          : 0
  Lineage             : 1febaa1c
  Offspring produced  : 0
--------------------------------------------------------------
[16:27:27.394] [FOOD_CLAIM_RELEASE  ] ECHO-09  | food at (949,174)
[16:27:27.660] [STATE_CHANGE        ] ECHO-03  | WANDER (5.8s) -> SEEK_FOOD  [normal]  h=55 e=83 s=6
[16:27:27.661] [MIGRATION_DECISION  ] ECHO-03  | avoided contested zone  chose (665,384)
[16:27:27.661] [FOOD_CLAIM          ] ECHO-03  | food at (665,384)
[16:27:28.852] [STATE_CHANGE        ] ECHO-04  | WANDER (6.0s) -> SEEK_FOOD  [normal]  h=55 e=96 s=25
[16:27:28.853] [FOOD_CLAIM          ] ECHO-04  | food at (182,203)
[16:27:29.334] [FOOD_FOUND          ] ECHO-06  | ate at (737, 547)  total=8
[16:27:29.351] [MIGRATION_DECISION  ] ECHO-06  | avoided contested zone  chose (837,462)
[16:27:29.352] [FOOD_CLAIM          ] ECHO-06  | food at (837,462)
[16:27:29.582] [FOOD_CLAIM_RELEASE  ] ECHO-06  | food at (837,462)
[16:27:29.583] [STATE_CHANGE        ] ECHO-06  | SEEK_FOOD (4.6s) -> SEEK_PARTNER  [partner_separated]  h=43 e=97 s=24  tgt=127px
[16:27:30.414] [STATE_CHANGE        ] ECHO-05  | WANDER (5.6s) -> SOCIALIZE  [normal]  h=49 e=87 s=19
[16:27:30.694] [SOCIAL              ] ECHO-05  | interacting with ECHO-04  total=3
[16:27:30.727] [NESTING             ] ECHO-05  | with ECHO-04  dist=59px
[16:27:30.810] [STATS               ]          | pop=4  avg_hunger= 56.4  avg_energy= 89.0  hungry=2  social_events=1  contested_food=4%
[16:27:30.811] [GENERATION_STATS    ]          | max_gen=0  avg_gen=0.0  total_births=0
[16:27:30.811] [ECOLOGY_SNAPSHOT    ]          | bonded_pairs=2  avg_best_bond=11.6  top=[ECHO-03<->ECHO-06:11.7  ECHO-04<->ECHO-05:11.4]  lineages=[none]
[16:27:31.372] [FOOD_FOUND          ] ECHO-03  | ate at (665, 394)  total=9
[16:27:31.390] [STATE_CHANGE        ] ECHO-03  | SEEK_FOOD (3.7s) -> SEEK_PARTNER  [partner_separated]  h=34 e=75 s=0
[16:27:31.590] [STATE_CHANGE        ] ECHO-06  | SEEK_PARTNER (2.0s) -> WANDER  [normal]  h=51 e=95 s=21  tgt=136px
[16:27:33.403] [STATE_CHANGE        ] ECHO-03  | SEEK_PARTNER (2.0s) -> WANDER  [normal]  h=42 e=76 s=0  tgt=95px
[16:27:33.600] [STATE_CHANGE        ] ECHO-06  | WANDER (2.0s) -> SEEK_FOOD  [normal]  h=58 e=96 s=18
[16:27:33.600] [FOOD_CLAIM          ] ECHO-06  | food at (735,447)
[16:27:33.897] [FOOD_FOUND          ] ECHO-04  | ate at (191, 199)  total=9
[16:27:33.913] [STATE_CHANGE        ] ECHO-04  | SEEK_FOOD (5.1s) -> SOCIALIZE  [normal]  h=33 e=100 s=18
[16:27:34.325] [NESTING             ] ECHO-06  | with ECHO-03  dist=70px
[16:27:34.608] [STATE_CHANGE        ] ECHO-05  | SOCIALIZE (4.2s) -> WANDER  [normal]  h=52 e=100 s=50  tgt=23px
[16:27:35.418] [STATE_CHANGE        ] ECHO-03  | WANDER (2.0s) -> SOCIALIZE  [normal]  h=47 e=81 s=0
[16:27:35.814] [STATS               ]          | pop=4  avg_hunger= 49.9  avg_energy= 95.1  hungry=1  social_events=0  contested_food=2%
[16:27:35.814] [GENERATION_STATS    ]          | max_gen=0  avg_gen=0.0  total_births=0
[16:27:35.815] [ECOLOGY_SNAPSHOT    ]          | bonded_pairs=2  avg_best_bond=12.6  top=[ECHO-04<->ECHO-05:13.1  ECHO-03<->ECHO-06:12.1]  lineages=[none]
[16:27:36.623] [STATE_CHANGE        ] ECHO-05  | WANDER (2.0s) -> SEEK_FOOD  [normal]  h=56 e=100 s=47
[16:27:36.623] [FOOD_CLAIM          ] ECHO-05  | food at (165,196)
[16:27:37.798] [FOOD_FOUND          ] ECHO-06  | ate at (730, 456)  total=9
[16:27:37.815] [STATE_CHANGE        ] ECHO-06  | SEEK_FOOD (4.2s) -> SOCIALIZE  [normal]  h=33 e=100 s=11
[16:27:37.816] [COOPERATIVE_SURVIVAL] ECHO-06  | with ECHO-03  mutual_affinity=13.3
[16:27:37.946] [STATE_CHANGE        ] ECHO-04  | SOCIALIZE (4.0s) -> WANDER  [normal]  h=36 e=100 s=50  tgt=19px
[16:27:39.466] [FOOD_FOUND          ] ECHO-05  | ate at (175, 193)  total=10
[16:27:39.483] [STATE_CHANGE        ] ECHO-05  | SEEK_FOOD (2.9s) -> WANDER  [normal]  h=27 e=100 s=43
[16:27:39.666] [IDLE_ENTER          ] ECHO-05  | pausing for 4.3s
[16:27:40.818] [STATS               ]          | pop=4  avg_hunger= 39.8  avg_energy= 99.7  hungry=0  social_events=0  contested_food=0%
[16:27:40.818] [GENERATION_STATS    ]          | max_gen=0  avg_gen=0.0  total_births=0
[16:27:40.818] [ECOLOGY_SNAPSHOT    ]          | bonded_pairs=2  avg_best_bond=14.9  top=[ECHO-03<->ECHO-06:15.0  ECHO-04<->ECHO-05:14.8]  lineages=[none]
[16:27:41.683] [STATE_CHANGE        ] ECHO-03  | SOCIALIZE (6.3s) -> WANDER  [normal]  h=52 e=100 s=50  tgt=1px
[16:27:42.648] [STATE_CHANGE        ] ECHO-06  | SOCIALIZE (4.8s) -> WANDER  [normal]  h=37 e=100 s=50  tgt=15px
[16:27:43.690] [STATE_CHANGE        ] ECHO-03  | WANDER (2.0s) -> SEEK_FOOD  [normal]  h=56 e=100 s=47
[16:27:43.690] [FOOD_CLAIM          ] ECHO-03  | food at (746,443)
[16:27:43.806] [STATE_CHANGE        ] ECHO-05  | WANDER (4.3s) -> SEEK_PARTNER  [partner_separated]  h=41 e=99 s=36
[16:27:43.822] [STATE_CHANGE        ] ECHO-04  | WANDER (5.9s) -> SEEK_PARTNER  [partner_separated]  h=53 e=99 s=41
[16:27:45.382] [STATE_CHANGE        ] ECHO-05  | SEEK_PARTNER (1.6s) -> WANDER  [partner_regroup]  h=47 e=99 s=34  tgt=84px
[16:27:45.832] [STATE_CHANGE        ] ECHO-04  | SEEK_PARTNER (2.0s) -> WANDER  [normal]  h=60 e=100 s=38  tgt=70px
[16:27:45.833] [STATS               ]          | pop=4  avg_hunger= 53.2  avg_energy= 99.9  hungry=2  social_events=0  contested_food=2%
[16:27:45.833] [GENERATION_STATS    ]          | max_gen=0  avg_gen=0.0  total_births=0
[16:27:45.833] [ECOLOGY_SNAPSHOT    ]          | bonded_pairs=2  avg_best_bond=15.9  top=[ECHO-03<->ECHO-06:16.7  ECHO-04<->ECHO-05:15.1]  lineages=[none]
[16:27:46.046] [FOOD_FOUND          ] ECHO-03  | ate at (741, 451)  total=10
[16:27:46.063] [STATE_CHANGE        ] ECHO-03  | SEEK_FOOD (2.4s) -> WANDER  [normal]  h=26 e=100 s=44
[16:27:47.833] [STATE_CHANGE        ] ECHO-04  | WANDER (2.0s) -> SEEK_FOOD  [normal]  h=65 e=100 s=35
[16:27:47.834] [FOOD_CLAIM          ] ECHO-04  | food at (197,295)
[16:27:48.435] [STATE_CHANGE        ] ECHO-05  | WANDER (3.1s) -> SEEK_FOOD  [normal]  h=55 e=100 s=29
[16:27:48.435] [FOOD_CLAIM          ] ECHO-05  | food at (174,226)
[16:27:49.312] [STATE_CHANGE        ] ECHO-06  | WANDER (6.7s) -> SEEK_FOOD  [normal]  h=55 e=100 s=40
[16:27:49.315] [FOOD_CLAIM          ] ECHO-06  | food at (735,456)
[16:27:49.509] [FOOD_FOUND          ] ECHO-04  | ate at (207, 294)  total=10
[16:27:49.525] [FOOD_CLAIM          ] ECHO-04  | food at (172,243)
[16:27:50.730] [NESTING             ] ECHO-05  | with ECHO-04  dist=41px
[16:27:50.845] [STATS               ]          | pop=4  avg_hunger= 50.5  avg_energy=100.0  hungry=2  social_events=0  contested_food=5%
[16:27:50.847] [GENERATION_STATS    ]          | max_gen=0  avg_gen=0.0  total_births=0
[16:27:50.848] [ECOLOGY_SNAPSHOT    ]          | bonded_pairs=2  avg_best_bond=16.4  top=[ECHO-03<->ECHO-06:17.2  ECHO-04<->ECHO-05:15.6]  lineages=[none]
[16:27:51.306] [FOOD_FOUND          ] ECHO-05  | ate at (184, 225)  total=11
[16:27:51.323] [STATE_CHANGE        ] ECHO-05  | SEEK_FOOD (2.9s) -> WANDER  [normal]  h=28 e=100 s=25
[16:27:51.805] [FOOD_FOUND          ] ECHO-04  | ate at (178, 252)  total=11
[16:27:51.821] [STATE_CHANGE        ] ECHO-04  | SEEK_FOOD (4.0s) -> WANDER  [normal]  h=5 e=100 s=29
[16:27:53.167] [REPRODUCTION_ATTEMPT] ECHO-04  | ECHO-04 + ECHO-05  affinity=15.8/16.4  dist=47px
[16:27:53.335] [STATE_CHANGE        ] ECHO-05  | WANDER (2.0s) -> SOCIALIZE  [normal]  h=32 e=100 s=22
[16:27:54.549] [STATE_CHANGE        ] ECHO-03  | WANDER (8.5s) -> SEEK_PARTNER  [partner_separated]  h=54 e=99 s=31
[16:27:54.998] [FOOD_FOUND          ] ECHO-06  | ate at (728, 463)  total=10
[16:27:55.014] [FOOD_CLAIM          ] ECHO-06  | food at (769,451)
[16:27:55.181] [REPRODUCTION_ATTEMPT] ECHO-04  | ECHO-04 + ECHO-05  affinity=16.0/17.7  dist=48px
[16:27:55.182] [REPRODUCTION        ] ECHO-13  | ECHO-04 + ECHO-05 produced offspring ECHO-13  GEN-1
[16:27:55.182] [REPRODUCTION_SUCCESS] ECHO-13  | ECHO-04 + ECHO-05 -> ECHO-13  GEN-1
[16:27:55.182] [OFFSPRING_BORN      ] ECHO-13  | GEN-1  lineage=97b5071e  risk=0.61 social=0.58 greed=0.49 lazy=0.29
[16:27:55.182] [FAMILY_LINE         ] ECHO-13  | lineage=97b5071e  first_offspring=ECHO-13  GEN-1  from ECHO-04 + ECHO-05
[16:27:55.854] [STATS               ]          | pop=5  avg_hunger= 42.2  avg_energy= 74.2  hungry=1  social_events=0  contested_food=2%
[16:27:55.854] [GENERATION_STATS    ]          | max_gen=1  avg_gen=0.2  total_births=1
[16:27:55.855] [ECOLOGY_SNAPSHOT    ]          | bonded_pairs=2  avg_best_bond=11.2  top=[ECHO-03<->ECHO-06:17.5  ECHO-04<->ECHO-05:16.0  ECHO-05<->ECHO-13:0.1]  lineages=[97b5071ex1]
[16:27:56.056] [STATE_CHANGE        ] ECHO-04  | WANDER (4.2s) -> SOCIALIZE  [normal]  h=34 e=63 s=23
[16:27:56.057] [COOPERATIVE_SURVIVAL] ECHO-05  | with ECHO-04  mutual_affinity=17.1
[16:27:56.549] [STATE_CHANGE        ] ECHO-03  | SEEK_PARTNER (2.0s) -> WANDER  [normal]  h=62 e=97 s=28  tgt=121px
[16:27:56.847] [STATE_CHANGE        ] ECHO-05  | SOCIALIZE (3.5s) -> WANDER  [normal]  h=54 e=66 s=50  tgt=29px
[16:27:57.776] [FOOD_FOUND          ] ECHO-06  | ate at (759, 454)  total=11
[16:27:57.792] [STATE_CHANGE        ] ECHO-06  | SEEK_FOOD (8.5s) -> WANDER  [normal]  h=15 e=89 s=27
[16:27:58.551] [STATE_CHANGE        ] ECHO-03  | WANDER (2.0s) -> SEEK_FOOD  [normal]  h=70 e=96 s=25
[16:27:58.552] [FOOD_CLAIM          ] ECHO-03  | food at (837,462)
[16:27:58.854] [STATE_CHANGE        ] ECHO-05  | WANDER (2.0s) -> SEEK_FOOD  [normal]  h=58 e=72 s=47
[16:27:58.855] [FOOD_CLAIM          ] ECHO-05  | food at (142,286)
[16:27:59.450] [STATE_CHANGE        ] ECHO-04  | SOCIALIZE (3.4s) -> WANDER  [normal]  h=36 e=74 s=50  tgt=4px
[16:28:00.034] [IDLE_ENTER          ] ECHO-04  | pausing for 3.8s
[16:28:00.067] [NESTING             ] ECHO-06  | with ECHO-03  dist=70px
[16:28:00.068] [STATE_CHANGE        ] ECHO-06  | WANDER (2.3s) -> SOCIALIZE  [normal]  h=23 e=89 s=24
[16:28:00.265] [SOCIAL              ] ECHO-06  | interacting with ECHO-03  total=3
[16:28:00.855] [STATS               ]          | pop=5  avg_hunger= 48.9  avg_energy= 78.3  hungry=2  social_events=1  contested_food=3%
[16:28:00.855] [GENERATION_STATS    ]          | max_gen=1  avg_gen=0.2  total_births=1
[16:28:00.856] [ECOLOGY_SNAPSHOT    ]          | bonded_pairs=2  avg_best_bond=12.4  top=[ECHO-04<->ECHO-05:18.6  ECHO-03<->ECHO-06:18.1  ECHO-05<->ECHO-13:0.5]  lineages=[97b5071ex1]
[16:28:01.783] [FOOD_FOUND          ] ECHO-05  | ate at (151, 291)  total=12
[16:28:01.800] [STATE_CHANGE        ] ECHO-05  | SEEK_FOOD (2.9s) -> WANDER  [normal]  h=29 e=77 s=43
[16:28:03.539] [STATE_CHANGE        ] ECHO-06  | SOCIALIZE (3.5s) -> WANDER  [normal]  h=26 e=100 s=50  tgt=53px
[16:28:03.916] [IDLE_ENTER          ] ECHO-05  | pausing for 2.4s
[16:28:03.949] [STATE_CHANGE        ] ECHO-13  | WANDER (8.8s) -> SEEK_FOOD  [normal]  h=55 e=46 s=45
[16:28:03.950] [FOOD_CLAIM          ] ECHO-13  | food at (110,207)
[16:28:04.316] [FOOD_FOUND          ] ECHO-03  | ate at (829, 467)  total=11
[16:28:04.332] [FOOD_CLAIM          ] ECHO-03  | food at (830,431)
[16:28:04.807] [IDLE_ENTER          ] ECHO-06  | pausing for 1.9s
[16:28:05.256] [FOOD_FOUND          ] ECHO-13  | ate at (100, 207)  total=1
[16:28:05.272] [FOOD_CLAIM          ] ECHO-13  | food at (110,226)
[16:28:05.868] [FOOD_FOUND          ] ECHO-03  | ate at (830, 441)  total=12
[16:28:05.868] [STATS               ]          | pop=5  avg_hunger= 32.9  avg_energy= 85.2  hungry=0  social_events=0  contested_food=2%
[16:28:05.868] [GENERATION_STATS    ]          | max_gen=1  avg_gen=0.2  total_births=1
[16:28:05.868] [ECOLOGY_SNAPSHOT    ]          | bonded_pairs=2  avg_best_bond=13.2  top=[ECHO-03<->ECHO-06:19.6  ECHO-04<->ECHO-05:19.1  ECHO-05<->ECHO-13:0.8]  lineages=[97b5071ex1]
[16:28:05.884] [STATE_CHANGE        ] ECHO-03  | SEEK_FOOD (7.3s) -> WANDER  [normal]  h=18 e=100 s=14
[16:28:05.951] [FOOD_CLAIM_RELEASE  ] ECHO-13  | food at (110,226)
[16:28:05.952] [STATE_CHANGE        ] ECHO-13  | SEEK_FOOD (2.0s) -> WANDER  [normal]  h=28 e=40 s=42  tgt=15px
[16:28:06.201] [IDLE_ENTER          ] ECHO-13  | pausing for 3.3s
[16:28:08.496] [STATE_CHANGE        ] ECHO-04  | WANDER (9.0s) -> SEEK_FOOD  [normal]  h=55 e=100 s=36
[16:28:08.496] [FOOD_CLAIM          ] ECHO-04  | food at (159,255)
[16:28:10.730] [NESTING             ] ECHO-05  | with ECHO-04  dist=55px
[16:28:10.883] [STATS               ]          | pop=5  avg_hunger= 48.0  avg_energy= 86.9  hungry=1  social_events=0  contested_food=2%
[16:28:10.884] [GENERATION_STATS    ]          | max_gen=1  avg_gen=0.2  total_births=1
[16:28:10.884] [ECOLOGY_SNAPSHOT    ]          | bonded_pairs=2  avg_best_bond=13.5  top=[ECHO-03<->ECHO-06:20.1  ECHO-04<->ECHO-05:19.6  ECHO-05<->ECHO-13:0.8]  lineages=[97b5071ex1]
[16:28:12.230] [STATE_CHANGE        ] ECHO-03  | WANDER (6.3s) -> SEEK_PARTNER  [partner_separated]  h=41 e=98 s=4
[16:28:12.231] [STATE_CHANGE        ] ECHO-06  | WANDER (8.7s) -> SEEK_PARTNER  [partner_separated]  h=54 e=98 s=37
[16:28:12.331] [STATE_CHANGE        ] ECHO-05  | WANDER (10.5s) -> SEEK_PARTNER  [partner_separated]  h=53 e=100 s=27
[16:28:12.698] [STATE_CHANGE        ] ECHO-13  | WANDER (6.7s) -> SEEK_FOOD  [normal]  h=55 e=32 s=32
[16:28:12.698] [FOOD_CLAIM          ] ECHO-13  | food at (95,171)
[16:28:13.631] [FOOD_FOUND          ] ECHO-04  | ate at (161, 265)  total=12
[16:28:13.648] [STATE_CHANGE        ] ECHO-04  | SEEK_FOOD (5.2s) -> SEEK_PARTNER  [partner_separated]  h=35 e=95 s=29
[16:28:13.980] [STATE_CHANGE        ] ECHO-03  | SEEK_PARTNER (1.7s) -> WANDER  [partner_regroup]  h=47 e=99 s=2  tgt=84px
[16:28:14.232] [STATE_CHANGE        ] ECHO-06  | SEEK_PARTNER (2.0s) -> WANDER  [normal]  h=62 e=99 s=34  tgt=75px
[16:28:14.332] [STATE_CHANGE        ] ECHO-05  | SEEK_PARTNER (2.0s) -> WANDER  [normal]  h=61 e=98 s=24  tgt=118px
[16:28:14.663] [FOOD_FOUND          ] ECHO-13  | ate at (90, 179)  total=2
[16:28:14.681] [FOOD_CLAIM          ] ECHO-13  | food at (129,177)
[16:28:14.714] [FOOD_CLAIM_RELEASE  ] ECHO-13  | food at (129,177)
[16:28:14.714] [STATE_CHANGE        ] ECHO-13  | SEEK_FOOD (2.0s) -> REST  [normal]  h=28 e=27 s=29  tgt=38px
[16:28:14.714] [REST_REASON         ] ECHO-13  | low_energy | energy=26.5 laziness=0.29
[16:28:15.662] [STATE_CHANGE        ] ECHO-04  | SEEK_PARTNER (2.0s) -> WANDER  [normal]  h=42 e=96 s=26  tgt=91px
[16:28:15.891] [STATS               ]          | pop=5  avg_hunger= 52.2  avg_energy= 88.8  hungry=2  social_events=0  contested_food=0%
[16:28:15.892] [GENERATION_STATS    ]          | max_gen=1  avg_gen=0.2  total_births=1
[16:28:15.892] [ECOLOGY_SNAPSHOT    ]          | bonded_pairs=2  avg_best_bond=13.7  top=[ECHO-03<->ECHO-06:20.4  ECHO-04<->ECHO-05:19.8  ECHO-05<->ECHO-13:0.8]  lineages=[97b5071ex1]
[16:28:16.240] [STATE_CHANGE        ] ECHO-06  | WANDER (2.0s) -> SEEK_FOOD  [normal]  h=67 e=100 s=31
[16:28:16.241] [FOOD_CLAIM          ] ECHO-06  | food at (912,483)
[16:28:16.340] [STATE_CHANGE        ] ECHO-05  | WANDER (2.0s) -> SEEK_FOOD  [normal]  h=68 e=100 s=21
[16:28:16.340] [FOOD_CLAIM          ] ECHO-05  | food at (101,291)
[16:28:16.668] [STATE_CHANGE        ] ECHO-03  | WANDER (2.7s) -> SEEK_FOOD  [normal]  h=55 e=100 s=0
[16:28:16.669] [FOOD_CLAIM          ] ECHO-03  | food at (734,384)
[16:28:16.717] [STATE_CHANGE        ] ECHO-13  | REST (2.0s) -> WANDER  [normal]  h=36 e=63 s=26
[16:28:17.665] [STATE_CHANGE        ] ECHO-04  | WANDER (2.0s) -> SOCIALIZE  [normal]  h=48 e=100 s=23
[16:28:18.729] [STATE_CHANGE        ] ECHO-13  | WANDER (2.0s) -> SOCIALIZE  [normal]  h=44 e=60 s=23
[16:28:19.927] [MIGRATION_DECISION  ] ECHO-06  | avoided contested zone  chose (912,483)
[16:28:20.900] [STATS               ]          | pop=5  avg_hunger= 67.6  avg_energy= 87.6  hungry=3  social_events=0  contested_food=5%
[16:28:20.901] [GENERATION_STATS    ]          | max_gen=1  avg_gen=0.2  total_births=1
[16:28:20.901] [ECOLOGY_SNAPSHOT    ]          | bonded_pairs=2  avg_best_bond=14.1  top=[ECHO-04<->ECHO-05:21.1  ECHO-03<->ECHO-06:20.5  ECHO-05<->ECHO-13:0.8]  lineages=[97b5071ex1]
[16:28:21.000] [FOOD_FOUND          ] ECHO-05  | ate at (107, 299)  total=13
[16:28:21.016] [FOOD_CLAIM          ] ECHO-05  | food at (136,239)
[16:28:21.083] [STATE_CHANGE        ] ECHO-04  | SOCIALIZE (3.4s) -> WANDER  [normal]  h=51 e=100 s=50  tgt=34px
[16:28:21.680] [FOOD_FOUND          ] ECHO-06  | ate at (904, 489)  total=12
[16:28:21.697] [SEEK_PARTNER        ] ECHO-06  | with ECHO-03  dist=193px
[16:28:21.697] [STATE_CHANGE        ] ECHO-06  | SEEK_FOOD (5.5s) -> SEEK_PARTNER  [partner_separated]  h=53 e=88 s=23
[16:28:22.097] [FOOD_FOUND          ] ECHO-03  | ate at (734, 394)  total=13
[16:28:22.113] [STATE_CHANGE        ] ECHO-03  | SEEK_FOOD (5.4s) -> SEEK_PARTNER  [partner_separated]  h=41 e=87 s=0
[16:28:23.096] [STATE_CHANGE        ] ECHO-04  | WANDER (2.0s) -> SEEK_FOOD  [normal]  h=56 e=100 s=47
[16:28:23.097] [FOOD_CLAIM          ] ECHO-04  | food at (57,242)
[16:28:23.560] [FOOD_FOUND          ] ECHO-05  | ate at (132, 248)  total=14
[16:28:23.577] [STATE_CHANGE        ] ECHO-05  | SEEK_FOOD (7.2s) -> WANDER  [normal]  h=15 e=100 s=10
[16:28:23.708] [STATE_CHANGE        ] ECHO-06  | SEEK_PARTNER (2.0s) -> WANDER  [normal]  h=61 e=86 s=20  tgt=139px
[16:28:24.117] [STATE_CHANGE        ] ECHO-03  | SEEK_PARTNER (2.0s) -> WANDER  [normal]  h=49 e=85 s=0  tgt=127px
[16:28:25.582] [STATE_CHANGE        ] ECHO-05  | WANDER (2.0s) -> SOCIALIZE  [normal]  h=21 e=100 s=7
[16:28:25.715] [STATE_CHANGE        ] ECHO-06  | WANDER (2.0s) -> SEEK_FOOD  [normal]  h=69 e=86 s=17
[16:28:25.716] [FOOD_CLAIM          ] ECHO-06  | food at (948,452)
[16:28:25.912] [STATS               ]          | pop=5  avg_hunger= 56.6  avg_energy= 84.3  hungry=4  social_events=0  contested_food=3%
[16:28:25.913] [GENERATION_STATS    ]          | max_gen=1  avg_gen=0.2  total_births=1
[16:28:25.913] [ECOLOGY_SNAPSHOT    ]          | bonded_pairs=2  avg_best_bond=14.4  top=[ECHO-04<->ECHO-05:21.7  ECHO-03<->ECHO-06:20.6  ECHO-05<->ECHO-13:0.8]  lineages=[97b5071ex1]
[16:28:26.129] [STATE_CHANGE        ] ECHO-03  | WANDER (2.0s) -> SEEK_FOOD  [normal]  h=57 e=85 s=0
[16:28:26.130] [MIGRATION_DECISION  ] ECHO-03  | avoided contested zone  chose (732,371)
[16:28:26.131] [FOOD_CLAIM          ] ECHO-03  | food at (732,371)
[16:28:26.605] [FOOD_FOUND          ] ECHO-04  | ate at (60, 252)  total=13
[16:28:26.622] [STATE_CHANGE        ] ECHO-04  | SEEK_FOOD (3.5s) -> WANDER  [normal]  h=30 e=100 s=42
[16:28:27.696] [STATE_CHANGE        ] ECHO-13  | SOCIALIZE (9.0s) -> SEEK_FOOD  [emergency_hunger]  h=80 e=49 s=23
[16:28:27.696] [FOOD_CLAIM          ] ECHO-13  | food at (129,177)
[16:28:29.135] [FOOD_FOUND          ] ECHO-06  | ate at (938, 452)  total=13
[16:28:29.152] [STATE_CHANGE        ] ECHO-06  | SEEK_FOOD (3.4s) -> SEEK_PARTNER  [partner_separated]  h=48 e=76 s=12
[16:28:29.352] [FOOD_FOUND          ] ECHO-03  | ate at (736, 379)  total=14
[16:28:29.369] [STATE_CHANGE        ] ECHO-03  | SEEK_FOOD (3.2s) -> SEEK_PARTNER  [partner_separated]  h=35 e=75 s=0
[16:28:30.733] [NESTING             ] ECHO-05  | with ECHO-04  dist=46px
[16:28:30.919] [STATS               ]          | pop=5  avg_hunger= 50.5  avg_energy= 77.7  hungry=1  social_events=0  contested_food=2%
[16:28:30.919] [GENERATION_STATS    ]          | max_gen=1  avg_gen=0.2  total_births=1
[16:28:30.919] [ECOLOGY_SNAPSHOT    ]          | bonded_pairs=2  avg_best_bond=14.8  top=[ECHO-04<->ECHO-05:23.2  ECHO-03<->ECHO-06:20.6  ECHO-05<->ECHO-13:0.7]  lineages=[97b5071ex1]
[16:28:30.969] [STATE_CHANGE        ] ECHO-05  | SOCIALIZE (5.4s) -> WANDER  [normal]  h=25 e=100 s=50  tgt=46px
[16:28:31.768] [STATE_CHANGE        ] ECHO-06  | SEEK_PARTNER (2.6s) -> WANDER  [normal]  h=58 e=73 s=8  tgt=139px
[16:28:31.784] [STATE_CHANGE        ] ECHO-03  | SEEK_PARTNER (2.4s) -> WANDER  [normal]  h=44 e=73 s=0  tgt=139px
[16:28:33.704] [STATE_CHANGE        ] ECHO-04  | WANDER (7.1s) -> SEEK_PARTNER  [partner_separated]  h=44 e=100 s=31
[16:28:33.704] [STATE_CHANGE        ] ECHO-05  | WANDER (2.7s) -> SEEK_PARTNER  [partner_separated]  h=30 e=100 s=46
[16:28:33.769] [STATE_CHANGE        ] ECHO-06  | WANDER (2.0s) -> SEEK_FOOD  [normal]  h=66 e=71 s=5
[16:28:33.771] [FOOD_CLAIM          ] ECHO-06  | food at (950,446)
[16:28:34.429] [STATE_CHANGE        ] ECHO-03  | WANDER (2.6s) -> SEEK_FOOD  [normal]  h=55 e=70 s=0
[16:28:34.431] [FOOD_CLAIM          ] ECHO-03  | food at (801,367)
[16:28:35.858] [FOOD_FOUND          ] ECHO-13  | ate at (124, 168)  total=3
[16:28:35.874] [FOOD_CLAIM          ] ECHO-13  | food at (154,211)
[16:28:35.929] [STATS               ]          | pop=5  avg_hunger= 58.7  avg_energy= 70.5  hungry=3  social_events=0  contested_food=5%
[16:28:35.938] [GENERATION_STATS    ]          | max_gen=1  avg_gen=0.2  total_births=1
[16:28:35.954] [ECOLOGY_SNAPSHOT    ]          | bonded_pairs=2  avg_best_bond=14.9  top=[ECHO-04<->ECHO-05:23.4  ECHO-03<->ECHO-06:20.6  ECHO-05<->ECHO-13:0.7]  lineages=[97b5071ex1]
[16:28:37.445] [FOOD_FOUND          ] ECHO-06  | ate at (942, 440)  total=14
[16:28:37.462] [SEEK_PARTNER        ] ECHO-06  | with ECHO-03  dist=156px
[16:28:37.463] [STATE_CHANGE        ] ECHO-06  | SEEK_FOOD (3.7s) -> SEEK_PARTNER  [partner_separated]  h=46 e=61 s=0
[16:28:37.479] [FOOD_FOUND          ] ECHO-03  | ate at (799, 377)  total=15
[16:28:37.495] [STATE_CHANGE        ] ECHO-03  | SEEK_FOOD (3.1s) -> SEEK_PARTNER  [partner_separated]  h=32 e=61 s=0
[16:28:39.468] [STATE_CHANGE        ] ECHO-06  | SEEK_PARTNER (2.0s) -> WANDER  [normal]  h=54 e=60 s=0  tgt=102px
[16:28:39.485] [FOOD_FOUND          ] ECHO-13  | ate at (148, 202)  total=4
[16:28:39.502] [STATE_CHANGE        ] ECHO-03  | SEEK_PARTNER (2.0s) -> WANDER  [normal]  h=40 e=61 s=0  tgt=101px
[16:28:39.504] [FOOD_CLAIM          ] ECHO-13  | food at (143,218)
[16:28:40.720] [FOOD_FOUND          ] ECHO-13  | ate at (146, 209)  total=5
[16:28:40.736] [STATE_CHANGE        ] ECHO-13  | SEEK_FOOD (13.0s) -> REST  [normal]  h=15 e=13 s=3
[16:28:40.736] [REST_REASON         ] ECHO-13  | low_energy | energy=12.9 laziness=0.29
[16:28:40.934] [STATS               ]          | pop=5  avg_hunger= 50.3  avg_energy= 65.3  hungry=3  social_events=0  contested_food=0%
[16:28:40.934] [GENERATION_STATS    ]          | max_gen=1  avg_gen=0.2  total_births=1
[16:28:40.934] [ECOLOGY_SNAPSHOT    ]          | bonded_pairs=2  avg_best_bond=15.0  top=[ECHO-04<->ECHO-05:23.4  ECHO-03<->ECHO-06:20.8  ECHO-05<->ECHO-13:0.7]  lineages=[97b5071ex1]
[16:28:41.475] [STATE_CHANGE        ] ECHO-06  | WANDER (2.0s) -> SEEK_FOOD  [normal]  h=60 e=63 s=0
[16:28:41.476] [FOOD_CLAIM          ] ECHO-06  | food at (948,464)
[16:28:42.593] [STATE_CHANGE        ] ECHO-04  | SEEK_PARTNER (8.9s) -> SEEK_FOOD  [emergency_hunger]  h=80 e=91 s=18  tgt=890px
[16:28:42.593] [TARGET_SWITCH       ] ECHO-04  | (1109,330) -> (197,278)
[16:28:42.595] [FOOD_CLAIM          ] ECHO-04  | food at (197,278)
[16:28:43.046] [STATE_CHANGE        ] ECHO-13  | REST (2.3s) -> SOCIALIZE  [normal]  h=24 e=54 s=0
[16:28:43.940] [STATE_CHANGE        ] ECHO-03  | WANDER (4.4s) -> SEEK_FOOD  [normal]  h=55 e=67 s=0
[16:28:43.940] [MIGRATION_DECISION  ] ECHO-03  | avoided contested zone  chose (752,480)
[16:28:43.941] [FOOD_CLAIM          ] ECHO-03  | food at (752,480)
[16:28:45.914] [FOOD_FOUND          ] ECHO-04  | ate at (200, 287)  total=14
[16:28:45.930] [FOOD_CLAIM          ] ECHO-04  | food at (163,247)
[16:28:45.931] [FOOD_FOUND          ] ECHO-06  | ate at (944, 455)  total=15
[16:28:45.947] [MIGRATION_DECISION  ] ECHO-06  | avoided contested zone  chose (958,484)
[16:28:45.948] [FOOD_CLAIM          ] ECHO-06  | food at (958,484)
[16:28:45.948] [STATS               ]          | pop=5  avg_hunger= 55.3  avg_energy= 68.9  hungry=3  social_events=0  contested_food=5%
[16:28:45.949] [GENERATION_STATS    ]          | max_gen=1  avg_gen=0.2  total_births=1
[16:28:45.949] [ECOLOGY_SNAPSHOT    ]          | bonded_pairs=2  avg_best_bond=15.1  top=[ECHO-04<->ECHO-05:23.4  ECHO-03<->ECHO-06:21.2  ECHO-05<->ECHO-13:0.7]  lineages=[97b5071ex1]
[16:28:45.981] [FOOD_CLAIM_RELEASE  ] ECHO-06  | food at (958,484)
[16:28:45.981] [STATE_CHANGE        ] ECHO-06  | SEEK_FOOD (4.5s) -> SEEK_PARTNER  [partner_separated]  h=41 e=60 s=0  tgt=32px
[16:28:46.116] [STATE_CHANGE        ] ECHO-05  | SEEK_PARTNER (12.4s) -> SEEK_FOOD  [emergency_hunger]  h=80 e=87 s=27  tgt=847px
[16:28:46.117] [MIGRATION_DECISION  ] ECHO-05  | avoided contested zone  chose (1061,189)
[16:28:46.117] [TARGET_SWITCH       ] ECHO-05  | (197,284) -> (1061,189)
[16:28:46.117] [FOOD_CLAIM          ] ECHO-05  | food at (1061,189)
[16:28:48.301] [FOOD_FOUND          ] ECHO-04  | ate at (169, 254)  total=15
[16:28:48.318] [STATE_CHANGE        ] ECHO-04  | SEEK_FOOD (5.7s) -> SEEK_PARTNER  [partner_separated]  h=33 e=75 s=9
[16:28:48.383] [FOOD_FOUND          ] ECHO-03  | ate at (762, 478)  total=16
[16:28:48.401] [STATE_CHANGE        ] ECHO-03  | SEEK_FOOD (4.5s) -> SEEK_PARTNER  [partner_separated]  h=37 e=58 s=0
[16:28:49.048] [STATE_CHANGE        ] ECHO-06  | SEEK_PARTNER (3.1s) -> WANDER  [normal]  h=53 e=57 s=0  tgt=139px
[16:28:50.405] [STATE_CHANGE        ] ECHO-03  | SEEK_PARTNER (2.0s) -> WANDER  [normal]  h=45 e=57 s=0  tgt=111px
[16:28:50.472] [IDLE_ENTER          ] ECHO-03  | pausing for 2.1s
[16:28:50.957] [STATS               ]          | pop=5  avg_hunger= 60.0  avg_energy= 61.2  hungry=2  social_events=0  contested_food=2%
[16:28:50.957] [GENERATION_STATS    ]          | max_gen=1  avg_gen=0.2  total_births=1
[16:28:50.957] [ECOLOGY_SNAPSHOT    ]          | bonded_pairs=2  avg_best_bond=15.1  top=[ECHO-04<->ECHO-05:23.4  ECHO-03<->ECHO-06:21.3  ECHO-04<->ECHO-13:1.1]  lineages=[97b5071ex1]
[16:28:51.058] [STATE_CHANGE        ] ECHO-06  | WANDER (2.0s) -> SEEK_FOOD  [normal]  h=61 e=57 s=0
[16:28:51.058] [FOOD_CLAIM          ] ECHO-06  | food at (951,480)
[16:28:51.258] [FOOD_FOUND          ] ECHO-05  | ate at (1060, 199)  total=15
[16:28:51.274] [FOOD_CLAIM          ] ECHO-05  | food at (1065,181)
[16:28:52.241] [FOOD_FOUND          ] ECHO-05  | ate at (1062, 191)  total=16
[16:28:52.258] [SEEK_PARTNER        ] ECHO-05  | with ECHO-04  dist=822px
[16:28:52.259] [STATE_CHANGE        ] ECHO-05  | SEEK_FOOD (6.1s) -> SEEK_PARTNER  [partner_separated]  h=34 e=70 s=18
[16:28:53.099] [BOND_STRENGTHENED   ] ECHO-04  | with ECHO-13  tier=3  mutual=3.0
[16:28:53.231] [STATE_CHANGE        ] ECHO-03  | WANDER (2.8s) -> SEEK_FOOD  [normal]  h=55 e=58 s=0
[16:28:53.232] [FOOD_CLAIM          ] ECHO-03  | food at (952,480)
[16:28:55.681] [NESTING             ] ECHO-06  | with ECHO-03  dist=70px
[16:28:55.846] [FOOD_FOUND          ] ECHO-06  | ate at (943, 473)  total=16
[16:28:55.862] [FOOD_CONTEST        ] ECHO-06  | food at (952,480)
[16:28:55.959] [STATS               ]          | pop=5  avg_hunger= 56.8  avg_energy= 56.1  hungry=3  social_events=0  contested_food=2%
[16:28:55.959] [GENERATION_STATS    ]          | max_gen=1  avg_gen=0.2  total_births=1
[16:28:55.959] [ECOLOGY_SNAPSHOT    ]          | bonded_pairs=2  avg_best_bond=15.2  top=[ECHO-04<->ECHO-05:23.4  ECHO-03<->ECHO-06:21.6  ECHO-04<->ECHO-13:1.5]  lineages=[97b5071ex1]
[16:28:56.207] [FOOD_FOUND          ] ECHO-06  | ate at (944, 474)  total=17
[16:28:56.207] [RIVALRY             ] ECHO-06  | with ECHO-03  | affinity=  21.7 (Δ-0.4)
[16:28:56.224] [TARGET_SWITCH       ] ECHO-03  | (952,480) -> (958,484)
[16:28:56.224] [FOOD_CLAIM          ] ECHO-03  | food at (958,484)
[16:28:56.225] [STATE_CHANGE        ] ECHO-06  | SEEK_FOOD (5.2s) -> SOCIALIZE  [normal]  h=8 e=53 s=0
[16:28:58.142] [BEST_FRIEND         ] ECHO-13  | with ECHO-04  | affinity=   8.0
[16:28:59.146] [FOOD_FOUND          ] ECHO-03  | ate at (948, 484)  total=17
[16:28:59.163] [FOOD_CLAIM          ] ECHO-03  | food at (985,494)
[16:28:59.459] [REPRODUCTION_ATTEMPT] ECHO-03  | ECHO-03 + ECHO-06  affinity=21.9/23.8  dist=17px
[16:28:59.459] [REPRODUCTION        ] ECHO-14  | ECHO-03 + ECHO-06 produced offspring ECHO-14  GEN-1
[16:28:59.461] [REPRODUCTION_SUCCESS] ECHO-14  | ECHO-03 + ECHO-06 -> ECHO-14  GEN-1
[16:28:59.461] [OFFSPRING_BORN      ] ECHO-14  | GEN-1  lineage=d1b7abb3  risk=0.56 social=0.50 greed=0.38 lazy=0.66
[16:28:59.462] [FAMILY_LINE         ] ECHO-14  | lineage=d1b7abb3  first_offspring=ECHO-14  GEN-1  from ECHO-03 + ECHO-06
[16:29:00.105] [STATE_CHANGE        ] ECHO-04  | SEEK_PARTNER (11.8s) -> SEEK_FOOD  [emergency_hunger]  h=80 e=63 s=0  tgt=546px
[16:29:00.105] [TARGET_SWITCH       ] ECHO-04  | (936,199) -> (561,218)
[16:29:00.105] [FOOD_CLAIM          ] ECHO-04  | food at (561,218)
[16:29:00.965] [STATS               ]          | pop=6  avg_hunger= 58.2  avg_energy= 44.8  hungry=4  social_events=0  contested_food=3%
[16:29:00.965] [GENERATION_STATS    ]          | max_gen=1  avg_gen=0.3  total_births=2
[16:29:00.965] [ECOLOGY_SNAPSHOT    ]          | bonded_pairs=2  avg_best_bond=11.6  top=[ECHO-04<->ECHO-05:23.4  ECHO-03<->ECHO-06:22.1  ECHO-04<->ECHO-13:2.0]  lineages=[97b5071ex1  d1b7abb3x1]
[16:29:01.549] [STATE_CHANGE        ] ECHO-13  | SOCIALIZE (18.5s) -> SEEK_FOOD  [emergency_hunger]  h=80 e=32 s=0  tgt=140px
[16:29:01.549] [MIGRATION_DECISION  ] ECHO-13  | avoided contested zone  chose (192,260)
[16:29:01.550] [TARGET_SWITCH       ] ECHO-13  | (434,234) -> (192,260)
[16:29:01.550] [FOOD_CLAIM          ] ECHO-13  | food at (192,260)
[16:29:01.699] [FOOD_FOUND          ] ECHO-03  | ate at (976, 492)  total=18
[16:29:01.716] [STATE_CHANGE        ] ECHO-03  | SEEK_FOOD (8.5s) -> REST  [normal]  h=26 e=26 s=0
[16:29:01.716] [REST_REASON         ] ECHO-03  | low_energy | energy=25.7 laziness=0.41
[16:29:02.488] [STATE_CHANGE        ] ECHO-06  | SOCIALIZE (6.3s) -> REST  [normal]  h=33 e=33 s=50  tgt=28px
[16:29:02.488] [REST_REASON         ] ECHO-06  | low_energy | energy=33.3 laziness=0.65
[16:29:03.566] [MIGRATION_DECISION  ] ECHO-04  | avoided contested zone  chose (561,218)
[16:29:03.732] [STATE_CHANGE        ] ECHO-03  | REST (2.0s) -> SOCIALIZE  [normal]  h=30 e=71 s=0
[16:29:03.764] [STATE_CHANGE        ] ECHO-05  | SEEK_PARTNER (11.5s) -> SEEK_FOOD  [emergency_hunger]  h=80 e=58 s=1  tgt=378px
[16:29:03.767] [MIGRATION_DECISION  ] ECHO-05  | avoided contested zone  chose (877,179)
[16:29:03.768] [TARGET_SWITCH       ] ECHO-05  | (500,225) -> (877,179)
[16:29:03.769] [FOOD_CLAIM          ] ECHO-05  | food at (877,179)
[16:29:04.489] [STATE_CHANGE        ] ECHO-06  | REST (2.0s) -> WANDER  [normal]  h=37 e=78 s=47
[16:29:04.640] [MIGRATION_DECISION  ] ECHO-13  | avoided contested zone  chose (192,260)
[16:29:05.269] [FOOD_FOUND          ] ECHO-05  | ate at (876, 189)  total=17
[16:29:05.285] [STATE_CHANGE        ] ECHO-05  | SEEK_FOOD (1.5s) -> SEEK_PARTNER  [partner_separated]  h=51 e=54 s=0
[16:29:05.966] [STATS               ]          | pop=6  avg_hunger= 61.7  avg_energy= 56.2  hungry=2  social_events=0  contested_food=3%
[16:29:05.966] [GENERATION_STATS    ]          | max_gen=1  avg_gen=0.3  total_births=2
[16:29:05.966] [ECOLOGY_SNAPSHOT    ]          | bonded_pairs=2  avg_best_bond=12.1  top=[ECHO-03<->ECHO-06:23.8  ECHO-04<->ECHO-05:23.4  ECHO-04<->ECHO-13:2.0]  lineages=[97b5071ex1  d1b7abb3x1]
[16:29:06.762] [FOOD_FOUND          ] ECHO-04  | ate at (551, 219)  total=16
[16:29:06.778] [FOOD_CLAIM          ] ECHO-04  | food at (557,198)
[16:29:07.487] [FOOD_FOUND          ] ECHO-13  | ate at (202, 258)  total=6
[16:29:07.504] [FOOD_CLAIM          ] ECHO-13  | food at (205,230)
[16:29:08.000] [STATE_CHANGE        ] ECHO-14  | WANDER (8.5s) -> SEEK_FOOD  [normal]  h=55 e=53 s=48
[16:29:08.000] [FOOD_CLAIM          ] ECHO-14  | food at (969,446)
[16:29:08.214] [FOOD_FOUND          ] ECHO-04  | ate at (555, 208)  total=17
[16:29:08.232] [STATE_CHANGE        ] ECHO-04  | SEEK_FOOD (8.1s) -> SEEK_PARTNER  [partner_separated]  h=36 e=40 s=0
[16:29:09.984] [STATE_CHANGE        ] ECHO-03  | SOCIALIZE (6.3s) -> WANDER  [normal]  h=35 e=92 s=50  tgt=31px
[16:29:10.982] [STATS               ]          | pop=6  avg_hunger= 59.0  avg_energy= 55.2  hungry=3  social_events=0  contested_food=3%
[16:29:10.982] [GENERATION_STATS    ]          | max_gen=1  avg_gen=0.3  total_births=2
[16:29:10.983] [ECOLOGY_SNAPSHOT    ]          | bonded_pairs=2  avg_best_bond=12.9  top=[ECHO-03<->ECHO-06:26.5  ECHO-04<->ECHO-05:23.3  ECHO-04<->ECHO-13:1.9]  lineages=[97b5071ex1  d1b7abb3x1]
[16:29:12.514] [STATE_CHANGE        ] ECHO-05  | SEEK_PARTNER (7.2s) -> SEEK_FOOD  [emergency_hunger]  h=80 e=47 s=0  tgt=152px
[16:29:12.515] [MIGRATION_DECISION  ] ECHO-05  | avoided contested zone  chose (895,127)
[16:29:12.515] [TARGET_SWITCH       ] ECHO-05  | (620,203) -> (895,127)
[16:29:12.515] [FOOD_CLAIM          ] ECHO-05  | food at (895,127)
[16:29:13.266] [STATE_CHANGE        ] ECHO-06  | WANDER (8.8s) -> SEEK_FOOD  [normal]  h=55 e=100 s=34
[16:29:13.266] [FOOD_CLAIM          ] ECHO-06  | food at (984,516)
[16:29:14.500] [FOOD_FOUND          ] ECHO-14  | ate at (960, 443)  total=1
[16:29:14.517] [MIGRATION_DECISION  ] ECHO-14  | avoided contested zone  chose (809,527)
[16:29:14.519] [FOOD_CLAIM          ] ECHO-14  | food at (809,527)
[16:29:15.997] [STATS               ]          | pop=6  avg_hunger= 70.1  avg_energy= 50.0  hungry=4  social_events=0  contested_food=7%
[16:29:15.997] [GENERATION_STATS    ]          | max_gen=1  avg_gen=0.3  total_births=2
[16:29:15.997] [ECOLOGY_SNAPSHOT    ]          | bonded_pairs=2  avg_best_bond=13.1  top=[ECHO-03<->ECHO-06:27.0  ECHO-04<->ECHO-05:23.3  ECHO-04<->ECHO-13:1.9]  lineages=[97b5071ex1  d1b7abb3x1]
[16:29:16.938] [FOOD_FOUND          ] ECHO-13  | ate at (204, 240)  total=7
[16:29:16.954] [FOOD_CLAIM          ] ECHO-13  | food at (174,234)
[16:29:17.597] [STATE_CHANGE        ] ECHO-03  | WANDER (7.6s) -> SEEK_PARTNER  [partner_separated]  h=53 e=99 s=39
[16:29:18.247] [FOOD_FOUND          ] ECHO-06  | ate at (990, 508)  total=18
[16:29:18.265] [STATE_CHANGE        ] ECHO-06  | SEEK_FOOD (5.0s) -> WANDER  [normal]  h=35 e=96 s=26
[16:29:19.080] [DEATH               ] ECHO-13  | cause=exhaustion | lifespan=83.9s | state=SEEK_FOOD | hunger=73.6 | energy=0.0
--------------------------------------------------------------
  LIFE SUMMARY  –  ECHO-13
  Lifespan            : 83.9s
  Cause of death      : exhaustion
  Food eaten          : 7
  Distance travelled  : 927 px
  Social interactions : 0
  Time resting        : 4.3s
  Time socializing    : 27.5s
  Time seeking food   : 34.6s
  Dominant state      : SEEK_FOOD
  Best bond           : ECHO-04  (affinity=9.5)
  Peak bond (memory)  : 9.6
  Personality         : risk=0.61  lazy=0.29  social=0.59  greed=0.49
  Generation          : 1
  Lineage             : 97b5071e
  Offspring produced  : 0
--------------------------------------------------------------
[16:29:19.083] [FOOD_CLAIM_RELEASE  ] ECHO-13  | food at (174,234)
[16:29:19.265] [STATE_CHANGE        ] ECHO-04  | SEEK_PARTNER (11.0s) -> SEEK_FOOD  [emergency_hunger]  h=80 e=29 s=0  tgt=202px
[16:29:19.266] [MIGRATION_DECISION  ] ECHO-04  | avoided contested zone  chose (612,279)
[16:29:19.266] [TARGET_SWITCH       ] ECHO-04  | (886,132) -> (612,279)
[16:29:19.266] [FOOD_CLAIM          ] ECHO-04  | food at (612,279)
[16:29:19.332] [FOOD_FOUND          ] ECHO-05  | ate at (886, 132)  total=18
[16:29:19.349] [FOOD_CLAIM          ] ECHO-05  | food at (891,99)
[16:29:19.615] [STATE_CHANGE        ] ECHO-03  | SEEK_PARTNER (2.0s) -> WANDER  [normal]  h=61 e=98 s=36  tgt=111px
[16:29:20.997] [STATS               ]          | pop=5  avg_hunger= 68.2  avg_energy= 52.1  hungry=4  social_events=0  contested_food=5%
[16:29:20.997] [GENERATION_STATS    ]          | max_gen=1  avg_gen=0.2  total_births=2
[16:29:20.998] [ECOLOGY_SNAPSHOT    ]          | bonded_pairs=2  avg_best_bond=17.5  top=[ECHO-03<->ECHO-06:27.2  ECHO-04<->ECHO-05:23.3  ECHO-06<->ECHO-14:1.9]  lineages=[d1b7abb3x1]
[16:29:21.623] [STATE_CHANGE        ] ECHO-03  | WANDER (2.0s) -> SEEK_FOOD  [normal]  h=68 e=100 s=33
[16:29:21.623] [FOOD_CLAIM          ] ECHO-03  | food at (972,445)
[16:29:21.938] [FOOD_FOUND          ] ECHO-05  | ate at (890, 109)  total=19
[16:29:21.954] [SEEK_PARTNER        ] ECHO-05  | with ECHO-04  dist=269px
[16:29:21.954] [STATE_CHANGE        ] ECHO-05  | SEEK_FOOD (9.4s) -> SEEK_PARTNER  [partner_separated]  h=40 e=20 s=0
[16:29:22.285] [SURVIVAL_DECISION   ] ECHO-05  | emergency_rest | energy=20.0
[16:29:22.285] [STATE_CHANGE        ] ECHO-05  | SEEK_PARTNER (0.3s) -> REST  [emergency_rest]  h=42 e=20 s=0  tgt=274px
[16:29:22.285] [REST_REASON         ] ECHO-05  | emergency_rest | energy=20.0
[16:29:22.301] [STATE_CHANGE        ] ECHO-05  | REST (0.0s) -> SEEK_PARTNER  [partner_separated]  h=42 e=20 s=0
[16:29:22.599] [STATE_CHANGE        ] ECHO-05  | SEEK_PARTNER (0.3s) -> REST  [emergency_rest]  h=43 e=20 s=0  tgt=279px
[16:29:22.599] [REST_REASON         ] ECHO-05  | emergency_rest | energy=20.0
[16:29:22.616] [STATE_CHANGE        ] ECHO-05  | REST (0.0s) -> SEEK_PARTNER  [partner_separated]  h=43 e=20 s=0
[16:29:22.912] [STATE_CHANGE        ] ECHO-05  | SEEK_PARTNER (0.3s) -> REST  [emergency_rest]  h=44 e=20 s=0  tgt=283px
[16:29:22.913] [REST_REASON         ] ECHO-05  | emergency_rest | energy=20.0
[16:29:22.929] [STATE_CHANGE        ] ECHO-05  | REST (0.0s) -> SEEK_PARTNER  [partner_separated]  h=44 e=20 s=0
[16:29:23.214] [STATE_CHANGE        ] ECHO-05  | SEEK_PARTNER (0.3s) -> REST  [emergency_rest]  h=46 e=20 s=0  tgt=286px
[16:29:23.214] [REST_REASON         ] ECHO-05  | emergency_rest | energy=20.0
[16:29:23.230] [STATE_CHANGE        ] ECHO-05  | REST (0.0s) -> SEEK_PARTNER  [partner_separated]  h=46 e=20 s=0
[16:29:23.510] [STATE_CHANGE        ] ECHO-05  | SEEK_PARTNER (0.3s) -> REST  [emergency_rest]  h=47 e=20 s=0  tgt=288px
[16:29:23.511] [REST_REASON         ] ECHO-05  | emergency_rest | energy=20.0
[16:29:23.527] [STATE_CHANGE        ] ECHO-05  | REST (0.0s) -> SEEK_PARTNER  [partner_separated]  h=47 e=20 s=0
[16:29:23.748] [STATE_CHANGE        ] ECHO-06  | WANDER (5.5s) -> SEEK_FOOD  [normal]  h=55 e=96 s=18
[16:29:23.749] [FOOD_CLAIM          ] ECHO-06  | food at (952,479)
[16:29:23.833] [STATE_CHANGE        ] ECHO-05  | SEEK_PARTNER (0.3s) -> REST  [emergency_rest]  h=48 e=20 s=0  tgt=290px
[16:29:23.833] [REST_REASON         ] ECHO-05  | emergency_rest | energy=20.0
[16:29:23.849] [STATE_CHANGE        ] ECHO-05  | REST (0.0s) -> SEEK_PARTNER  [partner_separated]  h=48 e=20 s=0
[16:29:24.132] [STATE_CHANGE        ] ECHO-05  | SEEK_PARTNER (0.3s) -> REST  [emergency_rest]  h=49 e=20 s=0  tgt=291px
[16:29:24.133] [REST_REASON         ] ECHO-05  | emergency_rest | energy=20.0
[16:29:24.148] [STATE_CHANGE        ] ECHO-05  | REST (0.0s) -> SEEK_PARTNER  [partner_separated]  h=49 e=20 s=0
[16:29:24.449] [STATE_CHANGE        ] ECHO-05  | SEEK_PARTNER (0.3s) -> REST  [emergency_rest]  h=50 e=20 s=0  tgt=291px
[16:29:24.449] [REST_REASON         ] ECHO-05  | emergency_rest | energy=20.0
[16:29:24.465] [STATE_CHANGE        ] ECHO-05  | REST (0.0s) -> SEEK_PARTNER  [partner_separated]  h=51 e=20 s=0
[16:29:24.749] [FOOD_FOUND          ] ECHO-03  | ate at (981, 442)  total=19
[16:29:24.765] [FOOD_CONTEST        ] ECHO-03  | food at (952,479)
[16:29:24.765] [STATE_CHANGE        ] ECHO-05  | SEEK_PARTNER (0.3s) -> REST  [emergency_rest]  h=52 e=20 s=0  tgt=291px
[16:29:24.766] [REST_REASON         ] ECHO-05  | emergency_rest | energy=20.0
[16:29:24.781] [STATE_CHANGE        ] ECHO-05  | REST (0.0s) -> SEEK_PARTNER  [partner_separated]  h=52 e=20 s=0
[16:29:25.062] [STATE_CHANGE        ] ECHO-05  | SEEK_PARTNER (0.3s) -> REST  [emergency_rest]  h=53 e=20 s=0  tgt=291px
[16:29:25.062] [REST_REASON         ] ECHO-05  | emergency_rest | energy=20.0
[16:29:25.078] [STATE_CHANGE        ] ECHO-05  | REST (0.0s) -> SEEK_PARTNER  [partner_separated]  h=53 e=20 s=0
[16:29:25.360] [STATE_CHANGE        ] ECHO-05  | SEEK_PARTNER (0.3s) -> REST  [emergency_rest]  h=54 e=20 s=0  tgt=291px
[16:29:25.360] [REST_REASON         ] ECHO-05  | emergency_rest | energy=20.0
[16:29:25.377] [STATE_CHANGE        ] ECHO-05  | REST (0.0s) -> SEEK_PARTNER  [partner_separated]  h=54 e=20 s=0
[16:29:25.655] [STATE_CHANGE        ] ECHO-05  | SEEK_PARTNER (0.3s) -> REST  [emergency_rest]  h=55 e=20 s=0  tgt=290px
[16:29:25.655] [REST_REASON         ] ECHO-05  | emergency_rest | energy=20.0
[16:29:25.752] [FOOD_CONTEST        ] ECHO-06  | food at (952,479)
[16:29:25.818] [FOOD_FOUND          ] ECHO-04  | ate at (618, 272)  total=18
[16:29:25.999] [STATS               ]          | pop=5  avg_hunger= 65.4  avg_energy= 45.1  hungry=4  social_events=0  contested_food=3%
[16:29:26.000] [GENERATION_STATS    ]          | max_gen=1  avg_gen=0.2  total_births=2
[16:29:26.000] [ECOLOGY_SNAPSHOT    ]          | bonded_pairs=2  avg_best_bond=17.6  top=[ECHO-03<->ECHO-06:27.5  ECHO-04<->ECHO-05:23.3  ECHO-06<->ECHO-14:1.9]  lineages=[d1b7abb3x1]
[16:29:26.280] [NESTING             ] ECHO-06  | with ECHO-03  dist=70px
[16:29:26.660] [FOOD_FOUND          ] ECHO-03  | ate at (958, 471)  total=20
[16:29:26.660] [RIVALRY             ] ECHO-03  | with ECHO-06  | affinity=  27.2 (Δ-0.4)
[16:29:26.676] [STATE_CHANGE        ] ECHO-03  | SEEK_FOOD (5.1s) -> SOCIALIZE  [normal]  h=16 e=93 s=25
[16:29:27.670] [STATE_CHANGE        ] ECHO-05  | REST (2.0s) -> SEEK_FOOD  [normal]  h=63 e=56 s=0
[16:29:27.671] [FOOD_CLAIM          ] ECHO-05  | food at (923,144)
[16:29:29.291] [FOOD_CLAIM          ] ECHO-06  | food at (925,220)
[16:29:29.818] [STATE_CHANGE        ] ECHO-03  | SOCIALIZE (3.1s) -> WANDER  [normal]  h=19 e=100 s=50  tgt=19px
[16:29:30.852] [FOOD_FOUND          ] ECHO-05  | ate at (913, 140)  total=20
[16:29:30.868] [STATE_CHANGE        ] ECHO-05  | SEEK_FOOD (3.2s) -> SEEK_PARTNER  [partner_separated]  h=41 e=47 s=0
[16:29:31.001] [STATS               ]          | pop=5  avg_hunger= 64.4  avg_energy= 49.4  hungry=3  social_events=0  contested_food=3%
[16:29:31.001] [GENERATION_STATS    ]          | max_gen=1  avg_gen=0.2  total_births=2
[16:29:31.001] [ECOLOGY_SNAPSHOT    ]          | bonded_pairs=2  avg_best_bond=17.7  top=[ECHO-03<->ECHO-06:28.1  ECHO-04<->ECHO-05:23.3  ECHO-06<->ECHO-14:1.8]  lineages=[d1b7abb3x1]
[16:29:32.963] [DEATH               ] ECHO-14  | cause=starvation | lifespan=33.5s | state=SEEK_FOOD | hunger=100.0 | energy=0.0
--------------------------------------------------------------
  LIFE SUMMARY  –  ECHO-14
  Lifespan            : 33.5s
  Cause of death      : starvation
  Food eaten          : 1
  Distance travelled  : 377 px
  Social interactions : 0
  Time resting        : 0.0s
  Time socializing    : 0.0s
  Time seeking food   : 25.0s
  Dominant state      : SEEK_FOOD
  Best bond           : ECHO-06  (affinity=1.8)
  Peak bond (memory)  : 1.9
  Personality         : risk=0.56  lazy=0.66  social=0.50  greed=0.38
  Generation          : 1
  Lineage             : d1b7abb3
  Offspring produced  : 0
--------------------------------------------------------------
[16:29:32.965] [FOOD_CLAIM_RELEASE  ] ECHO-14  | food at (809,527)
[16:29:33.095] [IDLE_ENTER          ] ECHO-03  | pausing for 4.1s
[16:29:35.566] [DEATH               ] ECHO-04  | cause=starvation | lifespan=214.9s | state=SEEK_FOOD | hunger=100.0 | energy=0.0
--------------------------------------------------------------
  LIFE SUMMARY  –  ECHO-04
  Lifespan            : 214.9s
  Cause of death      : starvation
  Food eaten          : 18
  Distance travelled  : 3701 px
  Social interactions : 1
  Time resting        : 2.2s
  Time socializing    : 23.6s
  Time seeking food   : 77.6s
  Dominant state      : WANDER
  Best bond           : ECHO-05  (affinity=23.3)
  Peak bond (memory)  : 23.4
  Personality         : risk=0.36  lazy=0.48  social=0.71  greed=0.34
  Generation          : 0
  Lineage             : 97b5071e
  Offspring produced  : 1
--------------------------------------------------------------
[16:29:35.568] [STATE_CHANGE        ] ECHO-05  | SEEK_PARTNER (4.7s) -> WANDER  [normal]  h=60 e=43 s=0  tgt=259px
[16:29:36.012] [STATS               ]          | pop=3  avg_hunger= 60.3  avg_energy= 80.5  hungry=2  social_events=0  contested_food=2%
[16:29:36.012] [GENERATION_STATS    ]          | max_gen=0  avg_gen=0.0  total_births=2
[16:29:36.013] [ECOLOGY_SNAPSHOT    ]          | bonded_pairs=1  avg_best_bond=28.6  top=[ECHO-03<->ECHO-06:28.6]  lineages=[none]
[16:29:36.331] [IDLE_ENTER          ] ECHO-05  | pausing for 1.7s
[16:29:37.113] [STATE_CHANGE        ] ECHO-03  | WANDER (7.3s) -> SEEK_PARTNER  [partner_separated]  h=38 e=99 s=39
[16:29:37.578] [STATE_CHANGE        ] ECHO-05  | WANDER (2.0s) -> SEEK_FOOD  [normal]  h=68 e=40 s=0
[16:29:37.579] [MIGRATION_DECISION  ] ECHO-05  | avoided contested zone  chose (935,107)
[16:29:37.579] [FOOD_CLAIM          ] ECHO-05  | food at (935,107)
[16:29:39.164] [STATE_CHANGE        ] ECHO-03  | SEEK_PARTNER (2.1s) -> WANDER  [normal]  h=46 e=97 s=36  tgt=139px
[16:29:40.395] [FOOD_FOUND          ] ECHO-06  | ate at (927, 230)  total=19
[16:29:40.412] [FOOD_CLAIM          ] ECHO-06  | food at (949,174)
[16:29:40.719] [MIGRATION_DECISION  ] ECHO-05  | avoided contested zone  chose (927,72)
[16:29:40.721] [TARGET_SWITCH       ] ECHO-05  | (935,107) -> (927,72)
[16:29:40.721] [FOOD_CLAIM          ] ECHO-05  | food at (927,72)
[16:29:41.020] [STATS               ]          | pop=3  avg_hunger= 67.5  avg_energy= 70.5  hungry=2  social_events=0  contested_food=5%
[16:29:41.020] [GENERATION_STATS    ]          | max_gen=0  avg_gen=0.0  total_births=2
[16:29:41.020] [ECOLOGY_SNAPSHOT    ]          | bonded_pairs=1  avg_best_bond=14.5  top=[ECHO-03<->ECHO-06:28.6  ECHO-05<->ECHO-06:0.3]  lineages=[none]
[16:29:41.482] [STATE_CHANGE        ] ECHO-03  | WANDER (2.3s) -> SEEK_FOOD  [normal]  h=55 e=94 s=33
[16:29:41.482] [FOOD_CLAIM          ] ECHO-03  | food at (986,192)
[16:29:44.033] [FOOD_FOUND          ] ECHO-06  | ate at (946, 183)  total=20
[16:29:44.049] [FOOD_CLAIM          ] ECHO-06  | food at (938,166)
[16:29:44.610] [FOOD_FOUND          ] ECHO-05  | ate at (924, 81)  total=21
[16:29:44.629] [FOOD_CLAIM          ] ECHO-05  | food at (946,96)
[16:29:45.402] [FOOD_FOUND          ] ECHO-06  | ate at (942, 175)  total=21
[16:29:45.418] [STATE_CHANGE        ] ECHO-06  | SEEK_FOOD (21.7s) -> SOCIALIZE  [normal]  h=10 e=87 s=0
[16:29:45.913] [FOOD_FOUND          ] ECHO-03  | ate at (982, 201)  total=21
[16:29:45.931] [STATE_CHANGE        ] ECHO-03  | SEEK_FOOD (4.4s) -> WANDER  [normal]  h=32 e=97 s=26
[16:29:46.029] [STATS               ]          | pop=3  avg_hunger= 36.7  avg_energy= 67.4  hungry=1  social_events=0  contested_food=2%
[16:29:46.031] [GENERATION_STATS    ]          | max_gen=0  avg_gen=0.0  total_births=2
[16:29:46.032] [ECOLOGY_SNAPSHOT    ]          | bonded_pairs=1  avg_best_bond=15.1  top=[ECHO-03<->ECHO-06:29.4  ECHO-05<->ECHO-06:0.8]  lineages=[none]
[16:29:46.279] [NESTING             ] ECHO-06  | with ECHO-03  dist=37px
[16:29:46.877] [FOOD_FOUND          ] ECHO-05  | ate at (937, 90)  total=22
[16:29:46.894] [FOOD_CLAIM          ] ECHO-05  | food at (947,100)
[16:29:47.681] [FOOD_FOUND          ] ECHO-05  | ate at (940, 93)  total=23
[16:29:47.697] [STATE_CHANGE        ] ECHO-05  | SEEK_FOOD (10.1s) -> REST  [normal]  h=3 e=12 s=0
[16:29:47.697] [REST_REASON         ] ECHO-05  | low_energy | energy=11.8 laziness=0.36
[16:29:47.947] [STATE_CHANGE        ] ECHO-03  | WANDER (2.0s) -> SOCIALIZE  [normal]  h=36 e=100 s=23
[16:29:47.947] [COOPERATIVE_SURVIVAL] ECHO-06  | with ECHO-03  mutual_affinity=30.5
[16:29:50.124] [STATE_CHANGE        ] ECHO-05  | REST (2.4s) -> SOCIALIZE  [normal]  h=13 e=55 s=0
[16:29:51.032] [STATS               ]          | pop=3  avg_hunger= 23.1  avg_energy= 84.8  hungry=0  social_events=0  contested_food=0%
[16:29:51.032] [GENERATION_STATS    ]          | max_gen=0  avg_gen=0.0  total_births=2
[16:29:51.033] [ECOLOGY_SNAPSHOT    ]          | bonded_pairs=1  avg_best_bond=17.3  top=[ECHO-03<->ECHO-06:33.2  ECHO-05<->ECHO-06:1.3  ECHO-03<->ECHO-05:0.5]  lineages=[none]
[16:29:51.332] [STATE_CHANGE        ] ECHO-03  | SOCIALIZE (3.4s) -> WANDER  [normal]  h=39 e=100 s=50  tgt=1px
[16:29:51.562] [IDLE_ENTER          ] ECHO-03  | pausing for 3.6s
[16:29:51.678] [STATE_CHANGE        ] ECHO-06  | SOCIALIZE (6.3s) -> WANDER  [normal]  h=15 e=100 s=50  tgt=3px
[16:29:51.775] [SOCIAL              ] ECHO-05  | interacting with ECHO-06  total=4
[16:29:55.031] [BOND_STRENGTHENED   ] ECHO-06  | with ECHO-05  tier=3  mutual=3.0
[16:29:56.040] [STATS               ]          | pop=3  avg_hunger= 34.1  avg_energy= 82.8  hungry=0  social_events=1  contested_food=0%
[16:29:56.040] [GENERATION_STATS    ]          | max_gen=0  avg_gen=0.0  total_births=2
[16:29:56.040] [ECOLOGY_SNAPSHOT    ]          | bonded_pairs=1  avg_best_bond=17.9  top=[ECHO-03<->ECHO-06:34.0  ECHO-05<->ECHO-06:1.8  ECHO-03<->ECHO-05:0.9]  lineages=[none]
[16:29:58.032] [STATE_CHANGE        ] ECHO-05  | SOCIALIZE (7.9s) -> WANDER  [normal]  h=35 e=46 s=50  tgt=35px
[16:29:58.148] [STATE_CHANGE        ] ECHO-03  | WANDER (6.8s) -> SEEK_FOOD  [normal]  h=55 e=100 s=40
[16:29:58.149] [FOOD_CLAIM          ] ECHO-03  | food at (947,104)
[16:29:58.149] [FOOD_FOUND          ] ECHO-03  | ate at (946, 111)  total=22
[16:29:58.165] [FOOD_CLAIM          ] ECHO-03  | food at (935,107)
[16:29:58.395] [FOOD_FOUND          ] ECHO-03  | ate at (945, 109)  total=23
[16:29:58.412] [FOOD_CLAIM          ] ECHO-03  | food at (960,123)
[16:29:59.478] [FOOD_FOUND          ] ECHO-03  | ate at (953, 116)  total=24
[16:29:59.495] [FOOD_CLAIM          ] ECHO-03  | food at (966,121)
[16:29:59.946] [FOOD_FOUND          ] ECHO-03  | ate at (957, 118)  total=25
[16:29:59.963] [FOOD_CLAIM          ] ECHO-03  | food at (965,126)
[16:30:00.114] [FOOD_FOUND          ] ECHO-03  | ate at (958, 119)  total=26
[16:30:00.131] [FOOD_CLAIM          ] ECHO-03  | food at (965,128)
[16:30:00.164] [FOOD_CLAIM_RELEASE  ] ECHO-03  | food at (965,128)
[16:30:00.164] [STATE_CHANGE        ] ECHO-03  | SEEK_FOOD (2.0s) -> WANDER  [normal]  h=0 e=100 s=37  tgt=11px
[16:30:01.043] [STATS               ]          | pop=3  avg_hunger= 28.9  avg_energy= 80.8  hungry=0  social_events=0  contested_food=0%
[16:30:01.044] [GENERATION_STATS    ]          | max_gen=0  avg_gen=0.0  total_births=2
[16:30:01.045] [ECOLOGY_SNAPSHOT    ]          | bonded_pairs=1  avg_best_bond=18.4  top=[ECHO-03<->ECHO-06:34.5  ECHO-05<->ECHO-06:2.2  ECHO-03<->ECHO-05:1.4]  lineages=[none]
[16:30:02.969] [STATE_CHANGE        ] ECHO-05  | WANDER (4.9s) -> SEEK_FOOD  [normal]  h=55 e=40 s=43
[16:30:02.969] [FOOD_CLAIM          ] ECHO-05  | food at (971,166)
[16:30:04.427] [FOOD_FOUND          ] ECHO-05  | ate at (972, 176)  total=24
[16:30:04.443] [FOOD_CLAIM          ] ECHO-05  | food at (984,166)
[16:30:04.974] [FOOD_CLAIM_RELEASE  ] ECHO-05  | food at (984,166)
[16:30:04.974] [STATE_CHANGE        ] ECHO-05  | SEEK_FOOD (2.0s) -> WANDER  [normal]  h=28 e=34 s=40  tgt=12px
[16:30:06.047] [STATS               ]          | pop=3  avg_hunger= 31.3  avg_energy= 77.7  hungry=0  social_events=0  contested_food=0%
[16:30:06.047] [GENERATION_STATS    ]          | max_gen=0  avg_gen=0.0  total_births=2
[16:30:06.048] [ECOLOGY_SNAPSHOT    ]          | bonded_pairs=1  avg_best_bond=18.7  top=[ECHO-03<->ECHO-06:35.0  ECHO-05<->ECHO-06:2.4  ECHO-03<->ECHO-05:1.6]  lineages=[none]
[16:30:06.197] [IDLE_ENTER          ] ECHO-03  | pausing for 4.8s
[16:30:07.916] [STATE_CHANGE        ] ECHO-06  | WANDER (16.2s) -> SEEK_FOOD  [normal]  h=55 e=100 s=26
[16:30:07.916] [FOOD_CLAIM          ] ECHO-06  | food at (903,135)
[16:30:08.380] [STATE_CHANGE        ] ECHO-05  | WANDER (3.4s) -> REST  [normal]  h=42 e=30 s=35
[16:30:08.381] [REST_REASON         ] ECHO-05  | low_energy | energy=30.4 laziness=0.36
[16:30:10.180] [FOOD_FOUND          ] ECHO-06  | ate at (909, 127)  total=22
[16:30:10.198] [STATE_CHANGE        ] ECHO-06  | SEEK_FOOD (2.3s) -> WANDER  [normal]  h=29 e=95 s=22
[16:30:10.381] [STATE_CHANGE        ] ECHO-03  | WANDER (10.2s) -> SEEK_PARTNER  [partner_separated]  h=29 e=97 s=21
[16:30:10.382] [STATE_CHANGE        ] ECHO-05  | REST (2.0s) -> WANDER  [normal]  h=50 e=66 s=32
[16:30:10.382] [SEEK_PARTNER        ] ECHO-06  | with ECHO-03  dist=140px
[16:30:10.382] [STATE_CHANGE        ] ECHO-06  | WANDER (0.2s) -> SEEK_PARTNER  [partner_separated]  h=30 e=94 s=22
[16:30:11.048] [STATS               ]          | pop=3  avg_hunger= 38.8  avg_energy= 85.3  hungry=0  social_events=0  contested_food=0%
[16:30:11.048] [GENERATION_STATS    ]          | max_gen=0  avg_gen=0.0  total_births=2
[16:30:11.048] [ECOLOGY_SNAPSHOT    ]          | bonded_pairs=1  avg_best_bond=19.0  top=[ECHO-03<->ECHO-06:35.2  ECHO-05<->ECHO-06:2.9  ECHO-03<->ECHO-05:1.6]  lineages=[none]
[16:30:11.483] [IDLE_ENTER          ] ECHO-05  | pausing for 2.0s
[16:30:12.116] [STATE_CHANGE        ] ECHO-03  | SEEK_PARTNER (1.7s) -> WANDER  [partner_regroup]  h=35 e=98 s=19  tgt=84px
[16:30:12.116] [STATE_CHANGE        ] ECHO-06  | SEEK_PARTNER (1.7s) -> WANDER  [partner_regroup]  h=36 e=95 s=19  tgt=84px
[16:30:12.383] [STATE_CHANGE        ] ECHO-05  | WANDER (2.0s) -> SEEK_FOOD  [normal]  h=57 e=65 s=29
[16:30:12.383] [FOOD_CLAIM          ] ECHO-05  | food at (954,166)
[16:30:14.607] [FOOD_FOUND          ] ECHO-05  | ate at (953, 176)  total=25
[16:30:14.625] [STATE_CHANGE        ] ECHO-05  | SEEK_FOOD (2.2s) -> WANDER  [normal]  h=30 e=64 s=25
[16:30:16.054] [STATS               ]          | pop=3  avg_hunger= 44.5  avg_energy= 88.5  hungry=0  social_events=0  contested_food=0%
[16:30:16.054] [GENERATION_STATS    ]          | max_gen=0  avg_gen=0.0  total_births=2
[16:30:16.054] [ECOLOGY_SNAPSHOT    ]          | bonded_pairs=1  avg_best_bond=19.5  top=[ECHO-03<->ECHO-06:35.6  ECHO-05<->ECHO-06:3.4  ECHO-03<->ECHO-05:1.6]  lineages=[none]
[16:30:16.452] [STATE_CHANGE        ] ECHO-03  | WANDER (4.3s) -> SEEK_PARTNER  [partner_separated]  h=51 e=99 s=12
[16:30:16.452] [STATE_CHANGE        ] ECHO-06  | WANDER (4.3s) -> SEEK_PARTNER  [partner_separated]  h=51 e=100 s=13
[16:30:16.634] [STATE_CHANGE        ] ECHO-05  | WANDER (2.0s) -> SOCIALIZE  [normal]  h=37 e=67 s=22
[16:30:16.935] [BEST_FRIEND         ] ECHO-05  | with ECHO-06  | affinity=   8.0
[16:30:17.152] [PAIR_BOND           ] ECHO-06  | with ECHO-05  mutual_affinity=5.8
[16:30:17.631] [BOND_STRENGTHENED   ] ECHO-06  | with ECHO-05  tier=6  mutual=6.0
[16:30:18.463] [STATE_CHANGE        ] ECHO-03  | SEEK_PARTNER (2.0s) -> WANDER  [normal]  h=58 e=100 s=9  tgt=75px
[16:30:18.464] [STATE_CHANGE        ] ECHO-06  | SEEK_PARTNER (2.0s) -> WANDER  [normal]  h=58 e=100 s=10  tgt=74px
[16:30:20.480] [STATE_CHANGE        ] ECHO-03  | WANDER (2.0s) -> SEEK_FOOD  [normal]  h=63 e=100 s=6
[16:30:20.481] [FOOD_CLAIM          ] ECHO-03  | food at (931,126)
[16:30:20.482] [STATE_CHANGE        ] ECHO-06  | WANDER (2.0s) -> SEEK_FOOD  [normal]  h=63 e=100 s=7
[16:30:20.482] [FOOD_CLAIM          ] ECHO-06  | food at (976,100)
[16:30:20.743] [SOCIAL              ] ECHO-05  | interacting with ECHO-06  total=5
[16:30:21.067] [STATS               ]          | pop=3  avg_hunger= 58.8  avg_energy= 90.8  hungry=2  social_events=1  contested_food=3%
[16:30:21.068] [GENERATION_STATS    ]          | max_gen=0  avg_gen=0.0  total_births=2
[16:30:21.068] [ECOLOGY_SNAPSHOT    ]          | bonded_pairs=1  avg_best_bond=19.9  top=[ECHO-03<->ECHO-06:36.0  ECHO-05<->ECHO-06:3.9  ECHO-03<->ECHO-05:1.8]  lineages=[none]
[16:30:22.655] [FOOD_FOUND          ] ECHO-03  | ate at (925, 119)  total=27
[16:30:22.672] [STATE_CHANGE        ] ECHO-03  | SEEK_FOOD (2.2s) -> SOCIALIZE  [normal]  h=34 e=100 s=3
[16:30:22.737] [SOCIAL              ] ECHO-03  | interacting with ECHO-06  total=2
[16:30:23.100] [FOOD_FOUND          ] ECHO-06  | ate at (976, 90)  total=23
[16:30:23.116] [STATE_CHANGE        ] ECHO-06  | SEEK_FOOD (2.6s) -> SOCIALIZE  [normal]  h=34 e=100 s=3
[16:30:23.116] [COOPERATIVE_SURVIVAL] ECHO-06  | with ECHO-03  mutual_affinity=36.5
[16:30:24.234] [STATE_CHANGE        ] ECHO-05  | SOCIALIZE (7.6s) -> WANDER  [normal]  h=54 e=77 s=50  tgt=4px
[16:30:25.395] [NESTING             ] ECHO-06  | with ECHO-03  dist=7px
[16:30:26.070] [STATS               ]          | pop=3  avg_hunger= 44.4  avg_energy= 93.1  hungry=1  social_events=1  contested_food=0%
[16:30:26.070] [GENERATION_STATS    ]          | max_gen=0  avg_gen=0.0  total_births=2
[16:30:26.070] [ECOLOGY_SNAPSHOT    ]          | bonded_pairs=1  avg_best_bond=21.7  top=[ECHO-03<->ECHO-06:39.1  ECHO-05<->ECHO-06:4.4  ECHO-03<->ECHO-05:2.3]  lineages=[none]
[16:30:26.250] [STATE_CHANGE        ] ECHO-05  | WANDER (2.0s) -> SEEK_FOOD  [normal]  h=60 e=80 s=47
[16:30:26.270] [FOOD_CLAIM          ] ECHO-05  | food at (948,134)
[16:30:27.394] [FOOD_FOUND          ] ECHO-05  | ate at (945, 125)  total=26
[16:30:27.411] [FOOD_CLAIM          ] ECHO-05  | food at (946,136)
[16:30:27.560] [FOOD_FOUND          ] ECHO-05  | ate at (945, 126)  total=27
[16:30:27.577] [FOOD_CLAIM          ] ECHO-05  | food at (965,128)
[16:30:28.269] [FOOD_CLAIM_RELEASE  ] ECHO-05  | food at (965,128)
[16:30:28.270] [STATE_CHANGE        ] ECHO-05  | SEEK_FOOD (2.0s) -> WANDER  [normal]  h=2 e=79 s=44  tgt=13px
[16:30:28.630] [STATE_CHANGE        ] ECHO-03  | SOCIALIZE (6.0s) -> WANDER  [normal]  h=39 e=100 s=50  tgt=0px
[16:30:29.014] [STATE_CHANGE        ] ECHO-06  | SOCIALIZE (5.9s) -> WANDER  [normal]  h=39 e=100 s=50  tgt=5px
[16:30:31.079] [STATS               ]          | pop=3  avg_hunger= 33.1  avg_energy= 94.2  hungry=0  social_events=0  contested_food=0%
[16:30:31.079] [GENERATION_STATS    ]          | max_gen=0  avg_gen=0.0  total_births=2
[16:30:31.079] [ECOLOGY_SNAPSHOT    ]          | bonded_pairs=1  avg_best_bond=23.3  top=[ECHO-03<->ECHO-06:41.7  ECHO-05<->ECHO-06:4.8  ECHO-03<->ECHO-05:2.8]  lineages=[none]
[16:30:33.346] [BOND_STRENGTHENED   ] ECHO-05  | with ECHO-03  tier=3  mutual=3.0
[16:30:33.362] [STATE_CHANGE        ] ECHO-06  | WANDER (4.3s) -> SEEK_PARTNER  [partner_separated]  h=51 e=100 s=44
[16:30:33.378] [STATE_CHANGE        ] ECHO-03  | WANDER (4.7s) -> SEEK_PARTNER  [partner_separated]  h=52 e=99 s=43
[16:30:34.393] [IDLE_ENTER          ] ECHO-05  | pausing for 2.2s
[16:30:35.377] [STATE_CHANGE        ] ECHO-06  | SEEK_PARTNER (2.0s) -> WANDER  [normal]  h=58 e=100 s=40  tgt=75px
[16:30:35.393] [STATE_CHANGE        ] ECHO-03  | SEEK_PARTNER (2.0s) -> WANDER  [normal]  h=59 e=100 s=40  tgt=75px
[16:30:36.094] [STATS               ]          | pop=3  avg_hunger= 49.9  avg_energy= 96.4  hungry=2  social_events=0  contested_food=0%
[16:30:36.095] [GENERATION_STATS    ]          | max_gen=0  avg_gen=0.0  total_births=2
[16:30:36.095] [ECOLOGY_SNAPSHOT    ]          | bonded_pairs=1  avg_best_bond=23.7  top=[ECHO-03<->ECHO-06:42.0  ECHO-05<->ECHO-06:5.3  ECHO-03<->ECHO-05:3.1]  lineages=[none]
[16:30:37.101] [IDLE_ENTER          ] ECHO-06  | pausing for 1.6s
[16:30:37.379] [STATE_CHANGE        ] ECHO-06  | WANDER (2.0s) -> SEEK_FOOD  [normal]  h=63 e=100 s=37
[16:30:37.380] [FOOD_CLAIM          ] ECHO-06  | food at (941,148)
[16:30:37.396] [STATE_CHANGE        ] ECHO-03  | WANDER (2.0s) -> SEEK_FOOD  [normal]  h=64 e=100 s=37
[16:30:37.396] [FOOD_CLAIM          ] ECHO-03  | food at (990,108)
[16:30:37.962] [FOOD_FOUND          ] ECHO-03  | ate at (1000, 108)  total=28
[16:30:37.979] [FOOD_CLAIM          ] ECHO-03  | food at (986,111)
[16:30:38.461] [FOOD_FOUND          ] ECHO-03  | ate at (996, 108)  total=29
[16:30:38.478] [FOOD_CLAIM          ] ECHO-03  | food at (992,128)
[16:30:39.362] [FOOD_FOUND          ] ECHO-03  | ate at (993, 118)  total=30
[16:30:39.378] [FOOD_CLAIM          ] ECHO-03  | food at (993,128)
[16:30:39.394] [FOOD_FOUND          ] ECHO-03  | ate at (993, 118)  total=31
[16:30:39.409] [STATE_CHANGE        ] ECHO-03  | SEEK_FOOD (2.0s) -> WANDER  [normal]  h=0 e=100 s=34
[16:30:40.252] [BOND_STRENGTHENED   ] ECHO-06  | with ECHO-05  tier=10  mutual=10.0
[16:30:40.384] [FOOD_FOUND          ] ECHO-06  | ate at (937, 139)  total=24
[16:30:40.400] [FOOD_CLAIM          ] ECHO-06  | food at (960,141)
[16:30:41.079] [IDLE_ENTER          ] ECHO-05  | pausing for 2.3s
[16:30:41.096] [STATS               ]          | pop=3  avg_hunger= 29.6  avg_energy= 98.4  hungry=0  social_events=0  contested_food=2%
[16:30:41.096] [GENERATION_STATS    ]          | max_gen=0  avg_gen=0.0  total_births=2
[16:30:41.096] [ECOLOGY_SNAPSHOT    ]          | bonded_pairs=1  avg_best_bond=24.1  top=[ECHO-03<->ECHO-06:42.5  ECHO-05<->ECHO-06:5.8  ECHO-03<->ECHO-05:3.2]  lineages=[none]
[16:30:41.969] [FOOD_FOUND          ] ECHO-06  | ate at (950, 141)  total=25
[16:30:41.986] [STATE_CHANGE        ] ECHO-06  | SEEK_FOOD (4.6s) -> WANDER  [normal]  h=6 e=99 s=31
[16:30:42.583] [STATE_CHANGE        ] ECHO-05  | WANDER (14.3s) -> SOCIALIZE  [normal]  h=52 e=94 s=23
[16:30:44.920] [IDLE_ENTER          ] ECHO-03  | pausing for 3.5s
[16:30:46.097] [STATS               ]          | pop=3  avg_hunger= 34.9  avg_energy= 98.1  hungry=1  social_events=0  contested_food=0%
[16:30:46.097] [GENERATION_STATS    ]          | max_gen=0  avg_gen=0.0  total_births=2
[16:30:46.097] [ECOLOGY_SNAPSHOT    ]          | bonded_pairs=1  avg_best_bond=24.4  top=[ECHO-03<->ECHO-06:42.9  ECHO-05<->ECHO-06:5.8  ECHO-03<->ECHO-05:3.3]  lineages=[none]
[16:30:46.558] [SOCIAL              ] ECHO-05  | interacting with ECHO-03  total=6
[16:30:47.964] [PAIR_BOND           ] ECHO-05  | with ECHO-03  mutual_affinity=4.5
[16:30:49.990] [STATE_CHANGE        ] ECHO-05  | SOCIALIZE (7.4s) -> SEEK_FOOD  [normal]  h=71 e=99 s=50  tgt=9px
[16:30:49.990] [TARGET_SWITCH       ] ECHO-05  | (939,41) -> (975,113)
[16:30:49.990] [FOOD_CLAIM          ] ECHO-05  | food at (975,113)
[16:30:51.107] [STATS               ]          | pop=3  avg_hunger= 50.6  avg_energy= 99.7  hungry=1  social_events=1  contested_food=2%
[16:30:51.108] [GENERATION_STATS    ]          | max_gen=0  avg_gen=0.0  total_births=2
[16:30:51.109] [ECOLOGY_SNAPSHOT    ]          | bonded_pairs=2  avg_best_bond=24.6  top=[ECHO-03<->ECHO-06:43.0  ECHO-05<->ECHO-06:6.2  ECHO-03<->ECHO-05:3.8]  lineages=[none]
[16:30:51.747] [NESTING             ] ECHO-06  | with ECHO-03  dist=70px
[16:30:51.748] [STATE_CHANGE        ] ECHO-06  | WANDER (9.8s) -> SOCIALIZE  [normal]  h=40 e=100 s=16
[16:30:51.764] [STATE_CHANGE        ] ECHO-03  | WANDER (12.4s) -> SOCIALIZE  [normal]  h=41 e=100 s=15
[16:30:52.060] [SOCIAL              ] ECHO-03  | interacting with ECHO-06  total=3
[16:30:52.061] [SOCIAL              ] ECHO-06  | interacting with ECHO-03  total=4
[16:30:52.838] [FOOD_FOUND          ] ECHO-05  | ate at (971, 104)  total=28
[16:30:52.856] [FOOD_CLAIM          ] ECHO-05  | food at (965,128)
[16:30:53.136] [COOPERATIVE_SURVIVAL] ECHO-06  | with ECHO-03  mutual_affinity=44.5
[16:30:54.112] [FOOD_FOUND          ] ECHO-05  | ate at (968, 119)  total=29
[16:30:54.129] [STATE_CHANGE        ] ECHO-05  | SEEK_FOOD (4.1s) -> WANDER  [normal]  h=15 e=98 s=44
[16:30:56.115] [STATS               ]          | pop=3  avg_hunger= 36.9  avg_energy= 99.6  hungry=0  social_events=2  contested_food=0%
[16:30:56.115] [GENERATION_STATS    ]          | max_gen=0  avg_gen=0.0  total_births=2
[16:30:56.115] [ECOLOGY_SNAPSHOT    ]          | bonded_pairs=2  avg_best_bond=26.8  top=[ECHO-03<->ECHO-06:47.0  ECHO-05<->ECHO-06:6.6  ECHO-03<->ECHO-05:4.2]  lineages=[none]
[16:30:56.330] [STATE_CHANGE        ] ECHO-06  | SOCIALIZE (4.6s) -> WANDER  [normal]  h=44 e=100 s=50  tgt=1px
[16:30:56.395] [STATE_CHANGE        ] ECHO-03  | SOCIALIZE (4.6s) -> WANDER  [normal]  h=45 e=100 s=50  tgt=1px
[16:30:57.403] [STATE_CHANGE        ] ECHO-05  | WANDER (3.3s) -> SEEK_PARTNER  [partner_separated]  h=28 e=97 s=39
[16:30:59.413] [STATE_CHANGE        ] ECHO-05  | SEEK_PARTNER (2.0s) -> WANDER  [normal]  h=36 e=95 s=36  tgt=132px
[16:31:00.667] [STATE_CHANGE        ] ECHO-05  | WANDER (1.3s) -> SEEK_PARTNER  [partner_separated]  h=41 e=94 s=34
[16:31:01.130] [STATS               ]          | pop=3  avg_hunger= 50.1  avg_energy= 97.7  hungry=0  social_events=0  contested_food=0%
[16:31:01.130] [GENERATION_STATS    ]          | max_gen=0  avg_gen=0.0  total_births=2
[16:31:01.130] [ECOLOGY_SNAPSHOT    ]          | bonded_pairs=2  avg_best_bond=27.1  top=[ECHO-03<->ECHO-06:47.7  ECHO-05<->ECHO-06:6.5  ECHO-03<->ECHO-05:4.2]  lineages=[none]
[16:31:01.460] [IDLE_ENTER          ] ECHO-06  | pausing for 3.2s
[16:31:01.608] [STATE_CHANGE        ] ECHO-03  | WANDER (5.2s) -> SEEK_FOOD  [normal]  h=55 e=100 s=42
[16:31:01.609] [FOOD_CLAIM          ] ECHO-03  | food at (897,165)
[16:31:01.788] [STATE_CHANGE        ] ECHO-06  | WANDER (5.5s) -> SEEK_FOOD  [normal]  h=55 e=100 s=42
[16:31:01.788] [MIGRATION_DECISION  ] ECHO-06  | avoided contested zone  chose (913,162)
[16:31:01.788] [FOOD_CLAIM          ] ECHO-06  | food at (913,162)
[16:31:02.683] [STATE_CHANGE        ] ECHO-05  | SEEK_PARTNER (2.0s) -> WANDER  [normal]  h=49 e=93 s=31  tgt=106px
[16:31:04.696] [STATE_CHANGE        ] ECHO-05  | WANDER (2.0s) -> SEEK_FOOD  [normal]  h=55 e=95 s=28
[16:31:04.697] [MIGRATION_DECISION  ] ECHO-05  | avoided contested zone  chose (1028,11)
[16:31:04.697] [FOOD_CLAIM          ] ECHO-05  | food at (1028,11)
[16:31:06.133] [STATS               ]          | pop=3  avg_hunger= 62.8  avg_energy= 97.8  hungry=3  social_events=0  contested_food=5%
[16:31:06.133] [GENERATION_STATS    ]          | max_gen=0  avg_gen=0.0  total_births=2
[16:31:06.133] [ECOLOGY_SNAPSHOT    ]          | bonded_pairs=2  avg_best_bond=27.5  top=[ECHO-03<->ECHO-06:48.2  ECHO-05<->ECHO-06:6.8  ECHO-03<->ECHO-05:4.4]  lineages=[none]
[16:31:06.748] [FOOD_FOUND          ] ECHO-03  | ate at (891, 157)  total=32
[16:31:06.764] [STATE_CHANGE        ] ECHO-03  | SEEK_FOOD (5.2s) -> WANDER  [normal]  h=30 e=100 s=35
[16:31:09.457] [FOOD_FOUND          ] ECHO-05  | ate at (1018, 11)  total=30
[16:31:09.477] [STATE_CHANGE        ] ECHO-05  | SEEK_FOOD (4.3s) -> SEEK_PARTNER  [partner_separated]  h=37 e=86 s=22
[16:31:10.113] [FOOD_FOUND          ] ECHO-06  | ate at (907, 154)  total=26
[16:31:10.129] [FOOD_CLAIM          ] ECHO-06  | food at (946,184)
[16:31:11.698] [STATS               ]          | pop=3  avg_hunger= 41.7  avg_energy= 94.4  hungry=0  social_events=0  contested_food=2%
[16:31:11.698] [GENERATION_STATS    ]          | max_gen=0  avg_gen=0.0  total_births=2
[16:31:11.699] [ECOLOGY_SNAPSHOT    ]          | bonded_pairs=2  avg_best_bond=27.8  top=[ECHO-03<->ECHO-06:48.7  ECHO-05<->ECHO-06:6.8  ECHO-03<->ECHO-05:4.4]  lineages=[none]
[16:31:12.353] [STATE_CHANGE        ] ECHO-05  | SEEK_PARTNER (2.8s) -> WANDER  [normal]  h=48 e=83 s=17  tgt=139px
[16:31:13.304] [FOOD_FOUND          ] ECHO-06  | ate at (938, 178)  total=27
[16:31:13.333] [STATE_CHANGE        ] ECHO-06  | SEEK_FOOD (10.9s) -> WANDER  [normal]  h=10 e=99 s=25
[16:31:13.577] [STATE_CHANGE        ] ECHO-05  | WANDER (1.2s) -> SEEK_PARTNER  [partner_separated]  h=53 e=81 s=16
[16:31:15.578] [STATE_CHANGE        ] ECHO-05  | SEEK_PARTNER (2.0s) -> WANDER  [normal]  h=61 e=81 s=13  tgt=109px
[16:31:15.794] [STATE_CHANGE        ] ECHO-03  | WANDER (8.4s) -> SEEK_FOOD  [normal]  h=55 e=97 s=22
[16:31:15.795] [FOOD_CLAIM          ] ECHO-03  | food at (905,157)
[16:31:16.094] [IDLE_ENTER          ] ECHO-05  | pausing for 4.1s
[16:31:16.742] [STATS               ]          | pop=3  avg_hunger= 48.5  avg_energy= 92.9  hungry=2  social_events=0  contested_food=2%
[16:31:16.744] [GENERATION_STATS    ]          | max_gen=0  avg_gen=0.0  total_births=2
[16:31:16.744] [ECOLOGY_SNAPSHOT    ]          | bonded_pairs=2  avg_best_bond=28.0  top=[ECHO-03<->ECHO-06:49.0  ECHO-05<->ECHO-06:7.0  ECHO-03<->ECHO-05:4.4]  lineages=[none]
[16:31:17.072] [NESTING             ] ECHO-06  | with ECHO-03  dist=70px
[16:31:17.072] [STATE_CHANGE        ] ECHO-06  | WANDER (3.7s) -> SOCIALIZE  [normal]  h=24 e=100 s=20
[16:31:17.286] [SOCIAL              ] ECHO-06  | interacting with ECHO-03  total=5
[16:31:17.566] [BOND_STRENGTHENED   ] ECHO-05  | with ECHO-03  tier=6  mutual=6.0
[16:31:17.582] [STATE_CHANGE        ] ECHO-05  | WANDER (2.0s) -> SEEK_FOOD  [normal]  h=67 e=83 s=10
[16:31:17.582] [FOOD_CLAIM          ] ECHO-05  | food at (980,97)
[16:31:18.709] [FOOD_FOUND          ] ECHO-03  | ate at (896, 155)  total=33
[16:31:18.725] [STATE_CHANGE        ] ECHO-03  | SEEK_FOOD (2.9s) -> SOCIALIZE  [normal]  h=28 e=99 s=17
[16:31:19.158] [FOOD_FOUND          ] ECHO-05  | ate at (973, 90)  total=31
[16:31:19.175] [FOOD_CLAIM          ] ECHO-05  | food at (977,129)
[16:31:21.081] [STATE_CHANGE        ] ECHO-06  | SOCIALIZE (4.0s) -> WANDER  [normal]  h=27 e=100 s=50  tgt=2px
[16:31:21.140] [FOOD_FOUND          ] ECHO-05  | ate at (976, 119)  total=32
[16:31:21.157] [STATE_CHANGE        ] ECHO-05  | SEEK_FOOD (3.6s) -> WANDER  [normal]  h=10 e=82 s=4
[16:31:21.752] [STATS               ]          | pop=3  avg_hunger= 23.3  avg_energy= 94.3  hungry=0  social_events=1  contested_food=0%
[16:31:21.753] [GENERATION_STATS    ]          | max_gen=0  avg_gen=0.0  total_births=2
[16:31:21.753] [ECOLOGY_SNAPSHOT    ]          | bonded_pairs=2  avg_best_bond=29.6  top=[ECHO-03<->ECHO-06:51.7  ECHO-05<->ECHO-06:7.5  ECHO-03<->ECHO-05:4.8]  lineages=[none]
[16:31:21.768] [BEST_FRIEND         ] ECHO-05  | with ECHO-03  | affinity=   8.0
[16:31:22.801] [STATE_CHANGE        ] ECHO-03  | SOCIALIZE (4.1s) -> WANDER  [normal]  h=31 e=100 s=50  tgt=18px
[16:31:25.796] [STATE_CHANGE        ] ECHO-05  | WANDER (4.6s) -> SOCIALIZE  [normal]  h=25 e=88 s=0
[16:31:26.150] [SOCIAL              ] ECHO-05  | interacting with ECHO-06  total=7
[16:31:26.751] [STATS               ]          | pop=3  avg_hunger= 36.2  avg_energy= 97.1  hungry=0  social_events=1  contested_food=0%
[16:31:26.754] [GENERATION_STATS    ]          | max_gen=0  avg_gen=0.0  total_births=2
[16:31:26.754] [ECOLOGY_SNAPSHOT    ]          | bonded_pairs=2  avg_best_bond=30.4  top=[ECHO-03<->ECHO-06:52.8  ECHO-05<->ECHO-06:8.0  ECHO-03<->ECHO-05:5.1]  lineages=[none]
[16:31:27.335] [BEST_FRIEND         ] ECHO-06  | with ECHO-05  | affinity=   8.0
[16:31:29.914] [IDLE_ENTER          ] ECHO-06  | pausing for 3.5s
[16:31:30.848] [STATE_CHANGE        ] ECHO-03  | WANDER (7.3s) -> SEEK_FOOD  [normal]  h=55 e=96 s=39
[16:31:30.849] [FOOD_CLAIM          ] ECHO-03  | food at (946,215)
[16:31:31.817] [STATE_CHANGE        ] ECHO-06  | WANDER (9.8s) -> SEEK_FOOD  [normal]  h=55 e=100 s=35
[16:31:31.818] [MIGRATION_DECISION  ] ECHO-06  | avoided contested zone  chose (970,143)
[16:31:31.818] [FOOD_CLAIM          ] ECHO-06  | food at (970,143)
[16:31:32.682] [STATS               ]          | pop=3  avg_hunger= 49.7  avg_energy= 97.8  hungry=2  social_events=0  contested_food=3%
[16:31:32.682] [GENERATION_STATS    ]          | max_gen=0  avg_gen=0.0  total_births=2
[16:31:32.682] [ECOLOGY_SNAPSHOT    ]          | bonded_pairs=2  avg_best_bond=30.7  top=[ECHO-03<->ECHO-06:52.9  ECHO-05<->ECHO-06:8.4  ECHO-03<->ECHO-05:5.1]  lineages=[none]
[16:31:33.328] [STATE_CHANGE        ] ECHO-05  | SOCIALIZE (6.6s) -> WANDER  [normal]  h=31 e=100 s=50  tgt=23px
[16:31:34.878] [FOOD_FOUND          ] ECHO-06  | ate at (962, 138)  total=28
[16:31:34.893] [STATE_CHANGE        ] ECHO-06  | SEEK_FOOD (3.0s) -> WANDER  [normal]  h=30 e=99 s=31
[16:31:35.726] [REPRODUCTION_ATTEMPT] ECHO-05  | ECHO-05 + ECHO-06  affinity=21.0/8.7  dist=66px
[16:31:35.877] [FOOD_FOUND          ] ECHO-03  | ate at (937, 212)  total=34
[16:31:35.893] [FOOD_CLAIM          ] ECHO-03  | food at (984,166)
[16:31:37.081] [STATE_CHANGE        ] ECHO-06  | WANDER (2.2s) -> SOCIALIZE  [normal]  h=37 e=100 s=27
[16:31:37.684] [STATS               ]          | pop=3  avg_hunger= 39.9  avg_energy= 98.3  hungry=0  social_events=0  contested_food=2%
[16:31:37.684] [GENERATION_STATS    ]          | max_gen=0  avg_gen=0.0  total_births=2
[16:31:37.684] [ECOLOGY_SNAPSHOT    ]          | bonded_pairs=2  avg_best_bond=31.2  top=[ECHO-03<->ECHO-06:53.4  ECHO-05<->ECHO-06:8.9  ECHO-03<->ECHO-05:5.4]  lineages=[none]
[16:31:38.002] [NESTING             ] ECHO-06  | with ECHO-03  dist=24px
[16:31:38.300] [FOOD_FOUND          ] ECHO-03  | ate at (977, 173)  total=35
[16:31:38.316] [STATE_CHANGE        ] ECHO-03  | SEEK_FOOD (7.3s) -> WANDER  [normal]  h=7 e=96 s=28
[16:31:39.036] [STATE_CHANGE        ] ECHO-05  | WANDER (5.7s) -> SEEK_PARTNER  [partner_separated]  h=47 e=99 s=41
[16:31:39.917] [STATE_CHANGE        ] ECHO-06  | SOCIALIZE (2.8s) -> WANDER  [normal]  h=39 e=100 s=50  tgt=16px
[16:31:40.412] [STATE_CHANGE        ] ECHO-03  | WANDER (2.1s) -> SOCIALIZE  [normal]  h=12 e=100 s=25
[16:31:41.044] [STATE_CHANGE        ] ECHO-05  | SEEK_PARTNER (2.0s) -> WANDER  [normal]  h=54 e=100 s=38  tgt=115px
[16:31:42.697] [STATS               ]          | pop=3  avg_hunger= 39.2  avg_energy=100.0  hungry=1  social_events=0  contested_food=0%
[16:31:42.697] [GENERATION_STATS    ]          | max_gen=0  avg_gen=0.0  total_births=2
[16:31:42.698] [ECOLOGY_SNAPSHOT    ]          | bonded_pairs=2  avg_best_bond=32.1  top=[ECHO-03<->ECHO-06:55.2  ECHO-05<->ECHO-06:9.1  ECHO-03<->ECHO-05:5.6]  lineages=[none]
[16:31:43.045] [STATE_CHANGE        ] ECHO-05  | WANDER (2.0s) -> SEEK_FOOD  [normal]  h=61 e=100 s=35
[16:31:43.046] [FOOD_CLAIM          ] ECHO-05  | food at (1044,70)
[16:31:43.546] [STATE_CHANGE        ] ECHO-03  | SOCIALIZE (3.1s) -> WANDER  [normal]  h=14 e=100 s=50  tgt=31px
[16:31:43.996] [IDLE_ENTER          ] ECHO-06  | pausing for 2.0s
[16:31:45.229] [FOOD_FOUND          ] ECHO-05  | ate at (1035, 66)  total=33
[16:31:45.249] [STATE_CHANGE        ] ECHO-05  | SEEK_FOOD (2.2s) -> WANDER  [normal]  h=33 e=99 s=32
[16:31:48.032] [STATS               ]          | pop=3  avg_hunger= 39.5  avg_energy=100.0  hungry=0  social_events=0  contested_food=0%
[16:31:48.034] [GENERATION_STATS    ]          | max_gen=0  avg_gen=0.0  total_births=2
[16:31:48.035] [ECOLOGY_SNAPSHOT    ]          | bonded_pairs=3  avg_best_bond=32.8  top=[ECHO-03<->ECHO-06:56.1  ECHO-05<->ECHO-06:9.5  ECHO-03<->ECHO-05:6.1]  lineages=[none]
[16:31:48.340] [STATE_CHANGE        ] ECHO-06  | WANDER (8.1s) -> SEEK_FOOD  [normal]  h=55 e=100 s=38
[16:31:48.345] [FOOD_CLAIM          ] ECHO-06  | food at (1061,155)
[16:31:51.902] [FOOD_FOUND          ] ECHO-06  | ate at (1053, 149)  total=29
[16:31:51.919] [STATE_CHANGE        ] ECHO-06  | SEEK_FOOD (2.3s) -> WANDER  [normal]  h=25 e=100 s=35
[16:31:53.214] [STATE_CHANGE        ] ECHO-05  | WANDER (6.3s) -> SEEK_FOOD  [normal]  h=55 e=100 s=23
[16:31:53.214] [FOOD_CLAIM          ] ECHO-05  | food at (1043,89)
[16:31:54.335] [STATS               ]          | pop=3  avg_hunger= 40.0  avg_energy=100.0  hungry=1  social_events=0  contested_food=2%
[16:31:54.336] [GENERATION_STATS    ]          | max_gen=0  avg_gen=0.0  total_births=2
[16:31:54.336] [ECOLOGY_SNAPSHOT    ]          | bonded_pairs=3  avg_best_bond=33.3  top=[ECHO-03<->ECHO-06:56.6  ECHO-05<->ECHO-06:10.0  ECHO-03<->ECHO-05:6.6]  lineages=[none]
[16:31:54.886] [IDLE_ENTER          ] ECHO-03  | pausing for 2.9s
[16:31:56.635] [FOOD_FOUND          ] ECHO-05  | ate at (1053, 88)  total=34
[16:31:56.652] [STATE_CHANGE        ] ECHO-05  | SEEK_FOOD (3.4s) -> SOCIALIZE  [normal]  h=28 e=100 s=17
[16:31:56.652] [STATE_CHANGE        ] ECHO-06  | WANDER (4.7s) -> SOCIALIZE  [normal]  h=34 e=100 s=27
[16:31:57.445] [REPRODUCTION_ATTEMPT] ECHO-03  | ECHO-03 + ECHO-05  affinity=6.9/10.1  dist=69px
[16:31:57.461] [REPRODUCTION        ] ECHO-15  | ECHO-03 + ECHO-05 produced offspring ECHO-15  GEN-1
[16:31:57.473] [REPRODUCTION_SUCCESS] ECHO-15  | ECHO-03 + ECHO-05 -> ECHO-15  GEN-1
[16:31:57.516] [OFFSPRING_BORN      ] ECHO-15  | GEN-1  lineage=d1b7abb3  risk=0.71 social=0.72 greed=0.46 lazy=0.49
[16:31:57.559] [STATE_CHANGE        ] ECHO-03  | WANDER (12.3s) -> SEEK_FOOD  [normal]  h=59 e=60 s=32
[16:31:57.566] [FOOD_CLAIM          ] ECHO-03  | food at (1015,128)
[16:31:59.414] [STATS               ]          | pop=4  avg_hunger= 44.6  avg_energy= 75.2  hungry=1  social_events=0  contested_food=2%
[16:31:59.417] [GENERATION_STATS    ]          | max_gen=1  avg_gen=0.2  total_births=3
[16:31:59.417] [ECOLOGY_SNAPSHOT    ]          | bonded_pairs=3  avg_best_bond=22.6  top=[ECHO-03<->ECHO-06:57.1  ECHO-05<->ECHO-06:10.5  ECHO-03<->ECHO-05:7.1]  lineages=[d1b7abb3x1]
[16:31:59.581] [STATE_CHANGE        ] ECHO-06  | SOCIALIZE (2.8s) -> WANDER  [normal]  h=36 e=100 s=50  tgt=43px
[16:31:59.702] [NESTING             ] ECHO-06  | with ECHO-03  dist=44px
[16:32:00.865] [STATE_CHANGE        ] ECHO-05  | SOCIALIZE (4.1s) -> WANDER  [normal]  h=51 e=71 s=50  tgt=27px
[16:32:01.271] [FOOD_FOUND          ] ECHO-03  | ate at (1025, 131)  total=36
[16:32:01.287] [STATE_CHANGE        ] ECHO-03  | SEEK_FOOD (3.6s) -> WANDER  [normal]  h=31 e=66 s=26
[16:32:01.930] [IDLE_ENTER          ] ECHO-06  | pausing for 1.8s
[16:32:02.980] [STATE_CHANGE        ] ECHO-05  | WANDER (2.0s) -> SEEK_FOOD  [normal]  h=55 e=78 s=47
[16:32:02.981] [FOOD_CLAIM          ] ECHO-05  | food at (1011,161)
[16:32:04.681] [STATS               ]          | pop=4  avg_hunger= 50.0  avg_energy= 79.1  hungry=1  social_events=0  contested_food=2%
[16:32:04.682] [GENERATION_STATS    ]          | max_gen=1  avg_gen=0.2  total_births=3
[16:32:04.682] [ECOLOGY_SNAPSHOT    ]          | bonded_pairs=3  avg_best_bond=23.1  top=[ECHO-03<->ECHO-06:57.6  ECHO-05<->ECHO-06:11.0  ECHO-03<->ECHO-05:7.6]  lineages=[d1b7abb3x1]
[16:32:04.928] [STATE_CHANGE        ] ECHO-03  | WANDER (3.5s) -> SOCIALIZE  [normal]  h=43 e=71 s=21
[16:32:05.429] [SOCIAL              ] ECHO-03  | interacting with ECHO-06  total=4
[16:32:05.997] [STATE_CHANGE        ] ECHO-15  | WANDER (8.2s) -> SEEK_FOOD  [normal]  h=55 e=64 s=38
[16:32:05.998] [FOOD_CLAIM          ] ECHO-15  | food at (988,111)
[16:32:06.844] [STATE_CHANGE        ] ECHO-06  | WANDER (7.0s) -> SEEK_FOOD  [normal]  h=55 e=100 s=40
[16:32:06.863] [FOOD_CLAIM          ] ECHO-06  | food at (1010,171)
[16:32:06.921] [FOOD_FOUND          ] ECHO-05  | ate at (1020, 158)  total=35
[16:32:06.985] [STATE_CHANGE        ] ECHO-05  | SEEK_FOOD (3.9s) -> WANDER  [normal]  h=29 e=83 s=41
[16:32:08.105] [FOOD_FOUND          ] ECHO-15  | ate at (979, 107)  total=1
[16:32:08.122] [STATE_CHANGE        ] ECHO-15  | SEEK_FOOD (2.1s) -> WANDER  [normal]  h=28 e=58 s=34
[16:32:08.904] [IDLE_ENTER          ] ECHO-15  | pausing for 2.0s
[16:32:09.089] [STATE_CHANGE        ] ECHO-03  | SOCIALIZE (4.1s) -> WANDER  [normal]  h=46 e=85 s=50  tgt=22px
[16:32:09.223] [BEST_FRIEND         ] ECHO-03  | with ECHO-05  | affinity=   8.0
[16:32:09.714] [STATS               ]          | pop=4  avg_hunger= 44.3  avg_energy= 83.5  hungry=1  social_events=1  contested_food=2%
[16:32:09.723] [GENERATION_STATS    ]          | max_gen=1  avg_gen=0.2  total_births=3
[16:32:09.735] [ECOLOGY_SNAPSHOT    ]          | bonded_pairs=3  avg_best_bond=24.0  top=[ECHO-03<->ECHO-06:59.8  ECHO-05<->ECHO-06:11.5  ECHO-03<->ECHO-05:8.0]  lineages=[d1b7abb3x1]
[16:32:11.003] [FOOD_FOUND          ] ECHO-06  | ate at (1020, 174)  total=30
[16:32:11.020] [STATE_CHANGE        ] ECHO-06  | SEEK_FOOD (4.1s) -> WANDER  [normal]  h=28 e=100 s=33
[16:32:12.555] [IDLE_ENTER          ] ECHO-06  | pausing for 4.6s
[16:32:13.367] [BOND_STRENGTHENED   ] ECHO-05  | with ECHO-03  tier=10  mutual=10.0
[16:32:13.685] [STATE_CHANGE        ] ECHO-03  | WANDER (4.6s) -> SEEK_FOOD  [normal]  h=55 e=100 s=43
[16:32:13.687] [FOOD_CLAIM          ] ECHO-03  | food at (999,174)
[16:32:14.735] [STATS               ]          | pop=4  avg_hunger= 49.2  avg_energy= 87.4  hungry=1  social_events=0  contested_food=2%
[16:32:14.736] [GENERATION_STATS    ]          | max_gen=1  avg_gen=0.2  total_births=3
[16:32:14.736] [ECOLOGY_SNAPSHOT    ]          | bonded_pairs=3  avg_best_bond=24.4  top=[ECHO-03<->ECHO-06:60.0  ECHO-05<->ECHO-06:11.9  ECHO-03<->ECHO-05:8.5]  lineages=[d1b7abb3x1]
[16:32:14.773] [STATE_CHANGE        ] ECHO-15  | WANDER (6.6s) -> SEEK_FOOD  [normal]  h=55 e=50 s=24
[16:32:14.778] [FOOD_CLAIM          ] ECHO-15  | food at (965,134)
[16:32:14.969] [STATE_CHANGE        ] ECHO-06  | WANDER (3.9s) -> SOCIALIZE  [normal]  h=36 e=100 s=27
[16:32:15.833] [STATE_CHANGE        ] ECHO-05  | WANDER (8.8s) -> SEEK_PARTNER  [partner_separated]  h=53 e=98 s=28
[16:32:16.333] [FOOD_FOUND          ] ECHO-03  | ate at (1001, 184)  total=37
[16:32:16.349] [STATE_CHANGE        ] ECHO-03  | SEEK_FOOD (2.7s) -> WANDER  [normal]  h=25 e=100 s=39
[16:32:17.637] [FOOD_FOUND          ] ECHO-15  | ate at (956, 130)  total=2
[16:32:17.654] [STATE_CHANGE        ] ECHO-15  | SEEK_FOOD (2.9s) -> SOCIALIZE  [normal]  h=32 e=42 s=20
[16:32:17.804] [STATE_CHANGE        ] ECHO-06  | SOCIALIZE (2.8s) -> WANDER  [normal]  h=39 e=100 s=50  tgt=23px
[16:32:17.838] [STATE_CHANGE        ] ECHO-05  | SEEK_PARTNER (2.0s) -> WANDER  [normal]  h=61 e=98 s=25  tgt=110px
[16:32:18.518] [SOCIAL              ] ECHO-15  | interacting with ECHO-06  total=1
[16:32:19.735] [STATS               ]          | pop=4  avg_hunger= 44.8  avg_energy= 84.8  hungry=1  social_events=1  contested_food=0%
[16:32:19.735] [GENERATION_STATS    ]          | max_gen=1  avg_gen=0.2  total_births=3
[16:32:19.735] [ECOLOGY_SNAPSHOT    ]          | bonded_pairs=3  avg_best_bond=24.6  top=[ECHO-03<->ECHO-06:60.0  ECHO-05<->ECHO-06:12.2  ECHO-03<->ECHO-05:8.5]  lineages=[d1b7abb3x1]
[16:32:19.850] [STATE_CHANGE        ] ECHO-05  | WANDER (2.0s) -> SEEK_FOOD  [normal]  h=68 e=100 s=22
[16:32:19.850] [FOOD_CLAIM          ] ECHO-05  | food at (1007,164)
[16:32:19.999] [NESTING             ] ECHO-06  | with ECHO-03  dist=52px
[16:32:21.610] [BOND_STRENGTHENED   ] ECHO-06  | with ECHO-15  tier=3  mutual=3.0
[16:32:22.265] [STATE_CHANGE        ] ECHO-15  | SOCIALIZE (4.6s) -> WANDER  [normal]  h=44 e=36 s=50  tgt=43px
[16:32:23.148] [FOOD_FOUND          ] ECHO-05  | ate at (1017, 161)  total=36
[16:32:23.164] [FOOD_CLAIM          ] ECHO-05  | food at (992,147)
[16:32:24.463] [IDLE_ENTER          ] ECHO-06  | pausing for 4.5s
[16:32:24.578] [FOOD_FOUND          ] ECHO-05  | ate at (1000, 152)  total=37
[16:32:24.594] [STATE_CHANGE        ] ECHO-05  | SEEK_FOOD (4.7s) -> WANDER  [normal]  h=14 e=99 s=15
[16:32:24.745] [STATS               ]          | pop=4  avg_hunger= 40.9  avg_energy= 83.0  hungry=0  social_events=0  contested_food=0%
[16:32:24.745] [GENERATION_STATS    ]          | max_gen=1  avg_gen=0.2  total_births=3
[16:32:24.745] [ECOLOGY_SNAPSHOT    ]          | bonded_pairs=3  avg_best_bond=25.0  top=[ECHO-03<->ECHO-06:60.0  ECHO-05<->ECHO-06:12.6  ECHO-03<->ECHO-05:8.8]  lineages=[d1b7abb3x1]
[16:32:24.908] [STATE_CHANGE        ] ECHO-15  | WANDER (2.6s) -> SEEK_FOOD  [normal]  h=55 e=33 s=46
[16:32:24.909] [FOOD_CLAIM          ] ECHO-15  | food at (980,161)
[16:32:25.844] [STATE_CHANGE        ] ECHO-06  | WANDER (8.0s) -> SEEK_FOOD  [normal]  h=55 e=100 s=38
[16:32:25.844] [FOOD_CLAIM          ] ECHO-06  | food at (922,171)
[16:32:27.158] [IDLE_ENTER          ] ECHO-05  | pausing for 2.7s
[16:32:27.609] [FOOD_FOUND          ] ECHO-15  | ate at (974, 169)  total=3
[16:32:27.626] [STATE_CHANGE        ] ECHO-15  | SEEK_FOOD (2.7s) -> REST  [normal]  h=31 e=25 s=42
[16:32:27.627] [REST_REASON         ] ECHO-15  | low_energy | energy=25.4 laziness=0.49
[16:32:28.038] [STATE_CHANGE        ] ECHO-03  | WANDER (11.7s) -> SOCIALIZE  [normal]  h=52 e=100 s=22
[16:32:28.728] [SOCIAL              ] ECHO-03  | interacting with ECHO-06  total=5
[16:32:29.628] [STATE_CHANGE        ] ECHO-15  | REST (2.0s) -> WANDER  [normal]  h=39 e=61 s=39
[16:32:29.744] [STATS               ]          | pop=4  avg_hunger= 47.6  avg_energy= 90.3  hungry=1  social_events=1  contested_food=2%
[16:32:29.745] [GENERATION_STATS    ]          | max_gen=1  avg_gen=0.2  total_births=3
[16:32:29.745] [ECOLOGY_SNAPSHOT    ]          | bonded_pairs=3  avg_best_bond=25.2  top=[ECHO-03<->ECHO-06:60.0  ECHO-05<->ECHO-06:13.0  ECHO-03<->ECHO-05:9.3]  lineages=[d1b7abb3x1]
[16:32:30.762] [FOOD_FOUND          ] ECHO-06  | ate at (928, 180)  total=31
[16:32:30.778] [STATE_CHANGE        ] ECHO-06  | SEEK_FOOD (4.9s) -> WANDER  [normal]  h=33 e=100 s=31
[16:32:32.279] [STATE_CHANGE        ] ECHO-03  | SOCIALIZE (4.2s) -> SEEK_FOOD  [normal]  h=56 e=100 s=50  tgt=15px
[16:32:32.279] [TARGET_SWITCH       ] ECHO-03  | (927,179) -> (963,148)
[16:32:32.280] [FOOD_CLAIM          ] ECHO-03  | food at (963,148)
[16:32:32.909] [STATE_CHANGE        ] ECHO-06  | WANDER (2.1s) -> SOCIALIZE  [normal]  h=37 e=100 s=27
[16:32:33.794] [STATE_CHANGE        ] ECHO-15  | WANDER (4.2s) -> SEEK_FOOD  [normal]  h=55 e=59 s=33
[16:32:33.795] [FOOD_CLAIM          ] ECHO-15  | food at (962,143)
[16:32:33.897] [BOND_STRENGTHENED   ] ECHO-03  | with ECHO-15  tier=3  mutual=3.0
[16:32:33.997] [FOOD_FOUND          ] ECHO-03  | ate at (958, 156)  total=38
[16:32:34.015] [FOOD_CONTEST        ] ECHO-03  | food at (962,143)
[16:32:34.281] [FOOD_CLAIM_RELEASE  ] ECHO-03  | food at (962,143)
[16:32:34.282] [STATE_CHANGE        ] ECHO-03  | SEEK_FOOD (2.0s) -> WANDER  [normal]  h=25 e=100 s=47  tgt=10px
[16:32:34.746] [STATS               ]          | pop=4  avg_hunger= 42.8  avg_energy= 89.6  hungry=1  social_events=0  contested_food=0%
[16:32:34.746] [GENERATION_STATS    ]          | max_gen=1  avg_gen=0.2  total_births=3
[16:32:34.747] [ECOLOGY_SNAPSHOT    ]          | bonded_pairs=3  avg_best_bond=25.5  top=[ECHO-03<->ECHO-06:60.0  ECHO-05<->ECHO-06:13.4  ECHO-03<->ECHO-05:9.8]  lineages=[d1b7abb3x1]
[16:32:34.797] [FOOD_CLAIM          ] ECHO-15  | food at (962,143)
[16:32:35.731] [STATE_CHANGE        ] ECHO-06  | SOCIALIZE (2.8s) -> WANDER  [normal]  h=39 e=100 s=50  tgt=24px
[16:32:36.659] [STATE_CHANGE        ] ECHO-05  | WANDER (12.1s) -> SEEK_FOOD  [normal]  h=55 e=100 s=0
[16:32:36.659] [FOOD_CLAIM          ] ECHO-05  | food at (971,143)
[16:32:37.095] [FOOD_FOUND          ] ECHO-15  | ate at (955, 151)  total=4
[16:32:37.114] [STATE_CHANGE        ] ECHO-15  | SEEK_FOOD (3.3s) -> WANDER  [normal]  h=31 e=58 s=28
[16:32:37.348] [IDLE_ENTER          ] ECHO-03  | pausing for 4.9s
[16:32:38.137] [PAIR_BOND           ] ECHO-06  | with ECHO-15  mutual_affinity=4.8
[16:32:39.154] [BOND_STRENGTHENED   ] ECHO-05  | with ECHO-15  tier=3  mutual=3.0
[16:32:39.320] [PAIR_BOND           ] ECHO-03  | with ECHO-15  mutual_affinity=3.5
[16:32:39.963] [STATS               ]          | pop=4  avg_hunger= 47.0  avg_energy= 90.3  hungry=1  social_events=0  contested_food=2%
[16:32:39.964] [GENERATION_STATS    ]          | max_gen=1  avg_gen=0.2  total_births=3
[16:32:39.964] [ECOLOGY_SNAPSHOT    ]          | bonded_pairs=3  avg_best_bond=25.9  top=[ECHO-03<->ECHO-06:60.0  ECHO-05<->ECHO-06:13.9  ECHO-03<->ECHO-05:10.3]  lineages=[d1b7abb3x1]
[16:32:40.213] [NESTING             ] ECHO-06  | with ECHO-03  dist=56px
[16:32:40.660] [STATE_CHANGE        ] ECHO-15  | WANDER (3.3s) -> SOCIALIZE  [normal]  h=43 e=62 s=23
[16:32:41.366] [FOOD_FOUND          ] ECHO-05  | ate at (962, 139)  total=38
[16:32:42.399] [STATE_CHANGE        ] ECHO-05  | SEEK_FOOD (4.5s) -> WANDER  [normal]  h=34 e=100 s=0
[16:32:45.355] [BEST_FRIEND         ] ECHO-15  | with ECHO-06  | affinity=   8.0
[16:32:45.388] [BOND_STRENGTHENED   ] ECHO-06  | with ECHO-15  tier=6  mutual=6.0
[16:32:45.644] [STATE_CHANGE        ] ECHO-05  | WANDER (2.2s) -> SOCIALIZE  [normal]  h=42 e=100 s=0
[16:32:45.734] [STATE_CHANGE        ] ECHO-06  | WANDER (7.8s) -> SEEK_FOOD  [normal]  h=55 e=100 s=38
[16:32:45.736] [FOOD_CLAIM          ] ECHO-06  | food at (970,147)
[16:32:46.050] [SOCIAL              ] ECHO-05  | interacting with ECHO-06  total=8
[16:32:46.084] [STATE_CHANGE        ] ECHO-15  | SOCIALIZE (3.4s) -> WANDER  [normal]  h=50 e=67 s=50  tgt=20px
[16:32:46.369] [PAIR_BOND           ] ECHO-05  | with ECHO-15  mutual_affinity=3.5
[16:32:46.984] [STATS               ]          | pop=4  avg_hunger= 49.8  avg_energy= 91.9  hungry=1  social_events=1  contested_food=2%
[16:32:46.985] [GENERATION_STATS    ]          | max_gen=1  avg_gen=0.2  total_births=3
[16:32:46.985] [ECOLOGY_SNAPSHOT    ]          | bonded_pairs=3  avg_best_bond=26.2  top=[ECHO-03<->ECHO-06:60.0  ECHO-05<->ECHO-06:14.4  ECHO-03<->ECHO-05:10.7]  lineages=[d1b7abb3x1]
[16:32:48.098] [STATE_CHANGE        ] ECHO-15  | WANDER (2.0s) -> SEEK_FOOD  [normal]  h=57 e=69 s=47
[16:32:48.099] [FOOD_CLAIM          ] ECHO-15  | food at (972,143)
[16:32:48.969] [IDLE_ENTER          ] ECHO-03  | pausing for 3.3s
[16:32:50.230] [STATE_CHANGE        ] ECHO-03  | WANDER (13.7s) -> SEEK_FOOD  [normal]  h=55 e=100 s=26
[16:32:50.231] [FOOD_CLAIM          ] ECHO-03  | food at (976,152)
[16:32:50.778] [FOOD_FOUND          ] ECHO-06  | ate at (961, 151)  total=32
[16:32:50.802] [STATE_CHANGE        ] ECHO-06  | SEEK_FOOD (5.1s) -> WANDER  [normal]  h=34 e=99 s=31
[16:32:51.987] [STATS               ]          | pop=4  avg_hunger= 53.7  avg_energy= 92.0  hungry=2  social_events=0  contested_food=3%
[16:32:51.988] [GENERATION_STATS    ]          | max_gen=1  avg_gen=0.2  total_births=3
[16:32:51.994] [ECOLOGY_SNAPSHOT    ]          | bonded_pairs=3  avg_best_bond=26.5  top=[ECHO-03<->ECHO-06:60.0  ECHO-05<->ECHO-06:14.9  ECHO-03<->ECHO-05:11.2]  lineages=[d1b7abb3x1]
[16:32:52.302] [STATE_CHANGE        ] ECHO-05  | SOCIALIZE (6.7s) -> WANDER  [normal]  h=47 e=100 s=50  tgt=20px
[16:32:52.578] [FOOD_FOUND          ] ECHO-15  | ate at (962, 147)  total=5
[16:32:52.595] [FOOD_CLAIM          ] ECHO-15  | food at (972,144)
[16:32:52.627] [FOOD_FOUND          ] ECHO-15  | ate at (963, 147)  total=6
[16:32:52.646] [STATE_CHANGE        ] ECHO-15  | SEEK_FOOD (4.5s) -> WANDER  [normal]  h=2 e=68 s=40
[16:32:53.014] [STATE_CHANGE        ] ECHO-06  | WANDER (2.2s) -> SOCIALIZE  [normal]  h=39 e=100 s=27
[16:32:53.947] [FOOD_FOUND          ] ECHO-03  | ate at (968, 158)  total=39
[16:32:53.963] [STATE_CHANGE        ] ECHO-03  | SEEK_FOOD (3.7s) -> SOCIALIZE  [normal]  h=29 e=100 s=21
[16:32:53.964] [COOPERATIVE_SURVIVAL] ECHO-06  | with ECHO-03  mutual_affinity=60.0
[16:32:55.979] [STATE_CHANGE        ] ECHO-06  | SOCIALIZE (2.8s) -> WANDER  [normal]  h=42 e=100 s=50  tgt=7px
[16:32:55.996] [IDLE_ENTER          ] ECHO-06  | pausing for 4.6s
[16:32:56.362] [STATE_CHANGE        ] ECHO-05  | WANDER (3.9s) -> SEEK_FOOD  [normal]  h=55 e=100 s=44
[16:32:56.362] [FOOD_CLAIM          ] ECHO-05  | food at (946,177)
[16:32:57.133] [STATS               ]          | pop=4  avg_hunger= 37.5  avg_energy= 93.4  hungry=1  social_events=0  contested_food=2%
[16:32:57.135] [GENERATION_STATS    ]          | max_gen=1  avg_gen=0.2  total_births=3
[16:32:57.136] [ECOLOGY_SNAPSHOT    ]          | bonded_pairs=3  avg_best_bond=26.8  top=[ECHO-03<->ECHO-06:60.0  ECHO-05<->ECHO-06:15.4  ECHO-03<->ECHO-05:11.7]  lineages=[d1b7abb3x1]
[16:32:57.747] [STATE_CHANGE        ] ECHO-03  | SOCIALIZE (3.6s) -> WANDER  [normal]  h=32 e=100 s=50  tgt=2px
[16:32:59.132] [FOOD_FOUND          ] ECHO-05  | ate at (937, 173)  total=39
[16:32:59.148] [STATE_CHANGE        ] ECHO-05  | SEEK_FOOD (2.8s) -> WANDER  [normal]  h=26 e=100 s=40
[16:33:02.145] [STATS               ]          | pop=4  avg_hunger= 40.3  avg_energy= 95.0  hungry=0  social_events=0  contested_food=0%
[16:33:02.146] [GENERATION_STATS    ]          | max_gen=1  avg_gen=0.2  total_births=3
[16:33:02.146] [ECOLOGY_SNAPSHOT    ]          | bonded_pairs=3  avg_best_bond=27.2  top=[ECHO-03<->ECHO-06:60.0  ECHO-05<->ECHO-06:15.9  ECHO-03<->ECHO-05:12.2]  lineages=[d1b7abb3x1]
[16:33:02.360] [NESTING             ] ECHO-06  | with ECHO-03  dist=49px
[16:33:02.677] [STATE_CHANGE        ] ECHO-06  | WANDER (6.7s) -> SEEK_FOOD  [normal]  h=55 e=100 s=40
[16:33:02.677] [FOOD_CLAIM          ] ECHO-06  | food at (975,147)
[16:33:04.274] [IDLE_ENTER          ] ECHO-03  | pausing for 2.6s
[16:33:04.442] [STATE_CHANGE        ] ECHO-15  | WANDER (11.7s) -> SOCIALIZE  [normal]  h=42 e=83 s=23
[16:33:05.708] [FOOD_FOUND          ] ECHO-06  | ate at (965, 149)  total=33
[16:33:05.724] [STATE_CHANGE        ] ECHO-06  | SEEK_FOOD (3.0s) -> WANDER  [normal]  h=28 e=100 s=35
[16:33:06.042] [SOCIAL              ] ECHO-15  | interacting with ECHO-06  total=2
[16:33:07.158] [STATS               ]          | pop=4  avg_hunger= 44.7  avg_energy= 97.0  hungry=0  social_events=1  contested_food=0%
[16:33:07.159] [GENERATION_STATS    ]          | max_gen=1  avg_gen=0.2  total_births=3
[16:33:07.159] [ECOLOGY_SNAPSHOT    ]          | bonded_pairs=4  avg_best_bond=27.5  top=[ECHO-03<->ECHO-06:60.0  ECHO-05<->ECHO-06:16.4  ECHO-03<->ECHO-05:12.4]  lineages=[d1b7abb3x1]
[16:33:07.407] [BOND_STRENGTHENED   ] ECHO-03  | with ECHO-15  tier=6  mutual=6.0
[16:33:07.738] [STATE_CHANGE        ] ECHO-03  | WANDER (10.0s) -> SEEK_FOOD  [normal]  h=55 e=100 s=35
[16:33:07.740] [FOOD_CLAIM          ] ECHO-03  | food at (976,148)
[16:33:08.426] [STATE_CHANGE        ] ECHO-05  | WANDER (9.3s) -> SEEK_PARTNER  [partner_separated]  h=51 e=99 s=26
[16:33:09.458] [STATE_CHANGE        ] ECHO-15  | SOCIALIZE (5.0s) -> WANDER  [normal]  h=49 e=96 s=50  tgt=18px
[16:33:10.444] [STATE_CHANGE        ] ECHO-05  | SEEK_PARTNER (2.0s) -> WANDER  [normal]  h=58 e=100 s=23  tgt=133px
[16:33:10.607] [BOND_STRENGTHENED   ] ECHO-06  | with ECHO-15  tier=10  mutual=10.0
[16:33:10.704] [FOOD_FOUND          ] ECHO-03  | ate at (968, 154)  total=40
[16:33:10.720] [STATE_CHANGE        ] ECHO-03  | SEEK_FOOD (3.0s) -> WANDER  [normal]  h=26 e=100 s=31
[16:33:10.801] [IDLE_ENTER          ] ECHO-05  | pausing for 3.1s
[16:33:12.047] [STATE_CHANGE        ] ECHO-15  | WANDER (2.6s) -> SEEK_FOOD  [normal]  h=55 e=100 s=46
[16:33:12.047] [FOOD_CLAIM          ] ECHO-15  | food at (1021,194)
[16:33:12.162] [STATS               ]          | pop=4  avg_hunger= 48.5  avg_energy=100.0  hungry=2  social_events=0  contested_food=2%
[16:33:12.163] [GENERATION_STATS    ]          | max_gen=1  avg_gen=0.2  total_births=3
[16:33:12.163] [ECOLOGY_SNAPSHOT    ]          | bonded_pairs=5  avg_best_bond=27.6  top=[ECHO-03<->ECHO-06:60.0  ECHO-05<->ECHO-06:16.4  ECHO-03<->ECHO-05:12.6]  lineages=[d1b7abb3x1]
[16:33:12.445] [STATE_CHANGE        ] ECHO-05  | WANDER (2.0s) -> SEEK_FOOD  [normal]  h=65 e=100 s=20
[16:33:12.446] [FOOD_CLAIM          ] ECHO-05  | food at (1022,113)
[16:33:12.894] [STATE_CHANGE        ] ECHO-06  | WANDER (7.2s) -> SOCIALIZE  [normal]  h=46 e=100 s=25
[16:33:13.342] [SOCIAL              ] ECHO-06  | interacting with ECHO-03  total=6
[16:33:13.375] [FOOD_FOUND          ] ECHO-15  | ate at (1012, 198)  total=7
[16:33:13.392] [FOOD_CLAIM          ] ECHO-15  | food at (998,170)
[16:33:14.025] [FOOD_FOUND          ] ECHO-05  | ate at (1013, 108)  total=40
[16:33:14.042] [FOOD_CLAIM          ] ECHO-05  | food at (990,147)
[16:33:14.058] [FOOD_CLAIM_RELEASE  ] ECHO-15  | food at (998,170)
[16:33:14.061] [STATE_CHANGE        ] ECHO-15  | SEEK_FOOD (2.0s) -> WANDER  [normal]  h=27 e=99 s=43  tgt=20px
[16:33:14.409] [STATE_CHANGE        ] ECHO-03  | WANDER (3.7s) -> SOCIALIZE  [normal]  h=36 e=100 s=25
[16:33:16.042] [FOOD_FOUND          ] ECHO-05  | ate at (996, 138)  total=41
[16:33:16.058] [STATE_CHANGE        ] ECHO-05  | SEEK_FOOD (3.6s) -> WANDER  [normal]  h=7 e=99 s=15
[16:33:16.275] [STATE_CHANGE        ] ECHO-15  | WANDER (2.2s) -> SEEK_PARTNER  [partner_separated]  h=34 e=100 s=40
[16:33:16.517] [STATE_CHANGE        ] ECHO-06  | SOCIALIZE (3.6s) -> WANDER  [normal]  h=49 e=100 s=50  tgt=5px
[16:33:17.163] [STATS               ]          | pop=4  avg_hunger= 34.3  avg_energy=100.0  hungry=0  social_events=1  contested_food=0%
[16:33:17.163] [GENERATION_STATS    ]          | max_gen=1  avg_gen=0.2  total_births=3
[16:33:17.163] [ECOLOGY_SNAPSHOT    ]          | bonded_pairs=5  avg_best_bond=27.8  top=[ECHO-03<->ECHO-06:60.0  ECHO-05<->ECHO-06:16.6  ECHO-03<->ECHO-05:13.1]  lineages=[d1b7abb3x1]
[16:33:17.546] [STATE_CHANGE        ] ECHO-03  | SOCIALIZE (3.1s) -> WANDER  [normal]  h=39 e=100 s=50  tgt=9px
[16:33:18.278] [STATE_CHANGE        ] ECHO-15  | SEEK_PARTNER (2.0s) -> WANDER  [normal]  h=41 e=100 s=37  tgt=121px
[16:33:19.532] [STATE_CHANGE        ] ECHO-06  | WANDER (3.0s) -> SEEK_FOOD  [normal]  h=55 e=100 s=46
[16:33:19.533] [FOOD_CLAIM          ] ECHO-06  | food at (975,144)
[16:33:19.548] [BOND_STRENGTHENED   ] ECHO-05  | with ECHO-15  tier=6  mutual=6.0
[16:33:21.858] [IDLE_ENTER          ] ECHO-15  | pausing for 4.7s
[16:33:21.992] [IDLE_ENTER          ] ECHO-03  | pausing for 4.7s
[16:33:22.176] [STATS               ]          | pop=4  avg_hunger= 49.3  avg_energy= 99.7  hungry=1  social_events=0  contested_food=2%
[16:33:22.177] [GENERATION_STATS    ]          | max_gen=1  avg_gen=0.2  total_births=3
[16:33:22.177] [ECOLOGY_SNAPSHOT    ]          | bonded_pairs=6  avg_best_bond=28.1  top=[ECHO-03<->ECHO-06:60.0  ECHO-05<->ECHO-06:17.1  ECHO-03<->ECHO-05:13.2]  lineages=[d1b7abb3x1]
[16:33:22.344] [STATE_CHANGE        ] ECHO-15  | WANDER (4.1s) -> SEEK_FOOD  [normal]  h=55 e=100 s=31
[16:33:22.345] [FOOD_CLAIM          ] ECHO-15  | food at (998,170)
[16:33:23.125] [STATE_CHANGE        ] ECHO-03  | WANDER (5.6s) -> SEEK_FOOD  [normal]  h=55 e=98 s=42
[16:33:23.126] [FOOD_CLAIM          ] ECHO-03  | food at (978,148)
[16:33:23.126] [CROWD_AVOIDANCE     ] ECHO-05  | seekers_nearby=3 pressure=0.00
[16:33:23.176] [FOOD_FOUND          ] ECHO-06  | ate at (967, 139)  total=34
[16:33:23.192] [STATE_CHANGE        ] ECHO-06  | SEEK_FOOD (3.7s) -> WANDER  [normal]  h=32 e=99 s=40
[16:33:24.443] [IDLE_ENTER          ] ECHO-06  | pausing for 5.0s
[16:33:25.008] [FOOD_FOUND          ] ECHO-15  | ate at (1001, 179)  total=8
[16:33:25.024] [STATE_CHANGE        ] ECHO-15  | SEEK_FOOD (2.7s) -> WANDER  [normal]  h=27 e=100 s=27
[16:33:25.320] [NESTING             ] ECHO-06  | with ECHO-03  dist=70px
[16:33:27.186] [STATS               ]          | pop=4  avg_hunger= 46.5  avg_energy= 99.9  hungry=1  social_events=0  contested_food=2%
[16:33:27.186] [GENERATION_STATS    ]          | max_gen=1  avg_gen=0.2  total_births=3
[16:33:27.186] [ECOLOGY_SNAPSHOT    ]          | bonded_pairs=6  avg_best_bond=28.4  top=[ECHO-03<->ECHO-06:60.0  ECHO-05<->ECHO-06:17.6  ECHO-03<->ECHO-05:13.3]  lineages=[d1b7abb3x1]
[16:33:27.513] [FOOD_FOUND          ] ECHO-03  | ate at (969, 144)  total=41
[16:33:27.530] [STATE_CHANGE        ] ECHO-03  | SEEK_FOOD (4.4s) -> WANDER  [normal]  h=32 e=100 s=35
[16:33:27.697] [STATE_CHANGE        ] ECHO-15  | WANDER (2.7s) -> SOCIALIZE  [normal]  h=32 e=100 s=23
[16:33:30.082] [STATE_CHANGE        ] ECHO-05  | WANDER (14.0s) -> SEEK_FOOD  [normal]  h=55 e=100 s=0
[16:33:30.082] [FOOD_CLAIM          ] ECHO-05  | food at (985,155)
[16:33:30.577] [REPRODUCTION_ATTEMPT] ECHO-03  | ECHO-03 + ECHO-15  affinity=7.2/7.2  dist=23px
[16:33:30.776] [BEST_FRIEND         ] ECHO-06  | with ECHO-15  | affinity=   8.0
[16:33:31.117] [STATE_CHANGE        ] ECHO-15  | SOCIALIZE (3.4s) -> WANDER  [normal]  h=35 e=100 s=50  tgt=29px
[16:33:31.614] [STATE_CHANGE        ] ECHO-06  | WANDER (8.4s) -> SOCIALIZE  [normal]  h=52 e=100 s=27
[16:33:32.193] [STATS               ]          | pop=4  avg_hunger= 48.3  avg_energy= 99.8  hungry=1  social_events=0  contested_food=2%
[16:33:32.194] [GENERATION_STATS    ]          | max_gen=1  avg_gen=0.2  total_births=3
[16:33:32.194] [ECOLOGY_SNAPSHOT    ]          | bonded_pairs=6  avg_best_bond=28.7  top=[ECHO-03<->ECHO-06:60.0  ECHO-05<->ECHO-06:18.1  ECHO-03<->ECHO-05:13.8]  lineages=[d1b7abb3x1]
[16:33:33.557] [FOOD_FOUND          ] ECHO-05  | ate at (976, 160)  total=42
[16:33:33.574] [STATE_CHANGE        ] ECHO-05  | SEEK_FOOD (3.5s) -> SOCIALIZE  [normal]  h=30 e=100 s=0
[16:33:34.273] [STATE_CHANGE        ] ECHO-03  | WANDER (6.7s) -> SOCIALIZE  [normal]  h=46 e=100 s=25
[16:33:34.275] [COOPERATIVE_SURVIVAL] ECHO-06  | with ECHO-03  mutual_affinity=60.0
[16:33:34.444] [STATE_CHANGE        ] ECHO-06  | SOCIALIZE (2.8s) -> WANDER  [normal]  h=54 e=100 s=50  tgt=22px
[16:33:36.445] [STATE_CHANGE        ] ECHO-06  | WANDER (2.0s) -> SEEK_FOOD  [normal]  h=58 e=100 s=47
[16:33:36.445] [FOOD_CLAIM          ] ECHO-06  | food at (928,84)
[16:33:37.192] [STATS               ]          | pop=4  avg_hunger= 47.8  avg_energy=100.0  hungry=1  social_events=0  contested_food=2%
[16:33:37.193] [GENERATION_STATS    ]          | max_gen=1  avg_gen=0.2  total_births=3
[16:33:37.193] [ECOLOGY_SNAPSHOT    ]          | bonded_pairs=6  avg_best_bond=29.0  top=[ECHO-03<->ECHO-06:60.0  ECHO-05<->ECHO-06:18.6  ECHO-03<->ECHO-05:14.3]  lineages=[d1b7abb3x1]
[16:33:37.209] [IDLE_ENTER          ] ECHO-15  | pausing for 2.4s
[16:33:37.226] [STATE_CHANGE        ] ECHO-15  | WANDER (6.1s) -> SEEK_PARTNER  [partner_separated]  h=51 e=100 s=41
[16:33:37.408] [STATE_CHANGE        ] ECHO-03  | SOCIALIZE (3.1s) -> WANDER  [normal]  h=48 e=100 s=50  tgt=25px
[16:33:39.242] [STATE_CHANGE        ] ECHO-15  | SEEK_PARTNER (2.0s) -> WANDER  [normal]  h=58 e=100 s=38  tgt=106px
[16:33:39.758] [FOOD_FOUND          ] ECHO-06  | ate at (938, 82)  total=35
[16:33:39.776] [STATE_CHANGE        ] ECHO-06  | SEEK_FOOD (3.3s) -> WANDER  [normal]  h=30 e=100 s=42
[16:33:39.826] [STATE_CHANGE        ] ECHO-05  | SOCIALIZE (6.3s) -> WANDER  [normal]  h=35 e=100 s=50  tgt=24px
[16:33:40.193] [STATE_CHANGE        ] ECHO-03  | WANDER (2.8s) -> SEEK_FOOD  [normal]  h=55 e=100 s=46
[16:33:40.194] [FOOD_CLAIM          ] ECHO-03  | food at (1072,138)
[16:33:40.279] [BEST_FRIEND         ] ECHO-05  | with ECHO-15  | affinity=   8.0
[16:33:40.280] [BEST_FRIEND         ] ECHO-15  | with ECHO-05  | affinity=   8.0
[16:33:40.611] [REPRODUCTION_ATTEMPT] ECHO-05  | ECHO-05 + ECHO-06  affinity=40.6/18.9  dist=18px
[16:33:40.761] [IDLE_ENTER          ] ECHO-05  | pausing for 4.6s
[16:33:41.258] [STATE_CHANGE        ] ECHO-15  | WANDER (2.0s) -> SEEK_FOOD  [normal]  h=65 e=100 s=35
[16:33:42.207] [STATS               ]          | pop=4  avg_hunger= 52.1  avg_energy= 99.5  hungry=2  social_events=0  contested_food=2%
[16:33:42.208] [GENERATION_STATS    ]          | max_gen=1  avg_gen=0.2  total_births=3
[16:33:42.209] [ECOLOGY_SNAPSHOT    ]          | bonded_pairs=6  avg_best_bond=29.3  top=[ECHO-03<->ECHO-06:60.0  ECHO-05<->ECHO-06:19.1  ECHO-03<->ECHO-05:14.8]  lineages=[d1b7abb3x1]
[16:33:42.659] [MIGRATION_DECISION  ] ECHO-15  | avoided contested zone  chose (930,428)
[16:33:42.660] [FOOD_CLAIM          ] ECHO-15  | food at (930,428)
[16:33:44.045] [FOOD_FOUND          ] ECHO-03  | ate at (1066, 130)  total=42
[16:33:44.062] [STATE_CHANGE        ] ECHO-03  | SEEK_FOOD (3.9s) -> WANDER  [normal]  h=34 e=96 s=40
[16:33:46.743] [NESTING             ] ECHO-06  | with ECHO-03  dist=70px
[16:33:47.211] [STATS               ]          | pop=4  avg_hunger= 59.7  avg_energy= 95.9  hungry=1  social_events=0  contested_food=2%
[16:33:47.211] [GENERATION_STATS    ]          | max_gen=1  avg_gen=0.2  total_births=3
[16:33:47.211] [ECOLOGY_SNAPSHOT    ]          | bonded_pairs=6  avg_best_bond=29.4  top=[ECHO-03<->ECHO-06:60.0  ECHO-05<->ECHO-06:19.6  ECHO-03<->ECHO-05:14.9]  lineages=[d1b7abb3x1]
[16:33:47.361] [STATE_CHANGE        ] ECHO-06  | WANDER (7.6s) -> SEEK_FOOD  [normal]  h=55 e=100 s=31
[16:33:48.242] [STATE_CHANGE        ] ECHO-05  | WANDER (8.4s) -> SEEK_FOOD  [normal]  h=55 e=100 s=37
[16:33:48.973] [FOOD_CLAIM          ] ECHO-05  | food at (963,529)
[16:33:49.580] [FOOD_FOUND          ] ECHO-15  | ate at (930, 418)  total=9
[16:33:49.597] [MIGRATION_DECISION  ] ECHO-15  | avoided contested zone  chose (962,466)
[16:33:49.598] [FOOD_CLAIM          ] ECHO-15  | food at (962,466)
[16:33:50.012] [FOOD_CLAIM          ] ECHO-06  | food at (1034,73)
[16:33:51.492] [STATE_CHANGE        ] ECHO-03  | WANDER (7.4s) -> SEEK_FOOD  [normal]  h=55 e=100 s=29
[16:33:52.226] [STATS               ]          | pop=4  avg_hunger= 67.5  avg_energy= 89.4  hungry=4  social_events=0  contested_food=5%
[16:33:52.227] [GENERATION_STATS    ]          | max_gen=1  avg_gen=0.2  total_births=3
[16:33:52.228] [ECOLOGY_SNAPSHOT    ]          | bonded_pairs=6  avg_best_bond=29.5  top=[ECHO-03<->ECHO-06:60.0  ECHO-05<->ECHO-06:19.7  ECHO-03<->ECHO-05:14.9]  lineages=[d1b7abb3x1]
[16:33:52.259] [FOOD_FOUND          ] ECHO-15  | ate at (956, 458)  total=10
[16:33:52.276] [STATE_CHANGE        ] ECHO-15  | SEEK_FOOD (11.0s) -> SEEK_PARTNER  [partner_separated]  h=38 e=71 s=18
[16:33:53.208] [FOOD_FOUND          ] ECHO-06  | ate at (1043, 75)  total=36
[16:33:53.225] [STATE_CHANGE        ] ECHO-06  | SEEK_FOOD (5.9s) -> SEEK_PARTNER  [partner_separated]  h=37 e=95 s=22
[16:33:55.093] [FOOD_FOUND          ] ECHO-05  | ate at (962, 539)  total=43
[16:33:55.108] [STATE_CHANGE        ] ECHO-05  | SEEK_FOOD (6.9s) -> SEEK_PARTNER  [partner_separated]  h=46 e=86 s=27
[16:33:55.260] [FOOD_CLAIM          ] ECHO-03  | food at (965,507)
[16:33:57.242] [STATS               ]          | pop=4  avg_hunger= 60.5  avg_energy= 83.4  hungry=2  social_events=0  contested_food=2%
[16:33:57.243] [GENERATION_STATS    ]          | max_gen=1  avg_gen=0.2  total_births=3
[16:33:57.243] [ECOLOGY_SNAPSHOT    ]          | bonded_pairs=6  avg_best_bond=29.5  top=[ECHO-03<->ECHO-06:60.0  ECHO-05<->ECHO-06:19.7  ECHO-03<->ECHO-05:14.9]  lineages=[d1b7abb3x1]
[16:34:01.249] [SURVIVAL_DECISION   ] ECHO-15  | ignored_social | energy=77.9 hunger=70.4
[16:34:01.249] [STATE_CHANGE        ] ECHO-15  | SEEK_PARTNER (9.0s) -> WANDER  [normal]  h=70 e=78 s=5  tgt=139px
[16:34:02.245] [STATS               ]          | pop=4  avg_hunger= 79.0  avg_energy= 82.3  hungry=4  social_events=0  contested_food=2%
[16:34:02.245] [GENERATION_STATS    ]          | max_gen=1  avg_gen=0.2  total_births=3
[16:34:02.246] [ECOLOGY_SNAPSHOT    ]          | bonded_pairs=6  avg_best_bond=29.4  top=[ECHO-03<->ECHO-06:60.0  ECHO-05<->ECHO-06:19.6  ECHO-03<->ECHO-05:14.9]  lineages=[d1b7abb3x1]
[16:34:03.259] [STATE_CHANGE        ] ECHO-15  | WANDER (2.0s) -> SEEK_FOOD  [normal]  h=77 e=81 s=2
[16:34:03.260] [FOOD_CLAIM          ] ECHO-15  | food at (978,456)
[16:34:03.942] [STATE_CHANGE        ] ECHO-06  | SEEK_PARTNER (10.7s) -> SEEK_FOOD  [emergency_hunger]  h=80 e=84 s=6  tgt=288px
[16:34:03.943] [MIGRATION_DECISION  ] ECHO-06  | avoided contested zone  chose (987,152)
[16:34:03.943] [TARGET_SWITCH       ] ECHO-06  | (977,517) -> (987,152)
[16:34:03.943] [FOOD_CLAIM          ] ECHO-06  | food at (987,152)
[16:34:04.475] [FOOD_FOUND          ] ECHO-03  | ate at (973, 514)  total=43
[16:34:04.491] [FOOD_CLAIM          ] ECHO-03  | food at (954,511)
[16:34:04.857] [STATE_CHANGE        ] ECHO-05  | SEEK_PARTNER (9.7s) -> SEEK_FOOD  [emergency_hunger]  h=80 e=98 s=12  tgt=141px
[16:34:04.861] [EMERGENCY_OVERRIDE  ] ECHO-05  | contesting food at (978,456)  hunger=80
[16:34:04.862] [TARGET_SWITCH       ] ECHO-05  | (1040,225) -> (978,456)
[16:34:04.862] [FOOD_CONTEST        ] ECHO-05  | food at (978,456)
[16:34:05.275] [FOOD_CONTEST        ] ECHO-15  | food at (978,456)
[16:34:05.456] [FOOD_FOUND          ] ECHO-03  | ate at (964, 512)  total=44
[16:34:05.473] [STATE_CHANGE        ] ECHO-03  | SEEK_FOOD (14.0s) -> SEEK_PARTNER  [partner_separated]  h=34 e=62 s=8
[16:34:06.208] [EMERGENCY_OVERRIDE  ] ECHO-15  | contesting food at (978,456)  hunger=87
[16:34:07.258] [STATS               ]          | pop=4  avg_hunger= 78.0  avg_energy= 79.0  hungry=3  social_events=0  contested_food=3%
[16:34:07.258] [GENERATION_STATS    ]          | max_gen=1  avg_gen=0.2  total_births=3
[16:34:07.259] [ECOLOGY_SNAPSHOT    ]          | bonded_pairs=6  avg_best_bond=29.4  top=[ECHO-03<->ECHO-06:60.0  ECHO-05<->ECHO-06:19.6  ECHO-03<->ECHO-05:15.0]  lineages=[d1b7abb3x1]
[16:34:07.625] [MIGRATION_DECISION  ] ECHO-06  | avoided contested zone  chose (987,152)
[16:34:07.692] [FOOD_FOUND          ] ECHO-15  | ate at (978, 446)  total=11
[16:34:07.692] [RIVALRY             ] ECHO-15  | with ECHO-05  | affinity=   9.0 (Δ-0.4)
[16:34:07.709] [TARGET_SWITCH       ] ECHO-05  | (978,456) -> (954,479)
[16:34:07.709] [FOOD_CLAIM          ] ECHO-05  | food at (954,479)
[16:34:07.710] [FOOD_CLAIM          ] ECHO-15  | food at (953,480)
[16:34:08.009] [BEST_FRIEND         ] ECHO-15  | with ECHO-03  | affinity=   8.0
[16:34:08.025] [BEST_FRIEND         ] ECHO-03  | with ECHO-15  | affinity=   8.0
[16:34:09.796] [FOOD_FOUND          ] ECHO-05  | ate at (960, 471)  total=44
[16:34:09.812] [FOOD_CLAIM          ] ECHO-05  | food at (955,493)
[16:34:09.830] [FOOD_FOUND          ] ECHO-15  | ate at (959, 472)  total=12
[16:34:09.846] [STATE_CHANGE        ] ECHO-15  | SEEK_FOOD (6.6s) -> SEEK_PARTNER  [partner_separated]  h=30 e=79 s=0
[16:34:09.945] [FOOD_FOUND          ] ECHO-06  | ate at (993, 160)  total=37
[16:34:09.961] [FOOD_CLAIM          ] ECHO-06  | food at (916,159)
[16:34:10.936] [FOOD_FOUND          ] ECHO-05  | ate at (957, 483)  total=45
[16:34:10.952] [STATE_CHANGE        ] ECHO-05  | SEEK_FOOD (6.1s) -> SEEK_PARTNER  [partner_separated]  h=31 e=96 s=3
[16:34:12.258] [STATS               ]          | pop=4  avg_hunger= 51.0  avg_energy= 78.2  hungry=2  social_events=0  contested_food=2%
[16:34:12.259] [GENERATION_STATS    ]          | max_gen=1  avg_gen=0.2  total_births=3
[16:34:12.259] [ECOLOGY_SNAPSHOT    ]          | bonded_pairs=6  avg_best_bond=29.4  top=[ECHO-03<->ECHO-06:60.0  ECHO-05<->ECHO-06:19.6  ECHO-03<->ECHO-05:15.5]  lineages=[d1b7abb3x1]
[16:34:12.757] [REPRODUCTION_ATTEMPT] ECHO-05  | ECHO-05 + ECHO-15  affinity=9.8/9.5  dist=27px
[16:34:12.767] [REPRODUCTION        ] ECHO-16  | ECHO-05 + ECHO-15 produced offspring ECHO-16  GEN-2
[16:34:12.768] [REPRODUCTION_SUCCESS] ECHO-16  | ECHO-05 + ECHO-15 -> ECHO-16  GEN-2
[16:34:12.769] [OFFSPRING_BORN      ] ECHO-16  | GEN-2  lineage=77d53b52  risk=0.54 social=0.86 greed=0.32 lazy=0.29
[16:34:12.769] [FAMILY_LINE         ] ECHO-16  | lineage=77d53b52  first_offspring=ECHO-16  GEN-2  from ECHO-05 + ECHO-15
[16:34:13.642] [FOOD_CLAIM_RELEASE  ] ECHO-06  | food at (916,159)
[16:34:13.642] [TARGET_SWITCH       ] ECHO-06  | (916,159) -> (940,156)
[16:34:13.642] [FOOD_CLAIM          ] ECHO-06  | food at (940,156)
[16:34:13.658] [FOOD_FOUND          ] ECHO-06  | ate at (933, 159)  total=38
[16:34:13.674] [SEEK_PARTNER        ] ECHO-06  | with ECHO-03  dist=213px
[16:34:13.674] [STATE_CHANGE        ] ECHO-06  | SEEK_FOOD (9.7s) -> SEEK_PARTNER  [partner_separated]  h=45 e=57 s=0
[16:34:16.075] [SURVIVAL_DECISION   ] ECHO-03  | ignored_social | energy=77.9 hunger=69.8
[16:34:16.076] [STATE_CHANGE        ] ECHO-03  | SEEK_PARTNER (10.6s) -> WANDER  [normal]  h=70 e=78 s=0  tgt=139px
[16:34:16.079] [STATE_CHANGE        ] ECHO-06  | SEEK_PARTNER (2.4s) -> WANDER  [normal]  h=55 e=54 s=0  tgt=139px
[16:34:16.307] [BOND_STRENGTHENED   ] ECHO-05  | with ECHO-15  tier=10  mutual=10.0
[16:34:17.267] [STATS               ]          | pop=5  avg_hunger= 63.1  avg_energy= 61.3  hungry=4  social_events=0  contested_food=0%
[16:34:17.268] [GENERATION_STATS    ]          | max_gen=2  avg_gen=0.6  total_births=4
[16:34:17.268] [ECOLOGY_SNAPSHOT    ]          | bonded_pairs=6  avg_best_bond=22.2  top=[ECHO-03<->ECHO-06:60.0  ECHO-05<->ECHO-06:19.6  ECHO-03<->ECHO-05:16.0]  lineages=[d1b7abb3x1  77d53b52x1]
[16:34:17.826] [IDLE_ENTER          ] ECHO-06  | pausing for 4.0s
[16:34:18.091] [STATE_CHANGE        ] ECHO-03  | WANDER (2.0s) -> SEEK_FOOD  [normal]  h=77 e=81 s=0
[16:34:18.091] [FOOD_CLAIM          ] ECHO-03  | food at (1015,178)
[16:34:18.091] [STATE_CHANGE        ] ECHO-06  | WANDER (2.0s) -> SEEK_FOOD  [normal]  h=62 e=55 s=0
[16:34:18.092] [MIGRATION_DECISION  ] ECHO-06  | avoided contested zone  chose (916,159)
[16:34:18.092] [FOOD_CLAIM          ] ECHO-06  | food at (916,159)
[16:34:18.783] [STATE_CHANGE        ] ECHO-15  | SEEK_PARTNER (8.9s) -> SEEK_FOOD  [emergency_hunger]  h=80 e=52 s=0  tgt=145px
[16:34:18.783] [MIGRATION_DECISION  ] ECHO-15  | avoided contested zone  chose (972,427)
[16:34:18.783] [TARGET_SWITCH       ] ECHO-15  | (943,198) -> (972,427)
[16:34:18.783] [FOOD_CLAIM          ] ECHO-15  | food at (972,427)
[16:34:19.564] [STATE_CHANGE        ] ECHO-05  | SEEK_PARTNER (8.6s) -> SEEK_FOOD  [emergency_hunger]  h=80 e=69 s=0  tgt=155px
[16:34:19.565] [EMERGENCY_OVERRIDE  ] ECHO-05  | contesting food at (972,427)  hunger=80
[16:34:19.566] [TARGET_SWITCH       ] ECHO-05  | (935,188) -> (972,427)
[16:34:19.566] [FOOD_CONTEST        ] ECHO-05  | food at (972,427)
[16:34:19.794] [FOOD_CONTEST        ] ECHO-15  | food at (972,427)
[16:34:21.726] [EMERGENCY_OVERRIDE  ] ECHO-15  | contesting food at (972,427)  hunger=90
[16:34:21.776] [IDLE_ENTER          ] ECHO-16  | pausing for 4.5s
[16:34:22.153] [STATE_CHANGE        ] ECHO-16  | WANDER (9.4s) -> SEEK_FOOD  [normal]  h=55 e=53 s=47
[16:34:22.154] [MIGRATION_DECISION  ] ECHO-16  | avoided contested zone  chose (809,527)
[16:34:22.156] [FOOD_CLAIM          ] ECHO-16  | food at (809,527)
[16:34:22.267] [FOOD_FOUND          ] ECHO-03  | ate at (1013, 187)  total=45
[16:34:22.283] [MIGRATION_DECISION  ] ECHO-03  | avoided contested zone  chose (1046,84)
[16:34:22.283] [FOOD_CLAIM          ] ECHO-03  | food at (1046,84)
[16:34:22.284] [STATS               ]          | pop=5  avg_hunger= 73.8  avg_energy= 60.7  hungry=5  social_events=0  contested_food=7%
[16:34:22.284] [GENERATION_STATS    ]          | max_gen=2  avg_gen=0.6  total_births=4
[16:34:22.285] [ECOLOGY_SNAPSHOT    ]          | bonded_pairs=6  avg_best_bond=22.2  top=[ECHO-03<->ECHO-06:60.0  ECHO-05<->ECHO-06:19.6  ECHO-03<->ECHO-05:16.3]  lineages=[d1b7abb3x1  77d53b52x1]
[16:34:22.431] [FOOD_FOUND          ] ECHO-06  | ate at (921, 168)  total=39
[16:34:22.992] [FOOD_FOUND          ] ECHO-15  | ate at (970, 418)  total=13
[16:34:22.992] [RIVALRY             ] ECHO-15  | with ECHO-05  | affinity=  10.1 (Δ-0.4)
[16:34:23.009] [TARGET_SWITCH       ] ECHO-05  | (972,427) -> (915,486)
[16:34:23.009] [FOOD_CLAIM          ] ECHO-05  | food at (915,486)
[16:34:23.010] [FOOD_CLAIM          ] ECHO-15  | food at (1012,508)
[16:34:23.109] [FOOD_CLAIM          ] ECHO-06  | food at (967,142)
[16:34:25.956] [FOOD_CLAIM_RELEASE  ] ECHO-15  | food at (1012,508)
[16:34:25.957] [TARGET_SWITCH       ] ECHO-15  | (1012,508) -> (997,491)
[16:34:25.958] [FOOD_CLAIM          ] ECHO-15  | food at (997,491)
[16:34:25.972] [FOOD_FOUND          ] ECHO-15  | ate at (1001, 483)  total=14
[16:34:25.989] [STATE_CHANGE        ] ECHO-15  | SEEK_FOOD (7.2s) -> SEEK_PARTNER  [partner_separated]  h=35 e=50 s=0
[16:34:26.056] [FOOD_FOUND          ] ECHO-03  | ate at (1043, 94)  total=46
[16:34:26.074] [STATE_CHANGE        ] ECHO-03  | SEEK_FOOD (8.0s) -> WANDER  [normal]  h=34 e=78 s=0
[16:34:26.825] [FOOD_FOUND          ] ECHO-05  | ate at (921, 478)  total=46
[16:34:26.843] [FOOD_CLAIM          ] ECHO-05  | food at (897,496)
[16:34:27.293] [STATS               ]          | pop=5  avg_hunger= 55.4  avg_energy= 57.6  hungry=3  social_events=0  contested_food=5%
[16:34:27.294] [GENERATION_STATS    ]          | max_gen=2  avg_gen=0.6  total_births=4
[16:34:27.294] [ECOLOGY_SNAPSHOT    ]          | bonded_pairs=6  avg_best_bond=22.1  top=[ECHO-03<->ECHO-06:60.0  ECHO-05<->ECHO-06:19.6  ECHO-03<->ECHO-05:16.2]  lineages=[d1b7abb3x1  77d53b52x1]
[16:34:27.511] [FOOD_FOUND          ] ECHO-06  | ate at (957, 145)  total=40
[16:34:27.528] [STATE_CHANGE        ] ECHO-06  | SEEK_FOOD (9.4s) -> WANDER  [normal]  h=24 e=52 s=0
[16:34:27.677] [FOOD_FOUND          ] ECHO-16  | ate at (819, 528)  total=1
[16:34:27.693] [MIGRATION_DECISION  ] ECHO-16  | avoided contested zone  chose (744,496)
[16:34:27.694] [FOOD_CLAIM          ] ECHO-16  | food at (744,496)
[16:34:28.558] [FOOD_FOUND          ] ECHO-05  | ate at (905, 490)  total=47
[16:34:28.574] [STATE_CHANGE        ] ECHO-05  | SEEK_FOOD (9.0s) -> SEEK_PARTNER  [partner_separated]  h=36 e=66 s=0
[16:34:31.592] [STATE_CHANGE        ] ECHO-03  | WANDER (5.5s) -> SEEK_FOOD  [normal]  h=55 e=75 s=0
[16:34:31.592] [FOOD_CLAIM          ] ECHO-03  | food at (1018,140)
[16:34:32.306] [STATS               ]          | pop=5  avg_hunger= 53.1  avg_energy= 55.5  hungry=3  social_events=0  contested_food=3%
[16:34:32.307] [GENERATION_STATS    ]          | max_gen=2  avg_gen=0.6  total_births=4
[16:34:32.307] [ECOLOGY_SNAPSHOT    ]          | bonded_pairs=6  avg_best_bond=22.1  top=[ECHO-03<->ECHO-06:60.0  ECHO-05<->ECHO-06:19.6  ECHO-03<->ECHO-05:16.2]  lineages=[d1b7abb3x1  77d53b52x1]
[16:34:32.946] [FOOD_FOUND          ] ECHO-16  | ate at (753, 500)  total=2
[16:34:32.962] [STATE_CHANGE        ] ECHO-16  | SEEK_FOOD (10.8s) -> REST  [normal]  h=28 e=22 s=31
[16:34:32.964] [REST_REASON         ] ECHO-16  | low_energy | energy=22.3 laziness=0.29
[16:34:33.539] [NESTING             ] ECHO-06  | with ECHO-03  dist=70px
[16:34:33.540] [STATE_CHANGE        ] ECHO-06  | WANDER (6.0s) -> SOCIALIZE  [normal]  h=47 e=50 s=0
[16:34:33.859] [SOCIAL              ] ECHO-06  | interacting with ECHO-03  total=7
[16:34:34.969] [STATE_CHANGE        ] ECHO-16  | REST (2.0s) -> WANDER  [normal]  h=36 e=58 s=28
[16:34:35.534] [FOOD_FOUND          ] ECHO-03  | ate at (1016, 130)  total=47
[16:34:35.551] [STATE_CHANGE        ] ECHO-03  | SEEK_FOOD (4.0s) -> SOCIALIZE  [normal]  h=31 e=78 s=0
[16:34:35.552] [COOPERATIVE_SURVIVAL] ECHO-06  | with ECHO-03  mutual_affinity=60.0
[16:34:37.310] [STATS               ]          | pop=5  avg_hunger= 53.3  avg_energy= 69.3  hungry=2  social_events=1  contested_food=0%
[16:34:37.311] [GENERATION_STATS    ]          | max_gen=2  avg_gen=0.6  total_births=4
[16:34:37.311] [ECOLOGY_SNAPSHOT    ]          | bonded_pairs=6  avg_best_bond=22.1  top=[ECHO-03<->ECHO-06:60.0  ECHO-05<->ECHO-06:19.6  ECHO-03<->ECHO-05:16.2]  lineages=[d1b7abb3x1  77d53b52x1]
[16:34:39.360] [STATE_CHANGE        ] ECHO-15  | SEEK_PARTNER (13.4s) -> SEEK_FOOD  [emergency_hunger]  h=80 e=69 s=0  tgt=151px
[16:34:39.360] [TARGET_SWITCH       ] ECHO-15  | (1003,138) -> (900,459)
[16:34:39.361] [FOOD_CLAIM          ] ECHO-15  | food at (900,459)
[16:34:39.460] [STATE_CHANGE        ] ECHO-16  | WANDER (4.5s) -> SOCIALIZE  [normal]  h=54 e=53 s=21
[16:34:40.109] [STATE_CHANGE        ] ECHO-06  | SOCIALIZE (6.6s) -> WANDER  [normal]  h=52 e=71 s=50  tgt=0px
[16:34:41.544] [STATE_CHANGE        ] ECHO-05  | SEEK_PARTNER (13.0s) -> SEEK_FOOD  [emergency_hunger]  h=80 e=85 s=0  tgt=153px
[16:34:41.545] [MIGRATION_DECISION  ] ECHO-05  | avoided contested zone  chose (810,440)
[16:34:41.545] [TARGET_SWITCH       ] ECHO-05  | (1020,136) -> (810,440)
[16:34:41.545] [FOOD_CLAIM          ] ECHO-05  | food at (810,440)
[16:34:41.809] [STATE_CHANGE        ] ECHO-03  | SOCIALIZE (6.3s) -> WANDER  [normal]  h=36 e=98 s=50  tgt=16px
[16:34:42.122] [STATE_CHANGE        ] ECHO-06  | WANDER (2.0s) -> SEEK_FOOD  [normal]  h=56 e=78 s=47
[16:34:42.306] [MIGRATION_DECISION  ] ECHO-15  | avoided contested zone  chose (900,459)
[16:34:42.326] [STATS               ]          | pop=5  avg_hunger= 66.3  avg_energy= 76.3  hungry=4  social_events=0  contested_food=3%
[16:34:42.328] [GENERATION_STATS    ]          | max_gen=2  avg_gen=0.6  total_births=4
[16:34:42.328] [ECOLOGY_SNAPSHOT    ]          | bonded_pairs=6  avg_best_bond=22.1  top=[ECHO-03<->ECHO-06:60.0  ECHO-05<->ECHO-06:19.5  ECHO-03<->ECHO-05:16.2]  lineages=[d1b7abb3x1  77d53b52x1]
[16:34:44.691] [MIGRATION_DECISION  ] ECHO-05  | avoided contested zone  chose (766,438)
[16:34:44.691] [TARGET_SWITCH       ] ECHO-05  | (810,440) -> (766,438)
[16:34:44.692] [FOOD_CLAIM          ] ECHO-05  | food at (766,438)
[16:34:45.466] [STATE_CHANGE        ] ECHO-03  | WANDER (3.7s) -> SEEK_PARTNER  [partner_separated]  h=46 e=99 s=45
[16:34:45.895] [STATE_CHANGE        ] ECHO-16  | SOCIALIZE (6.4s) -> SEEK_FOOD  [emergency_hunger]  h=80 e=45 s=21
[16:34:45.896] [MIGRATION_DECISION  ] ECHO-16  | avoided contested zone  chose (734,472)
[16:34:45.896] [FOOD_CLAIM          ] ECHO-16  | food at (734,472)
[16:34:46.592] [FOOD_FOUND          ] ECHO-15  | ate at (905, 450)  total=15
[16:34:46.608] [MIGRATION_DECISION  ] ECHO-15  | avoided contested zone  chose (1012,508)
[16:34:46.608] [FOOD_CLAIM          ] ECHO-15  | food at (1012,508)
[16:34:47.328] [STATS               ]          | pop=5  avg_hunger= 76.0  avg_energy= 72.3  hungry=4  social_events=0  contested_food=7%
[16:34:47.328] [GENERATION_STATS    ]          | max_gen=2  avg_gen=0.6  total_births=4
[16:34:47.329] [ECOLOGY_SNAPSHOT    ]          | bonded_pairs=6  avg_best_bond=22.1  top=[ECHO-03<->ECHO-06:60.0  ECHO-05<->ECHO-06:19.5  ECHO-03<->ECHO-05:16.2]  lineages=[d1b7abb3x1  77d53b52x1]
[16:34:47.842] [TARGET_SWITCH       ] ECHO-05  | (766,438) -> (769,434)
[16:34:47.842] [FOOD_CLAIM          ] ECHO-05  | food at (769,434)
[16:34:49.079] [EMERGENCY_OVERRIDE  ] ECHO-06  | contesting food at (1012,508)  hunger=80
[16:34:49.079] [FOOD_CONTEST        ] ECHO-06  | food at (1012,508)
[16:34:49.460] [FOOD_CONTEST        ] ECHO-15  | food at (1012,508)
[16:34:49.876] [FOOD_FOUND          ] ECHO-05  | ate at (777, 429)  total=48
[16:34:50.473] [FOOD_FOUND          ] ECHO-05  | ate at (774, 432)  total=49
[16:34:50.489] [STATE_CHANGE        ] ECHO-05  | SEEK_FOOD (8.9s) -> SEEK_PARTNER  [partner_separated]  h=32 e=75 s=0
[16:34:51.669] [FOOD_FOUND          ] ECHO-15  | ate at (1004, 503)  total=16
[16:34:51.670] [RIVALRY             ] ECHO-15  | with ECHO-06  | affinity=  17.3 (Δ-0.4)
[16:34:51.686] [STATE_CHANGE        ] ECHO-15  | SEEK_FOOD (12.3s) -> SEEK_PARTNER  [partner_separated]  h=50 e=55 s=0
[16:34:52.339] [STATS               ]          | pop=5  avg_hunger= 71.9  avg_energy= 61.1  hungry=3  social_events=0  contested_food=2%
[16:34:52.340] [GENERATION_STATS    ]          | max_gen=2  avg_gen=0.6  total_births=4
[16:34:52.340] [ECOLOGY_SNAPSHOT    ]          | bonded_pairs=6  avg_best_bond=22.1  top=[ECHO-03<->ECHO-06:60.0  ECHO-05<->ECHO-06:19.5  ECHO-03<->ECHO-05:16.2]  lineages=[d1b7abb3x1  77d53b52x1]
[16:34:52.418] [FOOD_FOUND          ] ECHO-16  | ate at (734, 482)  total=3
[16:34:52.434] [FOOD_CLAIM          ] ECHO-16  | food at (750,450)
[16:34:53.198] [FOOD_CLAIM          ] ECHO-06  | food at (941,503)
[16:34:53.692] [STATE_CHANGE        ] ECHO-15  | SEEK_PARTNER (2.0s) -> WANDER  [normal]  h=58 e=53 s=0  tgt=119px
[16:34:53.919] [STATE_CHANGE        ] ECHO-03  | SEEK_PARTNER (8.5s) -> SEEK_FOOD  [emergency_hunger]  h=80 e=91 s=32  tgt=402px
[16:34:53.920] [MIGRATION_DECISION  ] ECHO-03  | avoided contested zone  chose (975,136)
[16:34:53.920] [TARGET_SWITCH       ] ECHO-03  | (1069,630) -> (975,136)
[16:34:53.922] [FOOD_CLAIM          ] ECHO-03  | food at (975,136)
[16:34:55.592] [FOOD_FOUND          ] ECHO-16  | ate at (746, 458)  total=4
[16:34:55.608] [FOOD_CLAIM          ] ECHO-16  | food at (758,452)
[16:34:55.708] [STATE_CHANGE        ] ECHO-15  | WANDER (2.0s) -> SEEK_FOOD  [normal]  h=65 e=56 s=0
[16:34:55.709] [MIGRATION_DECISION  ] ECHO-15  | avoided contested zone  chose (945,474)
[16:34:55.709] [FOOD_CLAIM          ] ECHO-15  | food at (945,474)
[16:34:56.425] [FOOD_FOUND          ] ECHO-16  | ate at (749, 457)  total=5
[16:34:56.442] [STATE_CHANGE        ] ECHO-16  | SEEK_FOOD (10.5s) -> REST  [normal]  h=11 e=16 s=6
[16:34:56.443] [REST_REASON         ] ECHO-16  | low_energy | energy=15.8 laziness=0.29
[16:34:57.343] [STATS               ]          | pop=5  avg_hunger= 67.7  avg_energy= 58.1  hungry=4  social_events=0  contested_food=5%
[16:34:57.344] [GENERATION_STATS    ]          | max_gen=2  avg_gen=0.6  total_births=4
[16:34:57.344] [ECOLOGY_SNAPSHOT    ]          | bonded_pairs=6  avg_best_bond=22.2  top=[ECHO-03<->ECHO-06:60.0  ECHO-05<->ECHO-06:19.5  ECHO-03<->ECHO-05:16.2]  lineages=[d1b7abb3x1  77d53b52x1]
[16:34:58.177] [FOOD_FOUND          ] ECHO-03  | ate at (982, 143)  total=48
[16:34:58.358] [STATE_CHANGE        ] ECHO-05  | SEEK_PARTNER (7.9s) -> WANDER  [normal]  h=63 e=70 s=0  tgt=139px
[16:34:58.593] [STATE_CHANGE        ] ECHO-16  | REST (2.2s) -> SOCIALIZE  [normal]  h=20 e=54 s=2
[16:34:58.659] [FOOD_CLAIM_RELEASE  ] ECHO-15  | food at (945,474)
[16:34:58.660] [TARGET_SWITCH       ] ECHO-15  | (945,474) -> (952,481)
[16:34:58.660] [FOOD_CLAIM          ] ECHO-15  | food at (952,481)
[16:34:58.909] [FOOD_FOUND          ] ECHO-15  | ate at (956, 490)  total=17
[16:34:58.925] [FOOD_CLAIM          ] ECHO-15  | food at (945,474)
[16:34:59.210] [FOOD_CLAIM          ] ECHO-03  | food at (972,142)
[16:35:00.108] [FOOD_FOUND          ] ECHO-15  | ate at (950, 482)  total=18
[16:35:00.126] [STATE_CHANGE        ] ECHO-15  | SEEK_FOOD (4.4s) -> SOCIALIZE  [normal]  h=9 e=55 s=0
[16:35:00.374] [STATE_CHANGE        ] ECHO-05  | WANDER (2.0s) -> SEEK_FOOD  [normal]  h=70 e=73 s=0
[16:35:00.376] [MIGRATION_DECISION  ] ECHO-05  | avoided contested zone  chose (810,440)
[16:35:00.376] [FOOD_CLAIM          ] ECHO-05  | food at (810,440)
[16:35:00.457] [SOCIAL              ] ECHO-15  | interacting with ECHO-06  total=3
[16:35:01.107] [FOOD_FOUND          ] ECHO-03  | ate at (981, 138)  total=49
[16:35:01.124] [STATE_CHANGE        ] ECHO-03  | SEEK_FOOD (7.2s) -> SEEK_PARTNER  [partner_separated]  h=39 e=70 s=21
[16:35:02.359] [STATS               ]          | pop=5  avg_hunger= 53.2  avg_energy= 61.1  hungry=2  social_events=1  contested_food=3%
[16:35:02.359] [GENERATION_STATS    ]          | max_gen=2  avg_gen=0.6  total_births=4
[16:35:02.360] [ECOLOGY_SNAPSHOT    ]          | bonded_pairs=6  avg_best_bond=22.4  top=[ECHO-03<->ECHO-06:60.0  ECHO-05<->ECHO-06:19.8  ECHO-03<->ECHO-05:16.1]  lineages=[d1b7abb3x1  77d53b52x1]
[16:35:03.522] [MIGRATION_DECISION  ] ECHO-05  | avoided contested zone  chose (810,440)
[16:35:04.224] [FOOD_FOUND          ] ECHO-06  | ate at (948, 510)  total=41
[16:35:04.242] [MIGRATION_DECISION  ] ECHO-06  | avoided contested zone  chose (981,472)
[16:35:04.242] [FOOD_CLAIM          ] ECHO-06  | food at (981,472)
[16:35:04.526] [FOOD_FOUND          ] ECHO-05  | ate at (819, 444)  total=50
[16:35:04.542] [STATE_CHANGE        ] ECHO-05  | SEEK_FOOD (4.2s) -> SEEK_PARTNER  [partner_separated]  h=50 e=66 s=0
[16:35:04.924] [SOCIAL              ] ECHO-16  | interacting with ECHO-05  total=1
[16:35:05.742] [BOND_STRENGTHENED   ] ECHO-05  | with ECHO-16  tier=3  mutual=3.0
[16:35:06.552] [STATE_CHANGE        ] ECHO-05  | SEEK_PARTNER (2.0s) -> WANDER  [normal]  h=58 e=64 s=0  tgt=125px
[16:35:06.718] [STATE_CHANGE        ] ECHO-15  | SOCIALIZE (6.6s) -> WANDER  [normal]  h=15 e=76 s=50  tgt=19px
[16:35:07.360] [STATS               ]          | pop=5  avg_hunger= 53.0  avg_energy= 60.5  hungry=3  social_events=1  contested_food=2%
[16:35:07.360] [GENERATION_STATS    ]          | max_gen=2  avg_gen=0.6  total_births=4
[16:35:07.361] [ECOLOGY_SNAPSHOT    ]          | bonded_pairs=6  avg_best_bond=22.5  top=[ECHO-03<->ECHO-06:60.0  ECHO-05<->ECHO-06:19.8  ECHO-03<->ECHO-05:16.1]  lineages=[d1b7abb3x1  77d53b52x1]
[16:35:08.260] [FOOD_FOUND          ] ECHO-06  | ate at (974, 479)  total=42
[16:35:08.278] [SEEK_PARTNER        ] ECHO-06  | with ECHO-03  dist=217px
[16:35:08.279] [STATE_CHANGE        ] ECHO-06  | SEEK_FOOD (26.2s) -> SEEK_PARTNER  [partner_separated]  h=44 e=51 s=8
[16:35:08.559] [STATE_CHANGE        ] ECHO-05  | WANDER (2.0s) -> SEEK_FOOD  [normal]  h=65 e=67 s=0
[16:35:08.559] [FOOD_CLAIM          ] ECHO-05  | food at (791,464)
[16:35:08.676] [SOCIAL              ] ECHO-16  | interacting with ECHO-05  total=2
[16:35:10.909] [SURVIVAL_DECISION   ] ECHO-03  | ignored_social | energy=60.4 hunger=78.0
[16:35:10.910] [STATE_CHANGE        ] ECHO-03  | SEEK_PARTNER (9.8s) -> WANDER  [normal]  h=78 e=60 s=6  tgt=139px
[16:35:10.910] [STATE_CHANGE        ] ECHO-06  | SEEK_PARTNER (2.6s) -> WANDER  [normal]  h=53 e=54 s=4  tgt=139px
[16:35:11.412] [STATE_CHANGE        ] ECHO-03  | WANDER (0.5s) -> SEEK_FOOD  [emergency_hunger]  h=80 e=60 s=6
[16:35:11.413] [MIGRATION_DECISION  ] ECHO-03  | avoided contested zone  chose (956,118)
[16:35:11.413] [FOOD_CLAIM          ] ECHO-03  | food at (956,118)
[16:35:11.514] [STATE_CHANGE        ] ECHO-16  | SOCIALIZE (12.9s) -> SEEK_FOOD  [normal]  h=60 e=39 s=50  tgt=20px
[16:35:11.515] [TARGET_SWITCH       ] ECHO-16  | (808,458) -> (758,441)
[16:35:11.515] [FOOD_CLAIM          ] ECHO-16  | food at (758,441)
[16:35:11.532] [CROWD_AVOIDANCE     ] ECHO-06  | seekers_nearby=3 pressure=0.00
[16:35:11.533] [CROWD_AVOIDANCE     ] ECHO-15  | seekers_nearby=3 pressure=0.00
[16:35:12.374] [STATS               ]          | pop=5  avg_hunger= 62.6  avg_energy= 61.1  hungry=4  social_events=1  contested_food=5%
[16:35:12.375] [GENERATION_STATS    ]          | max_gen=2  avg_gen=0.6  total_births=4
[16:35:12.375] [ECOLOGY_SNAPSHOT    ]          | bonded_pairs=6  avg_best_bond=22.7  top=[ECHO-03<->ECHO-06:60.0  ECHO-05<->ECHO-06:20.0  ECHO-03<->ECHO-05:16.1]  lineages=[d1b7abb3x1  77d53b52x1]
[16:35:12.409] [FOOD_FOUND          ] ECHO-05  | ate at (800, 461)  total=51
[16:35:12.425] [STATE_CHANGE        ] ECHO-05  | SEEK_FOOD (3.9s) -> SEEK_PARTNER  [partner_separated]  h=43 e=66 s=0
[16:35:12.925] [STATE_CHANGE        ] ECHO-06  | WANDER (2.0s) -> SEEK_FOOD  [normal]  h=60 e=57 s=1
[16:35:14.007] [BEST_FRIEND         ] ECHO-16  | with ECHO-05  | affinity=   8.0
[16:35:14.127] [STATE_CHANGE        ] ECHO-15  | WANDER (7.4s) -> SEEK_PARTNER  [partner_separated]  h=36 e=92 s=39
[16:35:14.243] [FOOD_CLAIM          ] ECHO-06  | food at (944,479)
[16:35:14.510] [MIGRATION_DECISION  ] ECHO-03  | avoided contested zone  chose (956,118)
[16:35:15.443] [STATE_CHANGE        ] ECHO-05  | SEEK_PARTNER (3.0s) -> WANDER  [normal]  h=54 e=70 s=0  tgt=139px
[16:35:16.142] [STATE_CHANGE        ] ECHO-15  | SEEK_PARTNER (2.0s) -> WANDER  [normal]  h=43 e=95 s=36  tgt=87px
[16:35:16.175] [FOOD_FOUND          ] ECHO-16  | ate at (768, 443)  total=6
[16:35:16.192] [MIGRATION_DECISION  ] ECHO-16  | avoided contested zone  chose (749,427)
[16:35:16.192] [FOOD_CLAIM          ] ECHO-16  | food at (749,427)
[16:35:17.376] [STATS               ]          | pop=5  avg_hunger= 66.2  avg_energy= 57.5  hungry=3  social_events=0  contested_food=5%
[16:35:17.377] [GENERATION_STATS    ]          | max_gen=2  avg_gen=0.6  total_births=4
[16:35:17.377] [ECOLOGY_SNAPSHOT    ]          | bonded_pairs=6  avg_best_bond=22.9  top=[ECHO-03<->ECHO-06:60.0  ECHO-05<->ECHO-06:20.1  ECHO-03<->ECHO-05:16.1]  lineages=[d1b7abb3x1  77d53b52x1]
[16:35:17.446] [STATE_CHANGE        ] ECHO-05  | WANDER (2.0s) -> SEEK_FOOD  [normal]  h=60 e=73 s=0
[16:35:17.447] [FOOD_CLAIM          ] ECHO-05  | food at (742,442)
[16:35:18.392] [FOOD_FOUND          ] ECHO-16  | ate at (757, 433)  total=7
[16:35:18.409] [STATE_CHANGE        ] ECHO-16  | SEEK_FOOD (6.9s) -> REST  [normal]  h=16 e=25 s=40
[16:35:18.409] [REST_REASON         ] ECHO-16  | low_energy | energy=25.1 laziness=0.29
[16:35:19.093] [FOOD_FOUND          ] ECHO-03  | ate at (957, 128)  total=50
[16:35:19.109] [FOOD_CLAIM          ] ECHO-03  | food at (998,74)
[16:35:19.798] [STATE_CHANGE        ] ECHO-15  | WANDER (3.7s) -> SEEK_FOOD  [normal]  h=55 e=100 s=30
[16:35:19.799] [FOOD_CLAIM          ] ECHO-15  | food at (740,437)
[16:35:20.308] [BOND_STRENGTHENED   ] ECHO-05  | with ECHO-16  tier=6  mutual=6.0
[16:35:20.425] [STATE_CHANGE        ] ECHO-16  | REST (2.0s) -> WANDER  [normal]  h=23 e=66 s=37
[16:35:20.426] [CROWD_AVOIDANCE     ] ECHO-16  | seekers_nearby=3 pressure=0.00
[16:35:20.560] [FOOD_FOUND          ] ECHO-06  | ate at (949, 470)  total=43
[16:35:20.576] [STATE_CHANGE        ] ECHO-06  | SEEK_FOOD (7.7s) -> SEEK_PARTNER  [partner_separated]  h=52 e=49 s=0
[16:35:21.445] [PAIR_BOND           ] ECHO-05  | with ECHO-16  mutual_affinity=6.1
[16:35:22.376] [STATS               ]          | pop=5  avg_hunger= 61.5  avg_energy= 63.5  hungry=4  social_events=0  contested_food=5%
[16:35:22.377] [GENERATION_STATS    ]          | max_gen=2  avg_gen=0.6  total_births=4
[16:35:22.378] [ECOLOGY_SNAPSHOT    ]          | bonded_pairs=6  avg_best_bond=23.1  top=[ECHO-03<->ECHO-06:60.0  ECHO-05<->ECHO-06:20.3  ECHO-03<->ECHO-05:16.1]  lineages=[d1b7abb3x1  77d53b52x1]
[16:35:22.609] [FOOD_FOUND          ] ECHO-05  | ate at (752, 441)  total=52
[16:35:22.626] [STATE_CHANGE        ] ECHO-05  | SEEK_FOOD (5.2s) -> SEEK_PARTNER  [partner_separated]  h=43 e=71 s=0
[16:35:22.725] [FOOD_FOUND          ] ECHO-03  | ate at (992, 82)  total=51
[16:35:22.742] [STATE_CHANGE        ] ECHO-03  | SEEK_FOOD (11.3s) -> SEEK_PARTNER  [partner_separated]  h=45 e=28 s=0
[16:35:25.376] [FOOD_FOUND          ] ECHO-15  | ate at (749, 434)  total=19
[16:35:25.394] [STATE_CHANGE        ] ECHO-15  | SEEK_FOOD (5.6s) -> SEEK_PARTNER  [partner_separated]  h=39 e=98 s=22
[16:35:27.009] [STATE_CHANGE        ] ECHO-05  | SEEK_PARTNER (4.4s) -> WANDER  [normal]  h=58 e=78 s=0  tgt=139px
[16:35:27.379] [STATS               ]          | pop=5  avg_hunger= 58.7  avg_energy= 64.2  hungry=3  social_events=0  contested_food=0%
[16:35:27.379] [GENERATION_STATS    ]          | max_gen=2  avg_gen=0.6  total_births=4
[16:35:27.379] [ECOLOGY_SNAPSHOT    ]          | bonded_pairs=6  avg_best_bond=23.2  top=[ECHO-03<->ECHO-06:60.0  ECHO-05<->ECHO-06:20.2  ECHO-03<->ECHO-05:16.1]  lineages=[d1b7abb3x1  77d53b52x1]
[16:35:27.724] [STATE_CHANGE        ] ECHO-06  | SEEK_PARTNER (7.1s) -> SEEK_FOOD  [emergency_hunger]  h=80 e=44 s=0  tgt=264px
[16:35:27.725] [TARGET_SWITCH       ] ECHO-06  | (988,124) -> (942,324)
[16:35:27.725] [FOOD_CLAIM          ] ECHO-06  | food at (942,324)
[16:35:28.258] [IDLE_ENTER          ] ECHO-16  | pausing for 3.2s
[16:35:29.010] [STATE_CHANGE        ] ECHO-05  | WANDER (2.0s) -> SEEK_FOOD  [normal]  h=65 e=80 s=0
[16:35:29.011] [MIGRATION_DECISION  ] ECHO-05  | avoided contested zone  chose (941,516)
[16:35:29.011] [FOOD_CLAIM          ] ECHO-05  | food at (941,516)
[16:35:29.806] [STATE_CHANGE        ] ECHO-16  | WANDER (9.4s) -> SEEK_FOOD  [normal]  h=55 e=79 s=23
[16:35:29.823] [STATE_CHANGE        ] ECHO-15  | SEEK_PARTNER (4.4s) -> WANDER  [normal]  h=54 e=100 s=15  tgt=139px
[16:35:29.825] [CROWD_AVOIDANCE     ] ECHO-15  | seekers_nearby=3 pressure=0.00
[16:35:30.656] [SURVIVAL_DECISION   ] ECHO-03  | emergency_rest | energy=20.0
[16:35:30.656] [STATE_CHANGE        ] ECHO-03  | SEEK_PARTNER (7.9s) -> REST  [emergency_rest]  h=76 e=20 s=0  tgt=199px
[16:35:30.656] [REST_REASON         ] ECHO-03  | emergency_rest | energy=20.0
[16:35:31.399] [MIGRATION_DECISION  ] ECHO-06  | avoided contested zone  chose (942,324)
[16:35:31.595] [STATE_CHANGE        ] ECHO-03  | REST (0.9s) -> SEEK_FOOD  [emergency_hunger]  h=80 e=37 s=0
[16:35:31.595] [MIGRATION_DECISION  ] ECHO-03  | avoided contested zone  chose (983,135)
[16:35:31.596] [FOOD_CLAIM          ] ECHO-03  | food at (983,135)
[16:35:31.825] [STATE_CHANGE        ] ECHO-15  | WANDER (2.0s) -> SEEK_FOOD  [normal]  h=61 e=100 s=12
[16:35:32.390] [STATS               ]          | pop=5  avg_hunger= 76.6  avg_energy= 66.0  hungry=5  social_events=0  contested_food=5%
[16:35:32.390] [GENERATION_STATS    ]          | max_gen=2  avg_gen=0.6  total_births=4
[16:35:32.390] [ECOLOGY_SNAPSHOT    ]          | bonded_pairs=6  avg_best_bond=23.4  top=[ECHO-03<->ECHO-06:60.0  ECHO-05<->ECHO-06:20.4  ECHO-03<->ECHO-05:16.0]  lineages=[d1b7abb3x1  77d53b52x1]
[16:35:32.525] [FOOD_FOUND          ] ECHO-03  | ate at (984, 145)  total=52
[16:35:32.543] [STATE_CHANGE        ] ECHO-03  | SEEK_FOOD (0.9s) -> SEEK_PARTNER  [partner_separated]  h=49 e=34 s=0
[16:35:32.752] [FOOD_FOUND          ] ECHO-06  | ate at (944, 334)  total=44
[16:35:33.376] [MIGRATION_DECISION  ] ECHO-06  | avoided contested zone  chose (997,133)
[16:35:33.376] [FOOD_CLAIM          ] ECHO-06  | food at (997,133)
[16:35:33.841] [FOOD_FOUND          ] ECHO-05  | ate at (935, 508)  total=53
[16:35:33.858] [STATE_CHANGE        ] ECHO-05  | SEEK_FOOD (4.8s) -> SEEK_PARTNER  [partner_separated]  h=46 e=79 s=0
[16:35:34.904] [STATE_CHANGE        ] ECHO-03  | SEEK_PARTNER (2.3s) -> WANDER  [normal]  h=58 e=32 s=0  tgt=139px
[16:35:34.938] [MIGRATION_DECISION  ] ECHO-15  | avoided contested zone  chose (940,101)
[16:35:34.940] [FOOD_CLAIM          ] ECHO-15  | food at (940,101)
[16:35:35.356] [MIGRATION_DECISION  ] ECHO-16  | avoided contested zone  chose (754,457)
[16:35:35.357] [FOOD_CLAIM          ] ECHO-16  | food at (754,457)
[16:35:36.906] [STATE_CHANGE        ] ECHO-03  | WANDER (2.0s) -> SEEK_FOOD  [normal]  h=65 e=33 s=0
[16:35:36.907] [FOOD_CONTEST        ] ECHO-03  | food at (997,133)
[16:35:37.410] [FOOD_CONTEST        ] ECHO-06  | food at (997,133)
[16:35:37.442] [STATS               ]          | pop=5  avg_hunger= 71.8  avg_energy= 66.0  hungry=5  social_events=0  contested_food=5%
[16:35:37.442] [GENERATION_STATS    ]          | max_gen=2  avg_gen=0.6  total_births=4
[16:35:37.443] [ECOLOGY_SNAPSHOT    ]          | bonded_pairs=6  avg_best_bond=23.5  top=[ECHO-03<->ECHO-06:60.0  ECHO-05<->ECHO-06:20.4  ECHO-03<->ECHO-05:16.0]  lineages=[d1b7abb3x1  77d53b52x1]
[16:35:38.554] [MIGRATION_DECISION  ] ECHO-16  | avoided contested zone  chose (754,457)
[16:35:39.807] [FOOD_FOUND          ] ECHO-03  | ate at (995, 143)  total=53
[16:35:39.808] [RIVALRY             ] ECHO-03  | with ECHO-06  | affinity=  59.6 (Δ-0.4)
[16:35:39.808] [TARGET_SWITCH       ] ECHO-06  | (997,133) -> (1049,216)
[16:35:39.809] [FOOD_CLAIM          ] ECHO-06  | food at (1049,216)
[16:35:41.342] [FOOD_FOUND          ] ECHO-15  | ate at (939, 111)  total=20
[16:35:41.390] [NESTING             ] ECHO-06  | with ECHO-03  dist=70px
[16:35:41.642] [FOOD_CLAIM          ] ECHO-03  | food at (991,153)
[16:35:42.126] [STATE_CHANGE        ] ECHO-15  | SEEK_FOOD (10.0s) -> SEEK_PARTNER  [partner_separated]  h=53 e=99 s=0
[16:35:42.725] [STATS               ]          | pop=5  avg_hunger= 74.4  avg_energy= 65.9  hungry=4  social_events=0  contested_food=5%
[16:35:42.727] [GENERATION_STATS    ]          | max_gen=2  avg_gen=0.6  total_births=4
[16:35:42.728] [ECOLOGY_SNAPSHOT    ]          | bonded_pairs=6  avg_best_bond=23.6  top=[ECHO-03<->ECHO-06:59.9  ECHO-05<->ECHO-06:20.4  ECHO-03<->ECHO-05:16.0]  lineages=[d1b7abb3x1  77d53b52x1]
[16:35:43.657] [STATE_CHANGE        ] ECHO-05  | SEEK_PARTNER (9.5s) -> SEEK_FOOD  [emergency_hunger]  h=80 e=86 s=0  tgt=141px
[16:35:43.658] [EMERGENCY_OVERRIDE  ] ECHO-05  | contesting food at (1049,216)  hunger=80
[16:35:43.659] [TARGET_SWITCH       ] ECHO-05  | (1026,215) -> (1049,216)
[16:35:43.659] [FOOD_CONTEST        ] ECHO-05  | food at (1049,216)
[16:35:43.739] [FOOD_CONTEST        ] ECHO-06  | food at (1049,216)
[16:35:43.757] [EMERGENCY_OVERRIDE  ] ECHO-06  | contesting food at (991,153)  hunger=96
[16:35:43.760] [TARGET_SWITCH       ] ECHO-06  | (1049,216) -> (991,153)
[16:35:44.102] [FOOD_FOUND          ] ECHO-03  | ate at (1001, 154)  total=54
[16:35:44.102] [RIVALRY             ] ECHO-03  | with ECHO-06  | affinity=  59.6 (Δ-0.4)
[16:35:44.117] [STATE_CHANGE        ] ECHO-03  | SEEK_FOOD (6.9s) -> SOCIALIZE  [normal]  h=15 e=36 s=0
[16:35:44.134] [STATE_CHANGE        ] ECHO-15  | SEEK_PARTNER (2.0s) -> WANDER  [normal]  h=60 e=100 s=0  tgt=117px
[16:35:44.533] [SOCIAL              ] ECHO-03  | interacting with ECHO-06  total=6
[16:35:45.307] [FOOD_FOUND          ] ECHO-16  | ate at (764, 455)  total=8
[16:35:45.490] [IDLE_ENTER          ] ECHO-15  | pausing for 3.7s
[16:35:46.141] [STATE_CHANGE        ] ECHO-15  | WANDER (2.0s) -> SEEK_FOOD  [normal]  h=67 e=100 s=0
[16:35:46.545] [FOOD_FOUND          ] ECHO-06  | ate at (1039, 214)  total=45
[16:35:46.545] [RIVALRY             ] ECHO-06  | with ECHO-05  | affinity=  20.2 (Δ-0.4)
[16:35:46.561] [TARGET_SWITCH       ] ECHO-05  | (1049,216) -> (1007,504)
[16:35:46.562] [FOOD_CLAIM          ] ECHO-05  | food at (1007,504)
[16:35:47.658] [MIGRATION_DECISION  ] ECHO-16  | avoided contested zone  chose (943,457)
[16:35:47.658] [FOOD_CLAIM          ] ECHO-16  | food at (943,457)
[16:35:47.741] [STATS               ]          | pop=5  avg_hunger= 65.2  avg_energy= 67.0  hungry=4  social_events=1  contested_food=3%
[16:35:47.741] [GENERATION_STATS    ]          | max_gen=2  avg_gen=0.6  total_births=4
[16:35:47.742] [ECOLOGY_SNAPSHOT    ]          | bonded_pairs=6  avg_best_bond=23.6  top=[ECHO-03<->ECHO-06:60.0  ECHO-05<->ECHO-06:20.3  ECHO-03<->ECHO-05:16.2]  lineages=[d1b7abb3x1  77d53b52x1]
[16:35:49.710] [MIGRATION_DECISION  ] ECHO-05  | avoided contested zone  chose (1007,504)
[16:35:49.859] [EMERGENCY_OVERRIDE  ] ECHO-15  | contesting food at (1007,504)  hunger=81
[16:35:49.860] [FOOD_CONTEST        ] ECHO-15  | food at (1007,504)
[16:35:50.711] [FOOD_CONTEST        ] ECHO-05  | food at (1007,504)
[16:35:50.793] [STATE_CHANGE        ] ECHO-03  | SOCIALIZE (6.7s) -> WANDER  [normal]  h=20 e=58 s=50  tgt=47px
[16:35:52.744] [STATS               ]          | pop=5  avg_hunger= 77.8  avg_energy= 64.2  hungry=4  social_events=0  contested_food=3%
[16:35:52.744] [GENERATION_STATS    ]          | max_gen=2  avg_gen=0.6  total_births=4
[16:35:52.744] [ECOLOGY_SNAPSHOT    ]          | bonded_pairs=6  avg_best_bond=23.6  top=[ECHO-03<->ECHO-06:60.0  ECHO-05<->ECHO-06:20.3  ECHO-03<->ECHO-05:16.3]  lineages=[d1b7abb3x1  77d53b52x1]
[16:35:52.808] [EMERGENCY_OVERRIDE  ] ECHO-15  | contesting food at (1007,504)  hunger=93
[16:35:52.858] [EMERGENCY_OVERRIDE  ] ECHO-05  | contesting food at (943,457)  hunger=100
[16:35:52.859] [TARGET_SWITCH       ] ECHO-05  | (1007,504) -> (943,457)
[16:35:53.724] [FOOD_CONTEST        ] ECHO-16  | food at (943,457)
[16:35:54.039] [EMERGENCY_OVERRIDE  ] ECHO-16  | contesting food at (943,457)  hunger=99
[16:35:54.742] [FOOD_CONTEST        ] ECHO-05  | food at (943,457)
[16:35:55.771] [FOOD_FOUND          ] ECHO-16  | ate at (933, 459)  total=9
[16:35:55.771] [RIVALRY             ] ECHO-16  | with ECHO-05  | affinity=  10.5 (Δ-0.4)
[16:35:55.788] [EMERGENCY_OVERRIDE  ] ECHO-05  | contesting food at (1007,504)  hunger=100
[16:35:55.788] [TARGET_SWITCH       ] ECHO-05  | (943,457) -> (1007,504)
[16:35:55.924] [FOOD_CONTEST        ] ECHO-15  | food at (1007,504)
[16:35:56.689] [FOOD_CLAIM          ] ECHO-06  | food at (1076,73)
[16:35:57.287] [FOOD_FOUND          ] ECHO-15  | ate at (1009, 514)  total=21
[16:35:57.288] [RIVALRY             ] ECHO-15  | with ECHO-05  | affinity=  15.2 (Δ-0.4)
[16:35:57.756] [STATS               ]          | pop=5  avg_hunger= 74.4  avg_energy= 64.0  hungry=4  social_events=0  contested_food=2%
[16:35:57.756] [GENERATION_STATS    ]          | max_gen=2  avg_gen=0.6  total_births=4
[16:35:57.756] [ECOLOGY_SNAPSHOT    ]          | bonded_pairs=6  avg_best_bond=23.7  top=[ECHO-03<->ECHO-06:60.0  ECHO-05<->ECHO-06:20.3  ECHO-03<->ECHO-05:16.2]  lineages=[d1b7abb3x1  77d53b52x1]
[16:35:59.690] [FOOD_CLAIM          ] ECHO-15  | food at (954,148)
[16:36:00.372] [MIGRATION_DECISION  ] ECHO-06  | avoided contested zone  chose (1076,73)
[16:36:00.708] [EMERGENCY_OVERRIDE  ] ECHO-16  | contesting food at (954,148)  hunger=80
[16:36:00.709] [FOOD_CONTEST        ] ECHO-16  | food at (954,148)
[16:36:01.726] [FOOD_CONTEST        ] ECHO-15  | food at (954,148)
[16:36:02.639] [EMERGENCY_OVERRIDE  ] ECHO-15  | contesting food at (954,148)  hunger=84
[16:36:02.639] [MIGRATION_DECISION  ] ECHO-15  | avoided contested zone  chose (954,148)
[16:36:02.757] [STATS               ]          | pop=5  avg_hunger= 84.9  avg_energy= 66.1  hungry=4  social_events=0  contested_food=3%
[16:36:02.758] [GENERATION_STATS    ]          | max_gen=2  avg_gen=0.6  total_births=4
[16:36:02.758] [ECOLOGY_SNAPSHOT    ]          | bonded_pairs=7  avg_best_bond=23.8  top=[ECHO-03<->ECHO-06:60.0  ECHO-05<->ECHO-06:20.3  ECHO-03<->ECHO-05:16.2]  lineages=[d1b7abb3x1  77d53b52x1]
[16:36:02.873] [STATE_CHANGE        ] ECHO-03  | WANDER (12.1s) -> SEEK_FOOD  [normal]  h=55 e=83 s=32
[16:36:03.906] [MIGRATION_DECISION  ] ECHO-16  | avoided contested zone  chose (954,148)
[16:36:04.023] [EMERGENCY_OVERRIDE  ] ECHO-05  | contesting food at (954,148)  hunger=100
[16:36:04.024] [FOOD_CONTEST        ] ECHO-05  | food at (954,148)
[16:36:04.624] [BOND_STRENGTHENED   ] ECHO-16  | with ECHO-15  tier=3  mutual=3.0
[16:36:04.741] [FOOD_CONTEST        ] ECHO-16  | food at (954,148)
[16:36:05.588] [EMERGENCY_OVERRIDE  ] ECHO-15  | contesting food at (954,148)  hunger=95
[16:36:05.589] [MIGRATION_DECISION  ] ECHO-15  | avoided contested zone  chose (954,148)
[16:36:06.704] [FOOD_FOUND          ] ECHO-06  | ate at (1084, 78)  total=46
[16:36:06.755] [FOOD_CONTEST        ] ECHO-15  | food at (954,148)
[16:36:07.092] [EMERGENCY_OVERRIDE  ] ECHO-16  | contesting food at (954,148)  hunger=100
[16:36:07.175] [EMERGENCY_OVERRIDE  ] ECHO-05  | contesting food at (954,148)  hunger=100
[16:36:07.758] [STATS               ]          | pop=5  avg_hunger= 88.0  avg_energy= 61.5  hungry=5  social_events=0  contested_food=2%
[16:36:07.759] [GENERATION_STATS    ]          | max_gen=2  avg_gen=0.6  total_births=4
[16:36:07.759] [ECOLOGY_SNAPSHOT    ]          | bonded_pairs=7  avg_best_bond=23.9  top=[ECHO-03<->ECHO-06:60.0  ECHO-05<->ECHO-06:20.3  ECHO-03<->ECHO-05:16.2]  lineages=[d1b7abb3x1  77d53b52x1]
[16:36:08.043] [FOOD_CONTEST        ] ECHO-05  | food at (954,148)
[16:36:08.109] [NESTING             ] ECHO-06  | with ECHO-03  dist=70px
[16:36:08.530] [EMERGENCY_OVERRIDE  ] ECHO-15  | contesting food at (954,148)  hunger=100
[16:36:08.763] [FOOD_CONTEST        ] ECHO-16  | food at (954,148)
[16:36:09.824] [PAIR_BOND           ] ECHO-16  | with ECHO-15  mutual_affinity=3.5
[16:36:10.290] [EMERGENCY_OVERRIDE  ] ECHO-16  | contesting food at (954,148)  hunger=100
[16:36:10.324] [EMERGENCY_OVERRIDE  ] ECHO-05  | contesting food at (954,148)  hunger=100
[16:36:10.776] [FOOD_CONTEST        ] ECHO-15  | food at (954,148)
[16:36:10.793] [FOOD_FOUND          ] ECHO-15  | ate at (957, 157)  total=22
[16:36:10.794] [RIVALRY             ] ECHO-15  | with ECHO-05  | affinity=  15.3 (Δ-0.4)
[16:36:10.794] [RIVALRY             ] ECHO-15  | with ECHO-16  | affinity=   3.2 (Δ-0.4)
[16:36:12.760] [STATS               ]          | pop=5  avg_hunger= 89.1  avg_energy= 59.1  hungry=5  social_events=0  contested_food=0%
[16:36:12.761] [GENERATION_STATS    ]          | max_gen=2  avg_gen=0.6  total_births=4
[16:36:12.761] [ECOLOGY_SNAPSHOT    ]          | bonded_pairs=7  avg_best_bond=23.9  top=[ECHO-03<->ECHO-06:60.0  ECHO-05<->ECHO-06:20.3  ECHO-03<->ECHO-05:16.2]  lineages=[d1b7abb3x1  77d53b52x1]
[16:36:17.627] [FOOD_CLAIM          ] ECHO-06  | food at (91,155)
[16:36:17.777] [STATS               ]          | pop=5  avg_hunger= 97.7  avg_energy= 54.6  hungry=5  social_events=0  contested_food=2%
[16:36:17.777] [GENERATION_STATS    ]          | max_gen=2  avg_gen=0.6  total_births=4
[16:36:17.777] [ECOLOGY_SNAPSHOT    ]          | bonded_pairs=7  avg_best_bond=24.0  top=[ECHO-03<->ECHO-06:60.0  ECHO-05<->ECHO-06:20.3  ECHO-03<->ECHO-05:16.2]  lineages=[d1b7abb3x1  77d53b52x1]
[16:36:18.672] [BOND_STRENGTHENED   ] ECHO-05  | with ECHO-16  tier=10  mutual=10.0
[16:36:21.655] [DEATH               ] ECHO-03  | cause=starvation | lifespan=614.8s | state=SEEK_FOOD | hunger=100.0 | energy=50.7
--------------------------------------------------------------
  LIFE SUMMARY  –  ECHO-03
  Lifespan            : 614.8s
  Cause of death      : starvation
  Food eaten          : 54
  Distance travelled  : 11313 px
  Social interactions : 6
  Time resting        : 5.0s
  Time socializing    : 79.3s
  Time seeking food   : 203.7s
  Dominant state      : WANDER
  Best bond           : ECHO-06  (affinity=60.0)
  Peak bond (memory)  : 60.0
  Personality         : risk=0.61  lazy=0.41  social=0.49  greed=0.24
  Generation          : 0
  Lineage             : d1b7abb3
  Offspring produced  : 2
--------------------------------------------------------------
[16:36:22.423] [DEATH               ] ECHO-06  | cause=starvation | lifespan=615.6s | state=SEEK_FOOD | hunger=100.0 | energy=23.3
--------------------------------------------------------------
  LIFE SUMMARY  –  ECHO-06
  Lifespan            : 615.6s
  Cause of death      : starvation
  Food eaten          : 46
  Distance travelled  : 8146 px
  Social interactions : 7
  Time resting        : 6.1s
  Time socializing    : 72.5s
  Time seeking food   : 263.5s
  Dominant state      : WANDER
  Best bond           : ECHO-03  (affinity=60.0)
  Peak bond (memory)  : 60.0
  Personality         : risk=0.22  lazy=0.65  social=0.25  greed=0.23
  Generation          : 0
  Lineage             : 603e8f3b
  Offspring produced  : 1
--------------------------------------------------------------
[16:36:22.428] [FOOD_CLAIM_RELEASE  ] ECHO-06  | food at (91,155)
[16:36:22.789] [STATS               ]          | pop=3  avg_hunger=100.0  avg_energy= 47.7  hungry=3  social_events=0  contested_food=0%
[16:36:22.789] [GENERATION_STATS    ]          | max_gen=2  avg_gen=1.0  total_births=4
[16:36:22.790] [ECOLOGY_SNAPSHOT    ]          | bonded_pairs=2  avg_best_bond=9.7  top=[ECHO-05<->ECHO-15:15.6  ECHO-05<->ECHO-16:7.7  ECHO-15<->ECHO-16:3.9]  lineages=[d1b7abb3x1  77d53b52x1]
[16:36:25.759] [DEATH               ] ECHO-16  | cause=starvation | lifespan=132.7s | state=SEEK_FOOD | hunger=100.0 | energy=33.6
--------------------------------------------------------------
  LIFE SUMMARY  –  ECHO-16
  Lifespan            : 132.7s
  Cause of death      : starvation
  Food eaten          : 9
  Distance travelled  : 2113 px
  Social interactions : 2
  Time resting        : 6.2s
  Time socializing    : 19.4s
  Time seeking food   : 83.9s
  Dominant state      : SEEK_FOOD
  Best bond           : ECHO-05  (affinity=12.5)
  Peak bond (memory)  : 12.5
  Personality         : risk=0.54  lazy=0.29  social=0.86  greed=0.32
  Generation          : 2
  Lineage             : 77d53b52
  Offspring produced  : 0
--------------------------------------------------------------
[16:36:25.775] [DEATH               ] ECHO-05  | cause=starvation | lifespan=618.9s | state=SEEK_FOOD | hunger=100.0 | energy=41.2
--------------------------------------------------------------
  LIFE SUMMARY  –  ECHO-05
  Lifespan            : 618.9s
  Cause of death      : starvation
  Food eaten          : 53
  Distance travelled  : 10357 px
  Social interactions : 8
  Time resting        : 8.6s
  Time socializing    : 68.4s
  Time seeking food   : 212.7s
  Dominant state      : WANDER
  Best bond           : ECHO-06  (affinity=42.6)
  Peak bond (memory)  : 42.6
  Personality         : risk=0.58  lazy=0.36  social=0.74  greed=0.42
  Generation          : 0
  Lineage             : 77d53b52
  Offspring produced  : 3
--------------------------------------------------------------
[16:36:26.574] [DEATH               ] ECHO-15  | cause=starvation | lifespan=266.1s | state=SEEK_FOOD | hunger=100.0 | energy=41.1
--------------------------------------------------------------
  LIFE SUMMARY  –  ECHO-15
  Lifespan            : 266.1s
  Cause of death      : starvation
  Food eaten          : 22
  Distance travelled  : 4955 px
  Social interactions : 3
  Time resting        : 2.0s
  Time socializing    : 23.1s
  Time seeking food   : 117.8s
  Dominant state      : WANDER
  Best bond           : ECHO-06  (affinity=24.4)
  Peak bond (memory)  : 24.5
  Personality         : risk=0.71  lazy=0.49  social=0.72  greed=0.46
  Generation          : 1
  Lineage             : d1b7abb3
  Offspring produced  : 1
--------------------------------------------------------------
[16:36:26.579] [LINEAGE_EXTINCT     ] ECHO-15  | lineage=d1b7abb3  last=ECHO-15  gen=1

==============================================================
  SESSION SUMMARY
==============================================================
  Max population         : 12
  Final population       : 0
  Creatures that died    : 16
  Total food consumed    : 227
  Total social events    : 27
  Total births           : 4
  Peak generation        : 2
  Dominant lineage       : none
--------------------------------------------------------------
  Avg lifespan (dead)    : 181.1s
  Longest survivor       : ECHO-05  (618.9s, 53 meals)
  Most social            : ECHO-05  (8 interactions)
  Best forager           : ECHO-03  (54 meals)
  Most travelled         : ECHO-03  (11313 px)
==============================================================
